id,title,category,brand,modelno,price
0,koss eq50 3-band stereo equalizer,headphone accessories,koss,152132,12.65
1,kodak black ink cartridge 10b 1163641,inkjet printer ink,kodak,1163641,10.28
2,kingston 128mx64 pc2700 compaq evo d320 ktc-d320 1g,computers accessories,kingston,ktc-d320 / 1g,33.75
3,kinamax ms-ues2 mini high precision usb 3-button 3d optical scroll wheel mouse with retractable cable black,mice,kinamax,ms-ues2,6.99
4,kensington k72349us wireless mouse for netbooks,mice,kensington,k72349us,24.0
5,kensington blackbelt protection band for ipad 2 k39324us,cases sleeves,kensington,k39324us,23.92
6,just5 j509 easy to use unlocked cell phone with big buttons amplified sound personal emergency response system black,unlocked phones,just5,j509black,64.11
7,imation corp 50pk cdr 700mb 80min 52x-spindle 17301,cd-r discs,imation,17301,10.29
8,16x dvd-r media,dvd-r discs,imation,17340,6.99
9,igo arctic laptop cooling pad ac05065-0001,cleaning repair,igo,ac05065-0001,29.99
10,hp touchpad custom fit case,laptop netbook computer accessories,hp,fb343aa #ac3,25.04
11,hp laserjet pro p1606dn printer ce749a bgj,laser printers,hp,ce749a #bgj,142.99
12,hp 85a laserjet black toner print cartridge - retail packaging ce285a,laser printer toner,hp,ce285a,
13,hp - envelope feeder - 75 sheets,printers,hp,cb524a,267.24
14,hawking hi-gain outdoor wireless-300n dual radio smart repeater,wireless access points,hawking technology,how2r1,270.99
15,griffin technology powerjolt se 2 amp power charger for ipad iphone and ipod black,chargers adapters,griffin technology,gc23090,14.26
16,goldtouch usb numeric keypad hub - keypad - usb - 22 keys - white,access-control keypads,goldtouch,gtc-0033,37.92
17,garmin oregon 450t handheld gps navigator,handheld gps,garmin,010-00697-41,399.86
18,fujitsu scansnap s1500m instant pdf sheet-fed scanner for the macintosh,scanners,fujitsu,pa03586-b105,418.99
19,slim folding multi-position tablet stand for galaxy tab motorola xoom asus eee pad transformer and many other tablets includes micro usb cable,touch screen tablet accessories,accessory genie,,14.99
20,energizer max alkaline batteries,d,energizer,e95fp-8,14.43
21,emerge tech retractable usb cable for ipod white,mp3 player accessories,emerge tech,etipodusb,4.99
22,ematic 10 in 1 premium accessory kit for ipod touch 3rd gen newest model,mp3 player accessories,xo vision,ei026gp,19.99
23,edge sd gaming cards - flash memory card - 1 gb - 130x - sd,computer components,edge,sd gaming cards,9.0
24,edge - memory - 16 gb 2 x 8 gb - dimm 240-pin - ddr2 - 667 mhz pc2-5300 - registered - ecc,audio video accessories,edge,x5290a-z-pe,594.83
25,edge - memory - 4 gb - dimm 240-pin - ddr2 - 667 mhz pc2-5300 - registered - ecc,memory,edge,d1240-211646-pe,119.24
26,dry erase board cleaning wet wipes 6 x 9 50,printer accessories,expo,,
27,d-link dkvm-cb 6 ft kvm cable male to male connectors,networking products,d-link,dkvm-cb,14.82
28,zeikos ze-cbg7d battery power grip for canon 7d camera,digital camera accessories,zeikos,ze-cbg7d,66.44
29,wintv-hvr-1850 pcie for vista white box pcie atsc hd,computers accessories,hauppauge,1129,91.24
30,western digital my book essential 1 tb usb 3.0 2.0 desktop external hard drive,external hard drives,western digital,wdbacw0010hbk-nesn,79.99
31,verbatim 25pk cd-rw 74min 650mb 16x-24x 94583,,verbatim,94583,17.88
32,verbatim 95145 4.7 gb up to16x white inkjet printable recordable disc dvd r 100 disc spindle,blank media,verbatim,95145,34.98
33,trendnet usb to 10 100mbps adapter tu2-et100,computer cable adapters,trendnet,tu2-et100,17.84
34,tp-link nt tl-ant2412d 2.4 g 12dbi,networking products,tp-link,tl-ant2412d,39.75
35,teknmotion tm-rcd48ws1 48-disc wallet round black white star,plug play satellite radios,teknmotion,,13.0
36,targus amu59us kaleidoscope optical mouse,computers accessories,targus,amu59us,9.99
37,talkabout mc220r two way radio,microphones accessories,motorola,,34.74
38,syba sd-u1irda-nm usb fast infra-red adapter,usb network adapters,syba,sd-u1irda-nm,11.7
39,sunpak flexpod digital slr tripod gray,complete tripod units,sunpak,620-flexprogr,12.95
40,startech.com compact black usb 2.0 to gigabit ethernet nic network adapter usb21000s,network cards,startech,usb21000s,35.23
41,solo sterling collection ipad or e-reader or netbook sleeve holds tablet device up to 10.2 inch netbook black cla110-4,bags cases,solo,cla110-4,14.99
42,sirius connect sch1 home tuner,,sirius satellite radio,sch1,53.99
43,sima usb multi cable sup-100,usb cables,sima,sup-100,25.91
44,parallel printer port,,siig,ju-000051-s1,18.99
45,siig ic-510111-s1 dp soundwave 5.1 channels sound board - tremor 16xx series audio codec processor - pci express - 20 bit - internal,internal sound cards,siig,ic-510111-s1,39.82
46,sheaffer 93129 - gift collection 300 series ballpoint pen and pencil set black barrel,laminating supplies,sheaffer,,
47,scosche loc80 2-channel adjustable lineout converter,dash mounting kits,scosche,loc80,
48,rca th1702 2gb thumbdrive style mp3 player,mp3 players,audiovox,th1702,
49,quality park cd dvd envelopes white pack of 100 62903,media storage organization,quality park,62903,10.89
50,pny verto geforce 8500gt 512mb video card,computers accessories,pny,vcg85512gxpb,
51,pioneer deh-p5200hd cd receiver with hd radio and ipod direct control,accessories supplies,pioneer,deh-p5200hd,134.95
52,philips sdv2210 27 hdtv uhf vhf fm indoor tv antenna,,philips,sdv2210/27,13.0
53,peerless st630 tilt wall mount for 10 to 24 displays black,computer monitor mounts,peerless,st630,22.99
54,peerless pm47 vcr bracket black,,peerless,pm47,15.68
55,pacon 54611 - six-ply poster board 28 x 22 white 25 carton,,pacon,,
56,optoma bl-fu220b - projector lamp,lamps,optoma,bl-fu220b,
57,nuance pdf converter professional v6,computers accessories,nuance,,55.99
58,nikon coolpix s1100pj 14 mp digital camera with 5x wide angle optical vibration reduction vr zoom and 3-inch lcd and built-in projector violet,point shoot digital cameras,nikon,s1100pj violet,
59,nikon 35mm f 1.4 g af-s fx swm nikkor lens for nikon digital slr cameras,camera lenses,nikon,af-s 35mm,
60,nextware jellybean case for ipod touch 4g blue,cases,nextware,jellybee-bl,18.54
61,lg 50pj350 50-inch 720p plasma hdtv,tvs,lg,50pj350,
62,lapgear 46017 chill case 17,cables interconnects,lapgear,,
63,kodak mini video camera with sd card red,camcorders,kodak,8398513,62.5
64,inland proht eva 7-inch tablet case 02252,cases sleeves,inland,02252,10.88
65,hp ed495aa 90 watt smart ac adapter,chargers adapters,hp,ed495aa #aba,18.99
66,garmin dezl 560lmt 5-inch widescreen bluetooth portable trucking gps navigator with lifetime map traffic updates,portable vehicle gps,garmin,010-00897-01,440.0
67,garmin n vi 1350 series 4.3-inch widescreen portable gps navigator,portable vehicle gps,garmin,010-00782-20,132.57
68,dymo d1 tape cartridge for electronic label makers 1 2w blue on clear,labeling tapes,dymo,,19.21
69,digital camera neck and wrist strap combo,,quantaray,22-204-5338,8.99
70,crystal clear - htc mytouch 4g tpu protector t-mobile,covers skins,avant products,,
71,canon photo paper plus semi-gloss 13 x 19 inches 20 sheets 1686b031,photo paper,canon,1686b031,24.49
72,brother lc01c - print cartridge - 1 x cyan - 300 pages,inkjet printer ink,brother,01c,9.99
73,boss audio sk422 phantom speaker,coaxial speakers,boss,sk422,20.0
74,avery self-adhesive laminating sheets 9 x 12 inches box of 50 73601,laminating supplies,avery,73601,16.8
75,acer as5750-9851 15.6-inch laptop mesh black,laptops,acer,as5750-9851,699.0
76,wintec filemate 4gb swivel usb 2.0 flash drive,computer accessories,wintec,,9.99
77,royal laminator pl2100,laminators,royal,pl2100 laminator,30.99
78,record account book black red cover 144 pages,printer accessories,boorum pease,,
79,clear front back body protector shield guard with cleaning cloth for apple iphone 4 4g 16gb 32gb 4th generation,screen protector foils,ccm,81906-a,0.75
80,polaroid zink media 80 pack photo paper for polaroid pogo cameras and printers,photo paper,polaroid,aza-08011b,19.4
81,pyle plmrw65 6.5-inch 200 watt two-way white wake board speakers,coaxial speakers,pyle,plmrw65,94.34
82,pioneer ts-g4641r 4-inch x 6-inch 2-way speakers,coaxial speakers,pioneer,ts-g4641r,31.99
83,philips 40pfl7505d f7 40-inch 1080p 120 hz led lcd hdtv black,tvs,philips,40pfl7505d/f7,628.95
84,peerless sf680s universal fixed low-profile wall mount for 61 to 102 displays silver,audio video accessories,peerless,sf680-s,
85,s j paper 3in expansion file pockets straight cut mla redrope lgl red 50 box,,s j paper,,65.97
86,new-ampad 45289r - pastel steno book gregg rule 6 x 9 dusty rose 80 sheets 4 pack - amp45289r,storage presentation materials,ampad,,24.0
87,msi radeon hd 5450 1024 mb ddr3 pci-express 2.0 graphics card md1g,computers accessories,msi,r5450-md1g,83.56
88,mini printer server with 1 usb 2.0 port,print servers,cp technology,fps-1032,28.47
89,maxell cd-r 700 design series ii 48x 30-spindle,,maxell,648261,11.96
90,maxell watch battery button cell lr41 ag3 192 pack of 10 batteries,coin button cell,maxell,lr41,2.15
91,lorex edge lh324501c4 4-channel video security dvr with internet 3g mobile viewing and 4 security cameras black,digital security recorders,lorex,lh324501c4,429.3
92,da-lite pixmate pm6-48e - cart for tv - black powder coat - screen size up to 29,accessories supplies,da-lite,pm6-48e,
93,brother tn-115c high yield cyan toner cartridge compatible with brother hl-4040cn hl-4070cdw series,laser printer toner,brother,tn-115c,89.45
94,brother dk-1202 paper shipping label roll,shipping labels,brother,dk-1202,16.26
95,the board dudes 18020ua1 - combination magnetic dry erase foam board 36 x 24 gray,office electronics,the board dudes,,
96,belkin usb wireless mobile mouse plum berry,mice,belkin,f5l017-usb-pbp,5.99
97,belkin 7ft rj11m rj11m 100mbps snagless hi-speed internet modem snagless cable ice,modem cables,belkin,f3l900-07-ice-s,7.98
98,b230-m voyager pro uc v2 moc bt 38884-01,computers accessories,plantronics,b230-m,124.99
99,avery cd labels - 100 disc labels 200 spine labels 8691,printer labels laser inkjet,avery,8691,27.54
