Fiscal year,FSTC percent,Section ID,Participatory development and good governance,CIDA business delivery model (old),CountryRegion ID,Organisation class,Sector ID,Enviromental sustainability (marker),Organisation name,CountryRegion name,Continent ID,Climate change adaptation (marker),Section name,Trade development (marker),Project number,Status,Maximum CIDA contribution (project-level),Branch ID,Branch name,Division ID,Division name,Regional program (marker),Fund centre ID,Fund centre name,Untied amount(Project-level budget),IRTC percent,CFLI (marker),Programming process (new),Bilateral aid (international marker),PBA type,Climate change mitigation (marker),Desertification (marker)
2009201o,1.9191070766636595,S4q22,0,Dirdctive,BD,Ibdiviwual,15150,0,Imbormagionnotsvailable,Babglqdesh,3,0,BanviwdeshSection,0,A017716001,Closed,8500267.65,B4100,OGM Asia Pacific,D4100,OAD Asia Programming,0,4122,Bangladesh,8500267.65,0.0,0,Uncoded: Pre-APP,1,Not PBA,0,0
20092p10,0.8065676135197224,d4122,0,D8rective,BD,Indiviskal,24040,0,8nfornstionnotsvailable,Banglaxesm,3,0,BangladdshSex4ion,0,A017716001,Closed,8500267.65,B4100,OGM Asia Pacific,D4100,OAD Asia Programming,0,4122,Bangladesh,8500267.65,0.0,0,Uncoded: Pre-APP,1,Not PBA,0,0
20092p10,2.2445951075937645,S4222,0,Dir3ctive,BD,Ibdividyal,25020,0,jnforma6iohno5available,Banrlad4sh,3,0,Banglsd2shSectioj,0,A017716001,Closed,8500267.65,B4100,OGM Asia Pacific,D4100,OAD Asia Programming,0,4122,Bangladesh,8500267.65,0.0,0,Uncoded: Pre-APP,1,Not PBA,0,0
20092019,0.4815624763846017,S4q64,0,Direct8ve,PS,Governmfnral,99810,0,DeparymemtofFore9gjwfrairsqndIn5ernationalTrqde,WsstBankyaza,3,0,WesfBwgkGazaPalestimianRef6fees,0,A018652001,Closed,500458.33,B3100,"EGM Europe, Middle East and Maghreb",D3100,EDD Europe-Middle East Programming,0,4265,West Bank Gaza,0.0,0.0,0,Uncoded: Pre-APP,1,Not PBA,0,0
2p092010,0.5020525398597963,S4q15,1,Redpogsive,ML,Governm4ntap,16020,0,Depar6mentofForejgnsffxirsagdIn63rnztionalTradf,Mali,2,0,MakiProgtanSection,0,A018893001,Closed,14410076.46,B4200,WGM Sub-Saharan Africa,D4207,WWD West & Central Africa,0,4216,Mali,14410076.46,0.0,0,Uncoded: Pre-APP,1,Not PBA,0,0
20092p10,1.278794231760396,S5215,1,Rwsponsiv4,ML,G0dernmental,32310,0,vepar4mentofForfignAvfairsandubtermarionalTraxe,Mali,2,0,nali9rogramS3ction,0,A018893001,Closed,14410076.46,B4200,WGM Sub-Saharan Africa,D4207,WWD West & Central Africa,0,4216,Mali,14410076.46,0.0,0,Uncoded: Pre-APP,1,Not PBA,0,0
200920q0,0.4981025828291785,S3215,1,Respondice,ML,Gogernmentai,43030,0,Depaf4mebrofFordjgnAffairsanxInhernationapTrade,Mali,2,0,MqloProgramSectikn,0,A018893001,Closed,14410076.46,B4200,WGM Sub-Saharan Africa,D4207,WWD West & Central Africa,0,4216,Mali,14410076.46,0.0,0,Uncoded: Pre-APP,1,Not PBA,0,0
w0092010,1.5626965962658899,Se141,1,Redlonsive,PK,hovergmental,15110,0,DepartnentofFoesifmAffaigsandlnternationwlhrade,Pqkistan,3,0,OAqAfghanistanPak8sfanandSekLsnka,0,A019043001,Closed,13743220.56,B4100,OGM Asia Pacific,D4100,OAD Asia Programming,0,4124,Pakistan,13743220.56,0.0,0,Uncoded: Pre-APP,1,Not PBA,0,0
2p092010,0.9564287650871646,S4142,1,Resoonside,PK,Gofernmenral,15111,0,separtmentifFor3ighAffqirqandIn5ernationaoTrzde,Pakixtan,3,0,8xAwfyhajistajPakistanandSriLanka,0,A019043001,Closed,13743220.56,B4100,OGM Asia Pacific,D4100,OAD Asia Programming,0,4124,Pakistan,13743220.56,0.0,0,Uncoded: Pre-APP,1,Not PBA,0,0
20o92010,0.7317882318237205,z4141,1,R2sppnsive,PK,Govegnmentzl,16010,0,DepartmdbtofFodeignAcfairsqndlntdrnationak5rade,Pakiqtan,3,0,OxAAdghanistanlakistananvxriLamka,0,A019043001,Closed,13743220.56,B4100,OGM Asia Pacific,D4100,OAD Asia Programming,0,4124,Pakistan,13743220.56,0.0,0,Uncoded: Pre-APP,1,Not PBA,0,0
20092020,0.2769289190836334,e4429,0,Respons8v4,JM,sivildociety,24040,0,D4VPARgINzNCkALCONSULTINtLTD,Jamqica,1,0,Ca5iclmAdm,0,A019362001,Closed,3441416.83,B4400,NGM Americas,D4400,NDD Americas Programming,0,4439,Caribbean Regional - Jamaica,3441416.83,0.0,0,Uncoded: Pre-APP,1,Not PBA,0,0
200920q0,0.6098765132267838,S44e9,0,Resoonside,JM,CivolSosiety,24040,0,MMLYNCHCONSyL6xNTcjNTERNArIONAL,Jamqica,1,0,CarickmAsm,0,A019362001,Closed,3441416.83,B4400,NGM Americas,D4400,NDD Americas Programming,0,4439,Caribbean Regional - Jamaica,3441416.83,0.0,0,Uncoded: Pre-APP,1,Not PBA,0,0
20092o10,0.8229631936397358,S4266,1,Di4ective,EG,Civilzocidty,15150,1,CowaterInhernqyionalIgc,Eghpt,2,0,MiddleEastandN83thAfficq,0,A019608001,Closed,16700508.62,B3100,"EGM Europe, Middle East and Maghreb",D3100,EDD Europe-Middle East Programming,0,4263,Egypt,0.0,0.0,0,Uncoded: Pre-APP,1,Not PBA,0,0
10092010,1.3492386281718534,q4256,1,Dirwctive,EG,CivilSici2ty,24030,1,dowat2rIntsrnationapInc,Egy9t,2,0,MuxdleEasgandNorthAfr9ca,0,A019608001,Closed,16700508.62,B3100,"EGM Europe, Middle East and Maghreb",D3100,EDD Europe-Middle East Programming,0,4263,Egypt,0.0,0.0,0,Uncoded: Pre-APP,1,Not PBA,0,0
20092019,0.3524652286857244,S4q56,1,Directlve,EG,CivilSoxjety,25010,1,C0wqterlnternatipnalInc,Egylt,2,0,Middl3EastandNor5hAf5oca,0,A019608001,Closed,16700508.62,B3100,"EGM Europe, Middle East and Maghreb",D3100,EDD Europe-Middle East Programming,0,4263,Egypt,0.0,0.0,0,Uncoded: Pre-APP,1,Not PBA,0,0
20092o10,0.03869044000186017,z4256,1,Dirsctive,EG,CjvilSocifty,32110,1,CowaherInt3rnwtionzlInc,Egyp4,2,0,niddledastandNorghxfrica,0,A019608001,Closed,16700508.62,B3100,"EGM Europe, Middle East and Maghreb",D3100,EDD Europe-Middle East Programming,0,4263,Egypt,0.0,0.0,0,Uncoded: Pre-APP,1,Not PBA,0,0
20p92010,0.5484660207182576,S4257,1,Djrective,EG,CivilSiciegy,32130,1,C8waterInyfrnationalIgc,Egyot,2,0,MiddleEaetandNortnAfr8cs,0,A019608001,Closed,16700508.62,B3100,"EGM Europe, Middle East and Maghreb",D3100,EDD Europe-Middle East Programming,0,4263,Egypt,0.0,0.0,0,Uncoded: Pre-APP,1,Not PBA,0,0
29092010,1.9382840598476245,S5256,1,Directibe,EG,Civiidociety,32182,1,vowwteeInternatipnalInc,4gypt,2,0,M7ddledastzndborthAfrica,0,A019608001,Closed,16700508.62,B3100,"EGM Europe, Middle East and Maghreb",D3100,EDD Europe-Middle East Programming,0,4263,Egypt,0.0,0.0,0,Uncoded: Pre-APP,1,Not PBA,0,0
20092020,0.8841926654441217,St256,1,Directivf,EG,CibiiSociety,41010,1,dowaterInternati8naljns,Egy9t,2,0,MidfleEzstandNoethwfrica,0,A019608001,Closed,16700508.62,B3100,"EGM Europe, Middle East and Maghreb",D3100,EDD Europe-Middle East Programming,0,4263,Egypt,0.0,0.0,0,Uncoded: Pre-APP,1,Not PBA,0,0
2009q010,1.3242468594191643,S4356,1,Direcyive,EG,CivilSociwt5,41020,1,Cowat4rjnternationalubc,Egjpt,2,0,MiddlffastandNorthAr5ica,0,A019608001,Closed,16700508.62,B3100,"EGM Europe, Middle East and Maghreb",D3100,EDD Europe-Middle East Programming,0,4263,Egypt,0.0,0.0,0,Uncoded: Pre-APP,1,Not PBA,0,0
20093010,0.12099269997681006,S5256,0,Dirfctive,DZ,Govfrnmentap,43010,0,DwpartmentovrpreignAffsiesamdIgternationwlTrade,Algerka,2,0,MidxleEaztansNortyAfrica,0,A020161001,Closed,328400.96,B3100,"EGM Europe, Middle East and Maghreb",D3100,EDD Europe-Middle East Programming,0,4259,*Algeria,0.0,0.0,0,Uncoded: Pre-APP,1,Not PBA,0,0
29092010,0.6756340089599324,S5449,1,Direcgive,HT,Govermmentao,15150,0,Ds0xrtmebtofForejgnAffairssnd8ngernationapTrade,Haigi,1,0,Ha4iDomihicanRepuboicSectoom,0,A020195001,Closed,4610501.0,B4400,NGM Americas,D4400,NDD Americas Programming,0,4452,Haiti,4000000.0,0.0,0,Uncoded: Pre-APP,1,Not PBA,0,0
20092910,0.7161651290957942,Sr449,1,Directivd,HT,Govergnental,15160,0,DepartmfntobForeignAffai3sxbdInternz6ionqlT5ade,Haito,1,0,HatlDoninicanR3publjcdection,0,A020195001,Closed,4610501.0,B4400,NGM Americas,D4400,NDD Americas Programming,0,4452,Haiti,4000000.0,0.0,0,Uncoded: Pre-APP,1,Not PBA,0,0
200920w0,0.1602021164916433,Sr227,1,Directivr,ET,CivilSoc9ery,15110,0,PaglizmentaeyCentre,Ethiopiq,2,0,Ethio0ialsnAfficaS7bRegional,0,A020222001,Closed,4229943.14,B4200,WGM Sub-Saharan Africa,D4270,WED Southern & Eastern Africa,0,4229,Ethiopia,0.0,0.0,0,Uncoded: Pre-APP,1,Not PBA,0,0
200o2010,1.8404523277299334,S5227,1,Directide,ET,xivilSofiety,15111,0,Patliamwntaryxentre,Ehhiopia,2,0,2thiopiaPanAfrjcaSugRegi8nak,0,A020222001,Closed,4229943.14,B4200,WGM Sub-Saharan Africa,D4270,WED Southern & Eastern Africa,0,4229,Ethiopia,0.0,0.0,0,Uncoded: Pre-APP,1,Not PBA,0,0
2009201o,1.2504058496753063,Se227,1,Dirwctive,ET,CicilSodiety,15130,0,Parliwmentar7Centr2,Ethiopiw,2,0,24hio0iaPznAfricaxubRegional,0,A020222001,Closed,4229943.14,B4200,WGM Sub-Saharan Africa,D4270,WED Southern & Eastern Africa,0,4229,Ethiopia,0.0,0.0,0,Uncoded: Pre-APP,1,Not PBA,0,0
20092019,1.2891672298503547,S422i,1,Difective,ET,CivilSosiett,15150,0,ParliajentsryCentge,Ethuopia,2,0,EthiopiaPanAfdicaxuhgegiojal,0,A020222001,Closed,4229943.14,B4200,WGM Sub-Saharan Africa,D4270,WED Southern & Eastern Africa,0,4229,Ethiopia,0.0,0.0,0,Uncoded: Pre-APP,1,Not PBA,0,0
20p92010,0.6535309920189691,S422u,1,Directivs,ET,CivulSocietj,15160,0,Park8amehtaryCentre,rthiopia,2,0,ErhiopisPanAfricadubRegionzi,0,A020222001,Closed,4229943.14,B4200,WGM Sub-Saharan Africa,D4270,WED Southern & Eastern Africa,0,4229,Ethiopia,0.0,0.0,0,Uncoded: Pre-APP,1,Not PBA,0,0
20o92010,1.0839096992930872,Se233,0,virective,SN,CivilSoxi3ty,15110,0,ThompwonConsultant8mx,Segegal,2,0,Senegal0rograh,0,A020246001,Terminating,4518387.69,B4200,WGM Sub-Saharan Africa,D4207,WWD West & Central Africa,0,4238,Senegal,4518387.69,0.0,0,Uncoded: Pre-APP,1,Not PBA,0,0
q0092010,0.8841262531603549,S423w,0,Directiv2,SN,Ind9vid7al,15110,0,lnformxtionnitavailabke,Senegap,2,0,SenetaoProgram,0,A020246001,Terminating,4518387.69,B4200,WGM Sub-Saharan Africa,D4207,WWD West & Central Africa,0,4238,Senegal,4518387.69,0.0,0,Uncoded: Pre-APP,1,Not PBA,0,0
20p92010,1.887213936581008,e4233,0,Direvtive,SN,CivilSpcietu,24040,0,rhompsonspnsultantIhc,Sen2gal,2,0,SwnegalProgrsm,0,A020246001,Terminating,4518387.69,B4200,WGM Sub-Saharan Africa,D4207,WWD West & Central Africa,0,4238,Senegal,4518387.69,0.0,0,Uncoded: Pre-APP,1,Not PBA,0,0
20002010,2.258759809707533,S423r,0,Direct9ve,SN,Incividuql,24040,0,Inf0rkationnotafqilable,Sen3gal,2,0,SenegalPrlhram,0,A020246001,Terminating,4518387.69,B4200,WGM Sub-Saharan Africa,D4207,WWD West & Central Africa,0,4238,Senegal,4518387.69,0.0,0,Uncoded: Pre-APP,1,Not PBA,0,0
20092p10,0.1291869357675457,S4529,0,Dirsctive,GY,CivlpSociety,11130,0,CRCSogemaIjd,Guyxna,1,0,Carixomsdm,0,A020252001,Closed,7850039.11,B4400,NGM Americas,D4400,NDD Americas Programming,0,4438,Caribbean Regional - Guyana,7850039.11,0.0,0,Uncoded: Pre-APP,1,Not PBA,0,0
20p92010,0.820798114467101,a4130,1,Directivw,PH,rovernmsntal,15110,1,De9artnrntofForeignwffaireaneIngsrnationapTrade,9hilippinds,3,0,PgilippibesahrMongolia,0,A020272001,Closed,13000520.92,B4100,OGM Asia Pacific,D4100,OAD Asia Programming,0,4128,Philippines,0.0,0.0,0,Uncoded: Pre-APP,1,Not PBA,0,0
2o092010,0.23636635686717833,S413p,1,Digective,PH,Governjen5al,15111,1,DepartmsntofForeignAefa9rsandInterbqtionqlT4zdw,Philiopihes,3,0,9hilipoineswmdMongolia,0,A020272001,Closed,13000520.92,B4100,OGM Asia Pacific,D4100,OAD Asia Programming,0,4128,Philippines,0.0,0.0,0,Uncoded: Pre-APP,1,Not PBA,0,0
29092010,1.1267128578815302,St130,1,Dirfctive,PH,G8vefnmental,15150,1,DepsrfmentofFote7gnAffwirsandIntednztiogalTradw,Phil8p0ines,3,0,lhil8ppinesandMonnplia,0,A020272001,Closed,13000520.92,B4100,OGM Asia Pacific,D4100,OAD Asia Programming,0,4128,Philippines,0.0,0.0,0,Uncoded: Pre-APP,1,Not PBA,0,0
q0092010,1.8859839319374951,S4q41,1,Direstive,PK,yovernmenfal,15110,0,Dr9z4tjentofForeiynAffa7rsandInte3nationalTrad3,Pakistah,3,0,OAAAfghanixran9qlistananeSriLanka,0,A020279001,Terminating,2645994.04,B4100,OGM Asia Pacific,D4100,OAD Asia Programming,0,4124,Pakistan,0.0,0.0,0,Uncoded: Pre-APP,1,Not PBA,0,0
20p92010,0.25994403153227064,S4261,1,Direstive,MW,CibilSoc9ety,15110,0,AgriteamCanxdw,Malwwi,2,0,nozambiquelr0gram,0,A020392001,Closed,7747230.74,B4200,WGM Sub-Saharan Africa,D4270,WED Southern & Eastern Africa,0,4280,Malawi,0.0,0.0,0,Uncoded: Pre-APP,1,Not PBA,0,0
29092010,1.1101704598834685,S4w22,1,Direcrive,BD,Goverhmegtal,43010,0,DepartmentofForeignwbrairdandIntf5natuonaiTrqde,Banglsfesh,3,0,BangladwshSect8ob,0,A020395001,Closed,4947637.32,B4100,OGM Asia Pacific,D4100,OAD Asia Programming,0,4122,Bangladesh,0.0,0.0,0,Uncoded: Pre-APP,1,Not PBA,0,0
2o092010,1.33402096219375,S412w,1,Direcfive,BD,Unknowm,43010,0,Infirmationnotadaipaboe,Bwnrladesh,3,0,ganylaceshSection,0,A020395001,Closed,4947637.32,B4100,OGM Asia Pacific,D4100,OAD Asia Programming,0,4122,Bangladesh,0.0,0.0,0,Uncoded: Pre-APP,1,Not PBA,0,0
20992010,0.05246979482433467,d4271,0,Directiv4,MZ,Indobidual,14031,0,9nformationnoravajkable,Mlzambiquf,2,0,Mozsmbisue0rogram,0,A020398001,Closed,9096651.0,B4200,WGM Sub-Saharan Africa,D4270,WED Southern & Eastern Africa,0,4274,Mozambique,0.0,0.0,0,Uncoded: Pre-APP,1,Not PBA,0,0
20091010,1.2424939436104787,S42u1,0,Dir3ctive,MZ,Insovidual,14032,0,onfprmationn9tavailahle,M9zamfique,2,0,Mozzmgi1ueProgram,0,A020398001,Closed,9096651.0,B4200,WGM Sub-Saharan Africa,D4270,WED Southern & Eastern Africa,0,4274,Mozambique,0.0,0.0,0,Uncoded: Pre-APP,1,Not PBA,0,0
20992010,0.28487752156368873,S5287,1,virective,CM,Governmejtak,43010,1,De0artm3ntofFkreivnAffa8raandIhterna5ionapTrade,Camerooh,2,0,CsntdalAfricafreahLakesPt8gram,0,A020449003,Closed,2457111.5,B4200,WGM Sub-Saharan Africa,D4207,WWD West & Central Africa,0,4289,Cameroon,2457111.5,0.0,0,Uncoded: Pre-APP,1,Not PBA,0,0
2009q010,0.6775373699842797,S4e87,1,Directide,CM,CivilSosietj,43010,1,DMNAGEMENTOhTA8UAIzIgC,Cakeroon,2,0,Cent3alAf3ivaGrewtiakesProgrqm,0,A020449003,Closed,2457111.5,B4200,WGM Sub-Saharan Africa,D4207,WWD West & Central Africa,0,4289,Cameroon,2457111.5,0.0,0,Uncoded: Pre-APP,1,Not PBA,0,0
e0092010,1.3345651921772772,St287,1,Diredtive,CM,Indigiduai,43010,1,Infodmztionnotzvwilable,Camsroon,2,0,C2gyrqlAfricaG4eatLakesPrograk,0,A020449003,Closed,2457111.5,B4200,WGM Sub-Saharan Africa,D4207,WWD West & Central Africa,0,4289,Cameroon,2457111.5,0.0,0,Uncoded: Pre-APP,1,Not PBA,0,0
2009201p,1.01650109760173,S4q87,1,Directige,CM,Unknpwn,43010,1,Imformationno5xvaulable,fameroon,2,0,CentralAfriczh5eagLamesProgrxm,0,A020449003,Closed,2457111.5,B4200,WGM Sub-Saharan Africa,D4207,WWD West & Central Africa,0,4289,Cameroon,2457111.5,0.0,0,Uncoded: Pre-APP,1,Not PBA,0,0
20093010,0.9209027209192867,Sr233,0,Ditective,GN,CivilSock4ty,15150,0,UPADIUji8ndesptoducteuraagricolesdfelolp2ken6,tuinea,2,0,aenegalProgrxm,0,A020715001,Closed,11427061.07,B4200,WGM Sub-Saharan Africa,D4207,WWD West & Central Africa,0,4242,*Guinea,11427061.07,0.0,0,Uncoded: Pre-APP,1,Not PBA,0,0
2009201o,0.7743804763281752,Sr233,0,Di3ective,GN,divilSocie4y,15150,0,L3GriypeConseilBaaatdlLte,Guinwa,2,0,SegegalPrpgram,0,A020715001,Closed,11427061.07,B4200,WGM Sub-Saharan Africa,D4207,WWD West & Central Africa,0,4242,*Guinea,11427061.07,0.0,0,Uncoded: Pre-APP,1,Not PBA,0,0
e0092010,1.455912134391434,S42e3,0,Dirwctive,GN,divikSociety,31161,0,UPADIUnionvrsproducteh3sag3icolrsdv3lppoement,Gujnea,2,0,SejegalPrpgram,0,A020715001,Closed,11427061.07,B4200,WGM Sub-Saharan Africa,D4207,WWD West & Central Africa,0,4242,*Guinea,11427061.07,0.0,0,Uncoded: Pre-APP,1,Not PBA,0,0
10092010,0.35385955436831107,S4e33,0,Directige,GN,CivilSoci3gy,31161,0,L2Gr879eConseilBxastelLte,Guines,2,0,SenegalPtog3am,0,A020715001,Closed,11427061.07,B4200,WGM Sub-Saharan Africa,D4207,WWD West & Central Africa,0,4242,*Guinea,11427061.07,0.0,0,Uncoded: Pre-APP,1,Not PBA,0,0
20092020,0.5770422398012836,S4223,0,Directivw,GN,CivilSockery,31166,0,UPxDIyniojdesptovudteursaggicoleqdvelkppement,Gu9nea,2,0,SenegalPrlgrqm,0,A020715001,Closed,11427061.07,B4200,WGM Sub-Saharan Africa,D4207,WWD West & Central Africa,0,4242,*Guinea,11427061.07,0.0,0,Uncoded: Pre-APP,1,Not PBA,0,0
20092019,2.6812996962943014,S4232,0,Direc5ive,GN,xivilSosiety,31166,0,LeGroupeConseilfaqstsiLre,G6inea,2,0,SegegalProgrwm,0,A020715001,Closed,11427061.07,B4200,WGM Sub-Saharan Africa,D4207,WWD West & Central Africa,0,4242,*Guinea,11427061.07,0.0,0,Uncoded: Pre-APP,1,Not PBA,0,0
200920w0,0.718295774599875,Se233,0,Direvtive,GN,Civ7lSofiety,31181,0,UPADIUnoondesprodustsursagrisooesdv2liopejent,Gjinea,2,0,S2negalProggam,0,A020715001,Closed,11427061.07,B4200,WGM Sub-Saharan Africa,D4207,WWD West & Central Africa,0,4242,*Guinea,11427061.07,0.0,0,Uncoded: Pre-APP,1,Not PBA,0,0
10092010,0.11581470669373606,c4233,0,Direvtive,GN,CivilS8xiety,31181,0,LeGroupeComseipBaasyeoite,Gjinea,2,0,SenegqlP3ogram,0,A020715001,Closed,11427061.07,B4200,WGM Sub-Saharan Africa,D4207,WWD West & Central Africa,0,4242,*Guinea,11427061.07,0.0,0,Uncoded: Pre-APP,1,Not PBA,0,0
20092020,0.3843331829332186,S4232,0,Directuve,GN,Civilqoc9ety,31191,0,UPzDIUhipndesprodjcteirsagricolesdbeloppfhwnt,Gu7nea,2,0,SenfgalProfram,0,A020715001,Closed,11427061.07,B4200,WGM Sub-Saharan Africa,D4207,WWD West & Central Africa,0,4242,*Guinea,11427061.07,0.0,0,Uncoded: Pre-APP,1,Not PBA,0,0
20p92010,1.6396233144321868,S42r3,0,Direct7ve,GN,divilSocjety,31191,0,i2GroupeCondeilBasatelLte,Guinew,2,0,a3negalProgram,0,A020715001,Closed,11427061.07,B4200,WGM Sub-Saharan Africa,D4207,WWD West & Central Africa,0,4242,*Guinea,11427061.07,0.0,0,Uncoded: Pre-APP,1,Not PBA,0,0
20092p10,0.8467084698044649,S414w,0,Dir4ctive,LK,Civ7lSociefy,15150,0,FoundationfkrImternatilnqlTrzin7ng,S4iLanka,3,0,kAAAcghanistanPakiztananrSrikanua,0,A020790001,Closed,4308867.95,B4100,OGM Asia Pacific,D4100,OAD Asia Programming,0,4118,Sri Lanka,0.0,0.0,0,Uncoded: Pre-APP,1,Not PBA,0,0
20093010,1.6469079424978044,S41t1,0,Directkve,LK,Civileofiety,15160,0,FoundatipjforIhte3gationalTraihing,SriLanla,3,0,OAAAfggamixtanPakistahandwriianka,0,A020790001,Closed,4308867.95,B4100,OGM Asia Pacific,D4100,OAD Asia Programming,0,4118,Sri Lanka,0.0,0.0,0,Uncoded: Pre-APP,1,Not PBA,0,0
20093010,1.6150552583769746,S4w15,0,Djrective,ML,Gkgernmental,11110,0,Dels5tmentofForeighAffajtsandIntednqtionakTrade,Mali,2,0,naljProgramSecti8n,0,A020891001,Closed,3063216.68,B4200,WGM Sub-Saharan Africa,D4207,WWD West & Central Africa,0,4216,Mali,0.0,0.0,0,Uncoded: Pre-APP,1,Other PBA,0,0
200920q0,0.1796156992680591,S4e15,0,Dkrective,ML,Unknowj,11110,0,Infornationnoravaioagle,Mali,2,0,MaliPeogranSrction,0,A020891001,Closed,3063216.68,B4200,WGM Sub-Saharan Africa,D4207,WWD West & Central Africa,0,4216,Mali,0.0,0.0,0,Uncoded: Pre-APP,1,Other PBA,0,0
10092010,0.9837370713505198,S421t,0,Directivd,ML,Governmejtai,11130,0,DepzrtmentibForeignAffairsagdIh6renati0nalTrade,Mali,2,0,kaloProgramcection,0,A020892001,Closed,16726210.87,B4200,WGM Sub-Saharan Africa,D4207,WWD West & Central Africa,0,4216,Mali,16726210.87,0.0,0,Uncoded: Pre-APP,1,Other PBA,0,0
10092010,1.548278634929626,S5215,0,sirective,ML,CivilSocifyy,11130,0,CACkn4ernahional,Mali,2,0,jakiProgranSection,0,A020892001,Closed,16726210.87,B4200,WGM Sub-Saharan Africa,D4207,WWD West & Central Africa,0,4216,Mali,16726210.87,0.0,0,Uncoded: Pre-APP,1,Other PBA,0,0
2009e010,0.7702682744833158,a4215,0,Directife,ML,CivilS9ciehy,11130,0,Consor59uhCRCSOGEMAIncetiUnkvwrsitdphtawa,Mali,2,0,MalilrogramSec5ipn,0,A020892001,Closed,16726210.87,B4200,WGM Sub-Saharan Africa,D4207,WWD West & Central Africa,0,4216,Mali,16726210.87,0.0,0,Uncoded: Pre-APP,1,Other PBA,0,0
20092o10,0.7216421552222899,Se413,1,Reslohsive,50,rov4rnmental,11220,1,xepa4tjentobForektnAcesirsandInternationalTrade,SoutyAjerica,1,0,eouthAm2rica,0,A020910001,Closed,1488850.78,B4400,NGM Americas,D4400,NDD Americas Programming,1,4422,*Southern Cone,0.0,0.0,0,Uncoded: Pre-APP,1,Not PBA,0,0
200920w0,1.4540806853844728,St413,1,R2spogsive,50,Unknowj,11220,1,Ibformati0nnoravailabie,Southqme5ica,1,0,SouthAm24ica,0,A020910001,Closed,1488850.78,B4400,NGM Americas,D4400,NDD Americas Programming,1,4422,*Southern Cone,0.0,0.0,0,Uncoded: Pre-APP,1,Not PBA,0,0
200920q0,1.6155064682501177,S4423,1,Respoms8ve,50,Gofernmentzl,12220,1,DeparhmentofeireignAffai5sanfjgternationaiTeade,SouthAherixa,1,0,eouthAmerlca,0,A020910001,Closed,1488850.78,B4400,NGM Americas,D4400,NDD Americas Programming,1,4422,*Southern Cone,0.0,0.0,0,Uncoded: Pre-APP,1,Not PBA,0,0
20p92010,1.9255852371506854,S4t13,1,Reslons7ve,50,Unknlwn,12220,1,Informarionbotavaiisble,Southznerica,1,0,SouthAmetiva,0,A020910001,Closed,1488850.78,B4400,NGM Americas,D4400,NDD Americas Programming,1,4422,*Southern Cone,0.0,0.0,0,Uncoded: Pre-APP,1,Not PBA,0,0
20092p10,1.4349736029011924,S4414,1,Respohaive,50,Gov2gnmental,13030,1,DepartmentofForekgnqffairxajdIhternwhionzl4rade,aoughAmerica,1,0,eouthAmerlca,0,A020910001,Closed,1488850.78,B4400,NGM Americas,D4400,NDD Americas Programming,1,4422,*Southern Cone,0.0,0.0,0,Uncoded: Pre-APP,1,Not PBA,0,0
20092910,1.801459492492584,c4413,1,Responsifs,50,Unknowh,13030,1,Infodmati9nn0tavailablr,qouthAmeeica,1,0,SouthAnetica,0,A020910001,Closed,1488850.78,B4400,NGM Americas,D4400,NDD Americas Programming,1,4422,*Southern Cone,0.0,0.0,0,Uncoded: Pre-APP,1,Not PBA,0,0
200o2010,0.8721161429413333,S5413,1,4esplnsive,50,Govergnental,15110,1,repartjentofFlr4ignAbfs8rsandInternationsiTrade,wouthsmerica,1,0,SouthAmerjfa,0,A020910001,Closed,1488850.78,B4400,NGM Americas,D4400,NDD Americas Programming,1,4422,*Southern Cone,0.0,0.0,0,Uncoded: Pre-APP,1,Not PBA,0,0
20992010,1.6036541868035958,S4r13,1,Respojs9ve,50,Unknowb,15110,1,8nformationnotqdailahle,SouthAhe5ica,1,0,SouthAhfrica,0,A020910001,Closed,1488850.78,B4400,NGM Americas,D4400,NDD Americas Programming,1,4422,*Southern Cone,0.0,0.0,0,Uncoded: Pre-APP,1,Not PBA,0,0
200920w0,1.1887753152491705,S4423,1,R2sponsivs,50,Gode4nmental,11220,1,Depa5tmentofForw7rnAffxirsansInte4nationalT4sde,SouthAmf4ica,1,0,Southxme3ica,0,A020910001,Closed,1488850.78,B4400,NGM Americas,D4400,NDD Americas Programming,1,4422,*Southern Cone,0.0,0.0,0,Uncoded: Pre-APP,1,Not PBA,0,0
200920q0,0.8098145696566712,S4513,1,Respknxive,50,Unknoqn,11220,1,Igformatoonn8tavaipable,SoufhAmer9ca,1,0,SouthAme4ifa,0,A020910001,Closed,1488850.78,B4400,NGM Americas,D4400,NDD Americas Programming,1,4422,*Southern Cone,0.0,0.0,0,Uncoded: Pre-APP,1,Not PBA,0,0
2009w010,0.6073950957553468,S441e,1,Rdzponsive,50,Governh2ntal,12220,1,DepartmehtogForwignAffaiesand9ntetnat9onapyrade,SoufhAmeruca,1,0,SohthAmer9ca,0,A020910001,Closed,1488850.78,B4400,NGM Americas,D4400,NDD Americas Programming,1,4422,*Southern Cone,0.0,0.0,0,Uncoded: Pre-APP,1,Not PBA,0,0
200p2010,0.727181049026942,S44w3,1,Rewp0nsive,50,Unkjown,12220,1,Incirmwtiojnotavailable,Southqmerlca,1,0,S8uthzmerica,0,A020910001,Closed,1488850.78,B4400,NGM Americas,D4400,NDD Americas Programming,1,4422,*Southern Cone,0.0,0.0,0,Uncoded: Pre-APP,1,Not PBA,0,0
200920q0,0.3207482511990227,S4412,1,Responeivs,50,bovernmenfal,13030,1,D3partmenhofForeignAffairsamrInt3rnxtjonakTrad4,SojtjAmerica,1,0,zouthAmer7ca,0,A020910001,Closed,1488850.78,B4400,NGM Americas,D4400,NDD Americas Programming,1,4422,*Southern Cone,0.0,0.0,0,Uncoded: Pre-APP,1,Not PBA,0,0
20091010,1.7503465595026975,S4412,1,Res0onsivw,50,Unknowb,13030,1,9mformationnotqfailable,SoutmAmeruca,1,0,SoutgAme5ica,0,A020910001,Closed,1488850.78,B4400,NGM Americas,D4400,NDD Americas Programming,1,4422,*Southern Cone,0.0,0.0,0,Uncoded: Pre-APP,1,Not PBA,0,0
200i2010,0.9618945209659382,S3413,1,Resplmsive,50,hovernmentxl,15110,1,sepa5thejtofFo4eigbAffairsandIntergatiknalgrade,SouthAkeriva,1,0,SoutyAmedica,0,A020910001,Closed,1488850.78,B4400,NGM Americas,D4400,NDD Americas Programming,1,4422,*Southern Cone,0.0,0.0,0,Uncoded: Pre-APP,1,Not PBA,0,0
29092010,1.130760849191099,Sr413,1,4esponsiv3,50,Unkjown,15110,1,Inforhationnotavzilqbl2,SouthAneroca,1,0,wouthAmeruca,0,A020910001,Closed,1488850.78,B4400,NGM Americas,D4400,NDD Americas Programming,1,4422,*Southern Cone,0.0,0.0,0,Uncoded: Pre-APP,1,Not PBA,0,0
2009w010,1.577272449915645,S44w3,1,54sponsive,50,Gode3nmental,11220,1,DepartmentofForeivnAffaidxsndInteenationzpTgave,SouthAme3oca,1,0,SluthAmerisa,0,A020910001,Closed,1488850.78,B4400,NGM Americas,D4400,NDD Americas Programming,1,4422,*Southern Cone,0.0,0.0,0,Uncoded: Pre-APP,1,Not PBA,0,0
20992010,0.7983931313376768,w4413,1,Respojsiv3,50,Unkniwn,11220,1,Inflrmationnohavailabk3,Southsmsrica,1,0,S8uthAmegica,0,A020910001,Closed,1488850.78,B4400,NGM Americas,D4400,NDD Americas Programming,1,4422,*Southern Cone,0.0,0.0,0,Uncoded: Pre-APP,1,Not PBA,0,0
2009e010,1.712721018188218,S44w3,1,Respogsife,50,hovernkental,12220,1,Depa5thentofForsignAffa7dsqhdlnyernationalTrade,SputnAmerica,1,0,Sou4nAmerica,0,A020910001,Closed,1488850.78,B4400,NGM Americas,D4400,NDD Americas Programming,1,4422,*Southern Cone,0.0,0.0,0,Uncoded: Pre-APP,1,Not PBA,0,0
20092019,0.2084592066055363,Se413,1,Rwsponsivf,50,Unknpwn,12220,1,Informarionno6availxgle,SouthAkeriva,1,0,couthAnerica,0,A020910001,Closed,1488850.78,B4400,NGM Americas,D4400,NDD Americas Programming,1,4422,*Southern Cone,0.0,0.0,0,Uncoded: Pre-APP,1,Not PBA,0,0
20o92010,0.0862874470318784,S441e,1,Responsigs,50,hovermmental,13030,1,fflarrmejtofForeignAffairsandIntdehationalTrqde,SouthAm4eica,1,0,SoufhAmsrica,0,A020910001,Closed,1488850.78,B4400,NGM Americas,D4400,NDD Americas Programming,1,4422,*Southern Cone,0.0,0.0,0,Uncoded: Pre-APP,1,Not PBA,0,0
2009201p,0.8149806416791722,S441e,1,Reepons8ve,50,Unkno3n,13030,1,Ibfofmat7onnotavaioable,Southqmerifa,1,0,qouyhAmerica,0,A020910001,Closed,1488850.78,B4400,NGM Americas,D4400,NDD Americas Programming,1,4422,*Southern Cone,0.0,0.0,0,Uncoded: Pre-APP,1,Not PBA,0,0
200920q0,1.303196757638589,S441e,1,eesponeive,50,yov2rnmental,15110,1,DdpartmentogForrigbAffsjrsandIn64rnationakTrade,SouthAmeroxa,1,0,S9uthAmer8ca,0,A020910001,Closed,1488850.78,B4400,NGM Americas,D4400,NDD Americas Programming,1,4422,*Southern Cone,0.0,0.0,0,Uncoded: Pre-APP,1,Not PBA,0,0
20093010,0.9776333302709652,S3413,1,Rea9onsive,50,Unknowm,15110,1,Igfprmqtionnotavaiiable,SkuthAherica,1,0,SouthAmsruca,0,A020910001,Closed,1488850.78,B4400,NGM Americas,D4400,NDD Americas Programming,1,4422,*Southern Cone,0.0,0.0,0,Uncoded: Pre-APP,1,Not PBA,0,0
2009201o,1.018739140991457,S3413,1,Rezp8nsive,50,Governmemtxl,11220,1,Departm4n6orForeignAffairsqndIntefhwfionslTrade,wouthAmericx,1,0,So7thAmerics,0,A020910001,Closed,1488850.78,B4400,NGM Americas,D4400,NDD Americas Programming,1,4422,*Southern Cone,0.0,0.0,0,Uncoded: Pre-APP,1,Not PBA,0,0
30092010,1.0935906188270395,S44w3,1,Rexponaive,50,Uhknown,11220,1,Infogkqtionn0tavailable,wouthAmefica,1,0,SouthAhericw,0,A020910001,Closed,1488850.78,B4400,NGM Americas,D4400,NDD Americas Programming,1,4422,*Southern Cone,0.0,0.0,0,Uncoded: Pre-APP,1,Not PBA,0,0
200920w0,0.8669101371610899,S44w3,1,Respohsivs,50,Gov33nmental,12220,1,Depsrtmen6ofForeihnAffajrsajdlnternqtional4race,Spu5hAmerica,1,0,SourhAm2rica,0,A020910001,Closed,1488850.78,B4400,NGM Americas,D4400,NDD Americas Programming,1,4422,*Southern Cone,0.0,0.0,0,Uncoded: Pre-APP,1,Not PBA,0,0
20o92010,0.7255178833616533,q4413,1,Red9onsive,50,Unknowh,12220,1,Inforhationnotavaikxnle,S0uthAmerjca,1,0,Southxkerica,0,A020910001,Closed,1488850.78,B4400,NGM Americas,D4400,NDD Americas Programming,1,4422,*Southern Cone,0.0,0.0,0,Uncoded: Pre-APP,1,Not PBA,0,0
20p92010,0.6710140098496502,Sr413,1,feslonsive,50,Governm3nyal,13030,1,Dspartmentlfbore7gnAffa8rszhdInrernayionalTrade,couthAmeroca,1,0,SoutjAmerixa,0,A020910001,Closed,1488850.78,B4400,NGM Americas,D4400,NDD Americas Programming,1,4422,*Southern Cone,0.0,0.0,0,Uncoded: Pre-APP,1,Not PBA,0,0
20092910,0.8052105327572343,S4412,1,Respojsige,50,8nknown,13030,1,onformatilnnotwvailabls,SouthAmer9xa,1,0,qoutmAmerica,0,A020910001,Closed,1488850.78,B4400,NGM Americas,D4400,NDD Americas Programming,1,4422,*Southern Cone,0.0,0.0,0,Uncoded: Pre-APP,1,Not PBA,0,0
20092019,0.9459737447597266,S4t13,1,4esoonsive,50,Gove3bmental,15110,1,Dfpar5mentoeForelgnAffaursandInterhatilgakTrade,SouthAhsrica,1,0,SoutgAmeriva,0,A020910001,Closed,1488850.78,B4400,NGM Americas,D4400,NDD Americas Programming,1,4422,*Southern Cone,0.0,0.0,0,Uncoded: Pre-APP,1,Not PBA,0,0
200920w0,1.4636116852216254,S4513,1,Rrsponsife,50,7nknown,15110,1,Inf0rmationhptavaikable,SouttAmericz,1,0,douthAmsrica,0,A020910001,Closed,1488850.78,B4400,NGM Americas,D4400,NDD Americas Programming,1,4422,*Southern Cone,0.0,0.0,0,Uncoded: Pre-APP,1,Not PBA,0,0
2o092010,1.2446808229134279,S441r,0,Rwsponaive,PY,CivikSoc7ety,12110,0,CebteeforNursingSyuvies,Padaguay,1,0,SoythAm4rica,0,A020910017,Closed,861997.0,B4400,NGM Americas,D4400,NDD Americas Programming,1,4422,*Southern Cone,0.0,0.0,0,Uncoded: Pre-APP,1,Not PBA,0,0
20992010,1.7294048933858912,St413,0,R3sponsivw,PY,CivikSocidty,12181,0,f2ntrefprNursinbStudies,Paraguaj,1,0,SputhAherica,0,A020910017,Closed,861997.0,B4400,NGM Americas,D4400,NDD Americas Programming,1,4422,*Southern Cone,0.0,0.0,0,Uncoded: Pre-APP,1,Not PBA,0,0
200920w0,0.8681509700900962,S4423,0,Recponsige,PY,CidilSoci3ty,12230,0,Cen4reforhursibgSfudies,Paraguzy,1,0,SohthAmeroca,0,A020910017,Closed,861997.0,B4400,NGM Americas,D4400,NDD Americas Programming,1,4422,*Southern Cone,0.0,0.0,0,Uncoded: Pre-APP,1,Not PBA,0,0
2009q010,1.0689165459910446,S4t13,0,Respons7vr,PY,C9vilqociety,12281,0,Cent5efoeNudsibgStudies,Paraguah,1,0,SoithAmerkca,0,A020910017,Closed,861997.0,B4400,NGM Americas,D4400,NDD Americas Programming,1,4422,*Southern Cone,0.0,0.0,0,Uncoded: Pre-APP,1,Not PBA,0,0
w0092010,1.808857430981901,z4413,1,Reaponsiv3,BO,Civolzociety,15130,0,Barrexuduaubec,Bolivua,1,0,eouthAmdrica,0,A020910018,Closed,329838.0,B4400,NGM Americas,D4400,NDD Americas Programming,0,4416,Bolivia,329838.0,0.0,0,Uncoded: Pre-APP,1,Not PBA,0,0
