musician,birthDate,familyNameLabel,givenNameLabel,numberOfChildren,websiteLabel,residenceLabel,ethnicityLabel,religionLabel,activityStart,twitterNameLabel,geniusNameLabel,recordLabelLabel
http://www.wikidata.org/entity/Q6096,1971-10-20T00:00:00Z,Broadus,Cordozar,4,http://snoopdogg.com/,,African Americans,Islam,1991-01-01T00:00:00Z,snoopdogg,Snoop-dogg,Death Row Records
http://www.wikidata.org/entity/Q5977,1936-09-07T00:00:00Z,Holley,Hardin,,http://www.buddyholly.com,,,Baptists,1952-01-01T00:00:00Z,,Buddy-holly,Brunswick
http://www.wikidata.org/entity/Q8349,1959-10-23T00:00:00Z,Yankovic,Alfred,,http://weirdal.com/,,,Christianity,1976-01-01T00:00:00Z,alyankovic,Weird-al-yankovic,Volcano Entertainment
http://www.wikidata.org/entity/Q1779,1901-08-04T00:00:00Z,Armstrong,Louis,,http://www.louisarmstronghouse.org/,,African Americans,,1914-01-01T00:00:00Z,,,Decca
http://www.wikidata.org/entity/Q4270,1975-12-13T00:00:00Z,Delonge,Thomas,,http://blink-182.com/,Del Mar,,,1992-01-01T00:00:00Z,tomdelonge,Tom-delonge,DGC Records
http://www.wikidata.org/entity/Q4491,1976-11-29T00:00:00Z,Faris,Anna,1,,Los Angeles,,,1991-01-01T00:00:00Z,AnnaKFaris,Anna-faris,
http://www.wikidata.org/entity/Q6107,1971-06-16T00:00:00Z,Shakur,Tupac,,http://www.2pac.com,Las Vegas,African Americans,,1989-01-01T00:00:00Z,2pac,2pac,Death Row Records
http://www.wikidata.org/entity/Q633,1945-11-12T00:00:00Z,Young,Percival,,http://www.neilyoungarchives.com/,Toronto,,,1961-01-01T00:00:00Z,Neilyoung,,Warner Bros. Records
http://www.wikidata.org/entity/Q7542,1958-06-07T00:00:00Z,Nelson,Rogers,,https://www.princeestate.com/,Chanhassen,African Americans,Jehovah's Witnesses,1978-01-01T00:00:00Z,prince,Prince,Arista
http://www.wikidata.org/entity/Q714,1950-05-13T00:00:00Z,Morris,Stevland,,http://www.steviewonder.net,,African Americans,,1961-01-01T00:00:00Z,,Stevie-wonder,Motown
http://www.wikidata.org/entity/Q1744,1958-08-16T00:00:00Z,Ciccone,Veronica,6,https://www.madonna.com/,Lisbon,French Canadian,,1979-01-01T00:00:00Z,Madonna,Madonna,Maverick
http://www.wikidata.org/entity/Q1768,1917-04-25T00:00:00Z,Fitzgerald,Ella,,http://www.ellafitzgerald.com/,,African Americans,,1934-01-01T00:00:00Z,,Ella-fitzgerald,Decca
http://www.wikidata.org/entity/Q11627,1965-04-06T00:00:00Z,Thompson,Charles Michael,,http://www.frankblack.net/,,,,1986-01-01T00:00:00Z,,,American Recordings
http://www.wikidata.org/entity/Q11975,1981-12-02T00:00:00Z,Spears,Britney,,http://britneyspears.com,Kentwood,,Southern Baptist Convention,1992-01-01T00:00:00Z,britneyspears,Britney-spears,Legacy
http://www.wikidata.org/entity/Q1514,1943-01-19T00:00:00Z,Joplin,Janis,,http://www.janisjoplin.com/,,White American,,1962-01-01T00:00:00Z,janisjoplin,,Columbia Records
http://www.wikidata.org/entity/Q303,1935-01-08T00:00:00Z,Presley,Elvis,,http://www.elvis.com,Graceland,,,1954-01-01T00:00:00Z,elvispresley,,Sun Records
http://www.wikidata.org/entity/Q4616,1926-06-01T00:00:00Z,Monroe,Marilyn,,http://www.marilynmonroe.com/,,,Christianity,1947-01-01T00:00:00Z,,Marilyn-monroe,RCA Records
http://www.wikidata.org/entity/Q1545,1953-06-22T00:00:00Z,Lauper,Cynthia,1,https://www.cyndilauper.com/,,,,1977-01-01T00:00:00Z,cyndilauper,,Epic
http://www.wikidata.org/entity/Q12006,1969-01-14T00:00:00Z,Grohl,David,,http://www.foofighters.com,,White American,,1981-01-01T00:00:00Z,foofightersdave,Dave-grohl,Geffen Records
http://www.wikidata.org/entity/Q11637,1922-06-10T00:00:00Z,Gumm,Ethel,,http://www.thejudyroom.com/,Lancaster,,Episcopal Church,1924-01-01T00:00:00Z,,,Decca
http://www.wikidata.org/entity/Q4636,1942-04-24T00:00:00Z,Streisand,Barbara,,http://www.barbrastreisand.com/,Woodland Hills,Jewish people,,1960-01-01T00:00:00Z,BarbraStreisand,Barbra-streisand,Decca
http://www.wikidata.org/entity/Q11901,1970-07-08T00:00:00Z,Beck,,,http://www.beck.com,,,Scientology,1989-01-01T00:00:00Z,beck,,XL Recordings
http://www.wikidata.org/entity/Q8446,1967-02-20T00:00:00Z,Cobain,Donald,,,,,,1982-01-01T00:00:00Z,,Kurt-cobain,Sub Pop
http://www.wikidata.org/entity/Q5921,1926-10-18T00:00:00Z,Berry,Chuck,4,http://www.chuckberry.com/,The Ville,African Americans,Baptists,1953-01-01T00:00:00Z,,Chuck-berry,Mercury Records
http://www.wikidata.org/entity/Q2680,1955-03-19T00:00:00Z,Willis,Bruce,,,Los Angeles,,atheism,1979-01-01T00:00:00Z,,,Motown
http://www.wikidata.org/entity/Q6060,1975-07-06T00:00:00Z,Jackson,Curtis,2,http://50cent.com/,,African Americans,,1998-01-01T00:00:00Z,50cent,,Universal Records
http://www.wikidata.org/entity/Q4061,1912-07-14T00:00:00Z,Guthrie,Woody,8,,,,,1930-01-01T00:00:00Z,,,Folkways Records
http://www.wikidata.org/entity/Q4028,1941-10-13T00:00:00Z,Simon,Paul Frederic,,http://www.paulsimon.com,,,Judaism,1957-01-01T00:00:00Z,paulsimonmusic,Paul-simon,Warner Bros. Records
http://www.wikidata.org/entity/Q557,1946-12-30T00:00:00Z,Smith,Patti,,http://www.pattismith.net/intro.html,,,,1967-01-01T00:00:00Z,,Patti-smith,Arista
http://www.wikidata.org/entity/Q4337,1951-11-20T00:00:00Z,Bumpass,Rodger,,,,,,1977-01-01T00:00:00Z,,,
http://www.wikidata.org/entity/Q4612,1901-12-27T00:00:00Z,Dietrich,Marie,,http://www.marlene.com/,,Germans,state atheism,1919-01-01T00:00:00Z,,Marlene-dietrich,Liberty
http://www.wikidata.org/entity/Q5928,1942-11-27T00:00:00Z,Hendrix,Jimi,,https://www.jimihendrix.com/,,Cherokee,Lapsed Catholic,1965-01-01T00:00:00Z,JimiHendrix,Jimi-hendrix,MCA Inc.
http://www.wikidata.org/entity/Q8160,1999-04-20T00:00:00Z,,Carly,,http://www.carlyrosesonenclar.com,,,,,CarlyRoseMusic,,Syco Music
http://www.wikidata.org/entity/Q4029,1973-02-12T00:00:00Z,Strong,Tara,,http://www.tarastrong.com,Los Angeles,Ashkenazi Jews,Judaism,1986-01-01T00:00:00Z,tarastrong,,
http://www.wikidata.org/entity/Q6078,1965-02-18T00:00:00Z,Young,Romelle,8,http://www.drdre.com,Beverly Hills,African Americans,,1984-01-01T00:00:00Z,drdre,Dr-dre,Death Row Records
http://www.wikidata.org/entity/Q4042,1975-05-30T00:00:00Z,Callaway,DeCarlo,1,http://www.ceelogreen.com,,African Americans,,1994-01-01T00:00:00Z,CeeLoGreen,Ceelo-green,Arista
http://www.wikidata.org/entity/Q11617,1979-01-16T00:00:00Z,Haughton,Aaliyah,,https://www.aaliyah.com/,Detroit,African Americans,Catholicism,1991-01-01T00:00:00Z,AaliyahHaughton,Aaliyah,Virgin Records
http://www.wikidata.org/entity/Q11930,1955-01-18T00:00:00Z,Costner,Kevin,7,http://kevincostner.com/,California,,Baptists,1974-01-01T00:00:00Z,,,Show Dog-Universal Music
http://www.wikidata.org/entity/Q5104,1993-05-14T00:00:00Z,Cosgrove,Miranda,,http://www.mirandacosgroveofficial.com,,,,2001-01-01T00:00:00Z,MirandaBuzz,Miranda-cosgrove,Epic
http://www.wikidata.org/entity/Q4070,1945-07-20T00:00:00Z,Carnes,Kim,,http://www.kimcarnes.com,,,,1967-01-01T00:00:00Z,,,A&M Records
http://www.wikidata.org/entity/Q4271,1972-03-15T00:00:00Z,Hoppus,Mark Alan,,,Beverly Hills,,,1988-01-01T00:00:00Z,MarkHoppus,,BMG Rights Management
http://www.wikidata.org/entity/Q4473,1992-06-26T00:00:00Z,McCurdy,Jennette,,http://www.jennettemccurdy.com/,Studio City,,,2000-01-01T00:00:00Z,jennettemccurdy,,Capitol Records
http://www.wikidata.org/entity/Q5950,1933-05-03T00:00:00Z,Brown,James,,http://www.godfatherofsoul.com,,African Americans,,1954-01-01T00:00:00Z,,James-brown,Federal
http://www.wikidata.org/entity/Q2274,1929-12-23T00:00:00Z,Baker,Chesney,,,,,,1949-01-01T00:00:00Z,,Chet-baker,Columbia Records
http://www.wikidata.org/entity/Q4350,1967-04-28T00:00:00Z,Fahn,Melissa,,http://www.melissafahn.com/,,,,,melissafahn,,
http://www.wikidata.org/entity/Q5969,1938-10-03T00:00:00Z,Cochran,Edward,,http://www.eddie-cochran.info,,,,1952-01-01T00:00:00Z,,Eddie-cochran,Liberty
http://www.wikidata.org/entity/Q4039,1941-11-05T00:00:00Z,Garfunkel,Arthur,,http://www.artgarfunkel.com,,,,1956-01-01T00:00:00Z,,,Columbia Records
http://www.wikidata.org/entity/Q8876,1970-05-29T00:00:00Z,,David,,http://www.myspace.com/davidcicero,,,,1988-01-01T00:00:00Z,,David-cicero,Spaghetti Records
http://www.wikidata.org/entity/Q11885,1962-02-06T00:00:00Z,Rose,Bruce,,,Spain,,,1995-01-01T00:00:00Z,axlrose,,Uzi Suicide
http://www.wikidata.org/entity/Q12003,1946-05-20T00:00:00Z,,Cher,,http://www.cher.com,,Irish people,,1963-01-01T00:00:00Z,cher,Cher,Imperial
http://www.wikidata.org/entity/Q392,1941-05-24T00:00:00Z,Dylan,Bob,,http://www.bobdylan.com,Malibu,,,1962-01-01T00:00:00Z,bobdylan,Bob-dylan,Asylum Records
http://www.wikidata.org/entity/Q11907,1963-04-10T00:00:00Z,Everett,Mark,,http://www.eelstheband.com/,,,atheism,1985-01-01T00:00:00Z,,,DreamWorks Records
http://www.wikidata.org/entity/Q2709,1988-03-14T00:00:00Z,Grey,Ann,,http://www.sashagrey.com/,,White people,atheism,,sashagrey,,
http://www.wikidata.org/entity/Q4617,1989-02-21T00:00:00Z,Reivers,Bleu,,http://www.corbinbleu.com,Los Angeles,African Americans,,1996-01-01T00:00:00Z,corbinbleu,Corbin-bleu,Walt Disney Records
http://www.wikidata.org/entity/Q36301,1982-11-12T00:00:00Z,Hathaway,Anne,,,,,,1999-01-01T00:00:00Z,,Anne-hathaway,
http://www.wikidata.org/entity/Q54858,1992-10-14T00:00:00Z,Outen,Savannah,,,,,,2007-01-01T00:00:00Z,therealsavannah,Savannah-outen,
http://www.wikidata.org/entity/Q46080,1959-08-02T00:00:00Z,Jackson,Victoria,,http://victoriajackson.com,,,,1982-01-01T00:00:00Z,VictoriaJackson,,
http://www.wikidata.org/entity/Q120533,1982-08-28T00:00:00Z,,,,http://www.leannrimesworld.com,,,,1991-01-01T00:00:00Z,leannrimes,,Curb Records
http://www.wikidata.org/entity/Q44707,1970-08-20T00:00:00Z,Durst,Fred,,http://freddurst.com/,,,,1993-01-01T00:00:00Z,FredDurst,,Shrapnel Records
http://www.wikidata.org/entity/Q15079,1967-09-12T00:00:00Z,Székely,Louis,2,https://louisck.net/,Mexico City,,,,louisck,,
http://www.wikidata.org/entity/Q49847,1981-08-14T00:00:00Z,Johnson,Ray,,http://www.raywj.com,Los Angeles,,,2007-01-01T00:00:00Z,RayWJ,Ray-william-johnson,
http://www.wikidata.org/entity/Q45001,1894-10-26T00:00:00Z,Jefferson,,,,,African Americans,,1900-01-01T00:00:00Z,,Blind-lemon-jefferson,Paramount
http://www.wikidata.org/entity/Q19201,1977-02-11T00:00:00Z,Shinoda,Mike,3,http://mikeshinoda.com,,German Americans,,1994-01-01T00:00:00Z,m_shinoda,Mike-shinoda,Machine Shop Records
http://www.wikidata.org/entity/Q24632,1967-03-11T00:00:00Z,Barrowman,John,,http://www.johnbarrowman.com,Glasgow,Scottish American,,1985-01-01T00:00:00Z,,,
http://www.wikidata.org/entity/Q49319,1979-01-07T00:00:00Z,,,,http://www.aloeblacc.com/,,,,1995-01-01T00:00:00Z,aloeblacc,Aloe-blacc,Stones Throw Records
http://www.wikidata.org/entity/Q26539,1961-04-05T00:00:00Z,Zane,Lisa,,http://www.lisazane.com,,,,1984-01-01T00:00:00Z,,,
http://www.wikidata.org/entity/Q42180,1959-05-20T00:00:00Z,,Israel,,https://www.izhawaii.com,,,,1976-01-01T00:00:00Z,,,Mountain Apple Company
http://www.wikidata.org/entity/Q34389,1963-08-09T00:00:00Z,Houston,Whitney,,https://www.whitneyhouston.com/,,African Americans,Baptists,1977-01-01T00:00:00Z,,Whitney-houston,Arista
http://www.wikidata.org/entity/Q49735,1940-08-19T00:00:00Z,Nash,Lester,,,,African Americans,,1956-01-01T00:00:00Z,,,Epic
http://www.wikidata.org/entity/Q117139,1987-09-08T00:00:00Z,,,,http://www.wizkhalifa.com/,Germany,African Americans,Catholicism,2005-01-01T00:00:00Z,wizkhalifa,,Warner Bros. Records
http://www.wikidata.org/entity/Q41594,1980-12-18T00:00:00Z,Aguilera,Christina,2,https://www.christinaaguilera.com/,Rochester,,,1991-01-01T00:00:00Z,xtina,Christina-aguilera,RCA Records
http://www.wikidata.org/entity/Q40422,1977-05-09T00:00:00Z,Williams,,,,,,,1992-01-01T00:00:00Z,KeakDaSneak,,Entertainment One Music
http://www.wikidata.org/entity/Q30896,1987-06-03T00:00:00Z,,,,http://www.lalaine.net/,,,,1999-01-01T00:00:00Z,,,Reprise Records
http://www.wikidata.org/entity/Q47899,1981-02-17T00:00:00Z,Hilton,Paris,,http://www.parishilton.com,,,,1997-01-01T00:00:00Z,ParisHilton,Paris-hilton,Warner Bros. Records
http://www.wikidata.org/entity/Q20178,1943-02-09T00:00:00Z,Pesci,Joe,,,Lavallette,,,1961-01-01T00:00:00Z,,Joe-pesci,
http://www.wikidata.org/entity/Q14538,1981-02-26T00:00:00Z,,Sharon,,http://www.sharonvanetten.com,,,,2007-01-01T00:00:00Z,sharonvanetten,Sharon-van-etten,Jagjaguwar
http://www.wikidata.org/entity/Q39574,1987-05-13T00:00:00Z,Accola,Candice,,,,,,2006-01-01T00:00:00Z,CandiceAccola,,
http://www.wikidata.org/entity/Q49575,1917-10-21T00:00:00Z,Gillespie,,,http://www.dizzygillespie.com/,,African Americans,Bahá'í Faith,1935-01-01T00:00:00Z,,Dizzy-gillespie,Savoy Records
http://www.wikidata.org/entity/Q44855,1951-05-04T00:00:00Z,Jackson,Jackie,,http://www.jackiejackson5.com/,,African Americans,,1962-01-01T00:00:00Z,,,Epic
http://www.wikidata.org/entity/Q26625,1968-09-16T00:00:00Z,Muñiz,Marco Antonio,,http://www.marcanthonyonline.com/,,,,1988-01-01T00:00:00Z,MarcAnthony,,RMM Records & Video
http://www.wikidata.org/entity/Q24064,1979-03-07T00:00:00Z,Somerville,Amanda,,http://www.amandasomerville.com/,,,,1997-01-01T00:00:00Z,amsomerville,,
http://www.wikidata.org/entity/Q44414,1969-10-19T00:00:00Z,Parker,Randolph,,,,,,1989-01-01T00:00:00Z,,,
http://www.wikidata.org/entity/Q38875,1973-12-11T00:00:00Z,Smith,,6,http://www.mosdefmusic.com/,,,Islam,1994-01-01T00:00:00Z,MosDefOfficial,,Downtown Records
http://www.wikidata.org/entity/Q44721,1975-02-07T00:00:00Z,Borland,Wes,,http://www.theborlandgallery.com/,,,,1994-01-01T00:00:00Z,wesborland,,independent record label
http://www.wikidata.org/entity/Q37150,1985-06-21T00:00:00Z,Grant,Elizabeth,,https://www.lanadelrey.com,Los Angeles,,,2005-01-01T00:00:00Z,LanaDelRey,Lana-del-rey,Interscope Records
http://www.wikidata.org/entity/Q26695,1949-06-20T00:00:00Z,,Lionel,,https://lionelrichie.com,Los Angeles,,,1968-01-01T00:00:00Z,lionelrichie,,Motown
http://www.wikidata.org/entity/Q38150,1976-11-18T00:00:00Z,McWane,David,,,,,,1995-01-01T00:00:00Z,,,
http://www.wikidata.org/entity/Q26058,1990-07-16T00:00:00Z,Maslow,James,,http://www.jamesmaslow.com,,,,2008-01-01T00:00:00Z,jamesmaslow,,Nick Records
http://www.wikidata.org/entity/Q45362,1980-04-01T00:00:00Z,Phillips,Bijou,,,,,Scientology,1994-01-01T00:00:00Z,,Bijou-phillips,
http://www.wikidata.org/entity/Q35912,1986-09-12T00:00:00Z,Rossum,Emmy,,http://www.emmyrossum.com/,,,,1993-01-01T00:00:00Z,emmyrossum,,Warner Bros. Records
http://www.wikidata.org/entity/Q39224,1988-08-19T00:00:00Z,Allen,,,http://hoodieallen.com,,,,,HoodieAllen,,
http://www.wikidata.org/entity/Q44833,1938-12-05T00:00:00Z,,John,,http://www.jjcale.com/,,,,1958-01-01T00:00:00Z,,,Shelter Records
http://www.wikidata.org/entity/Q55497,1991-04-04T00:00:00Z,Spears,Lynn,2,http://www.jamielynnspears.com,,,Christianity,2002-01-01T00:00:00Z,jamielynnspears,,
http://www.wikidata.org/entity/Q36290,1944-03-26T00:00:00Z,Ross,Diana,,http://www.dianaross.com/,,African Americans,,1959-01-01T00:00:00Z,iamdianaross,,RCA
http://www.wikidata.org/entity/Q44570,1917-08-22T00:00:00Z,Hooker,Lee,,http://www.johnleehooker.com,,African Americans,,1942-01-01T00:00:00Z,,,Charly Records
http://www.wikidata.org/entity/Q46677,1988-10-04T00:00:00Z,Benoist,Melissa,,,Vancouver,,,2008-01-01T00:00:00Z,MelissaBenoist,Melissa-benoist,
http://www.wikidata.org/entity/Q41342,1936-12-29T00:00:00Z,,Mary,1,,,,Catholicism,1958-01-01T00:00:00Z,,,
http://www.wikidata.org/entity/Q18804,1997-06-21T00:00:00Z,Black,Rebecca,,http://www.rebeccablackonline.com,,,,2010-01-01T00:00:00Z,MsRebeccaBlack,Rebecca-black,ARK Music Factory
http://www.wikidata.org/entity/Q44903,1986-07-02T00:00:00Z,Lohan,Lindsay,,,London,,,1989-01-01T00:00:00Z,lindsaylohan,Lindsay-lohan,Casablanca Records
http://www.wikidata.org/entity/Q50608,1941-10-09T00:00:00Z,Lott,Trent,,,,,Southern Baptist Convention,,,,
