musicianID,musicianName,genderType,birthDate,city,familyName,forename,fatherName,motherName,spouse,NChildren,kind,webpage
http://www.wikidata.org/entity/Q3017926,,m,1938-08-24T00:00:00Z,Cincinnati,,David,,,,,rock music,
http://www.wikidata.org/entity/Q2923750,,m,1962-05-28T00:00:00Z,Bakersfield,Cruz,Brandon,,,,,,
http://www.wikidata.org/entity/Q3020857,,f,1965-08-13T00:00:00Z,Sacramento,,Deborah,,,RDJ,,,
http://www.wikidata.org/entity/Q3027902,,m,1989-09-17T00:00:00Z,Los Angeles,,,,,,,,
http://www.wikidata.org/entity/Q2967586,,m,1936-08-22T00:00:00Z,Gaston,Brown,Chuck,,,,,go-go,http://www.windmeupchuck.com/
http://www.wikidata.org/entity/Q2979859,,f,1988-05-07T00:00:00Z,West Covina,,Natalie,,,,,popular music,
http://www.wikidata.org/entity/Q2940906,Case Woodard,m,1975-10-04T00:00:00Z,New York City,,,,,,,contemporary R&B,
http://www.wikidata.org/entity/Q2927234,,m,1986-08-17T00:00:00Z,Lakewood,James,,,,,,,
http://www.wikidata.org/entity/Q2927252,,m,1924-12-10T00:00:00Z,Woodbury,Albers,Ken,,,,,popular music,
http://www.wikidata.org/entity/Q3015280,Daniel Mann,m,1951-07-28T00:00:00Z,Tennessee,Mann,Danny,,,,,,
http://www.wikidata.org/entity/Q2959986,,m,1963-05-12T00:00:00Z,Philadelphia,,Charles,,,,,popular music,
http://www.wikidata.org/entity/Q2960879,,m,1948-01-04T00:00:00Z,Woburn,,Charlie,,,,,music,
http://www.wikidata.org/entity/Q3021762,,f,1951-09-04T00:00:00Z,Atlanta,Ziegler,Delores,,,,,,
http://www.wikidata.org/entity/Q2964865,,m,1978-07-20T00:00:00Z,Madison,Sligh,Chris,,,,,rock music,http://www.chrissligh.com/
http://www.wikidata.org/entity/Q3016380,,f,1941-04-08T00:00:00Z,Montreal,Gillespie,Darlene,,,,,,
http://www.wikidata.org/entity/Q3017692,,m,1969-10-31T00:00:00Z,Los Angeles,Coburn,David,,,,,,
http://www.wikidata.org/entity/Q2927531,,m,1912-07-26T00:00:00Z,Dorchester,Clark,Buddy,,,,,pop music,http://home.earthlink.net/~jaymar41/bclark.html
http://www.wikidata.org/entity/Q3014980,,f,1983-09-06T00:00:00Z,Hawaii,,Danielle,,,,,pop music,http://www.myspace.com/danielledelaunay
http://www.wikidata.org/entity/Q2940239,Carrie Rachel Grace Brownstein,f,1974-09-27T00:00:00Z,Seattle,,Carrie,,,,,Riot grrrl,http://www.carriebrownstein.com/
http://www.wikidata.org/entity/Q2924842,,m,1980-02-17T00:00:00Z,Houston,Andrews,Brian,,,,,popular music,http://www.myspace.com/day26
http://www.wikidata.org/entity/Q2924957,,m,1969-01-01T00:00:00Z,Louisville,McMahan,Brian,,,,,experimental rock,
http://www.wikidata.org/entity/Q2966610,,m,1952-12-19T00:00:00Z,Geneva,Laird,Christopher,,,,,,
http://www.wikidata.org/entity/Q3021658,,m,1929-03-24T00:00:00Z,Chicago,,Pat,,,,,,
http://www.wikidata.org/entity/Q2925035,,m,1979-05-16T00:00:00Z,Greenville,,Brian,,,,,rock music,
http://www.wikidata.org/entity/Q2942029,,f,1965-01-01T00:00:00Z,San Jose,,Catherine,,,,,,
http://www.wikidata.org/entity/Q2940980,,m,1982-05-31T00:00:00Z,Plano,James,Casey,,,,,popular music,http://www.caseyjamesofficial.com
http://www.wikidata.org/entity/Q3021343,,f,1957-08-01T00:00:00Z,Chicago,,,,,,,music,http://www.deitrafarr.com/
http://www.wikidata.org/entity/Q2933359,Caity Marie Lotz,f,1986-12-30T00:00:00Z,San Diego,Lotz,,,,,,,
http://www.wikidata.org/entity/Q3024027,,m,1964-04-12T00:00:00Z,Dallas,,,,,,,pop music,http://www.deryldodd.com
http://www.wikidata.org/entity/Q2941198,Cassadee Blake Pope,f,1989-08-28T00:00:00Z,West Palm Beach,,,,,,,pop music,http://www.cassadeepope.com/
http://www.wikidata.org/entity/Q2939823,Carol Bundy,f,1942-08-26T00:00:00Z,United States of America,,Carol,,,Doug Clark,,,
http://www.wikidata.org/entity/Q2958074,,m,1940-10-07T00:00:00Z,Swainsboro,Wilson,Larry,,,,,pop music,
http://www.wikidata.org/entity/Q2964867,,m,1953-01-01T00:00:00Z,Durham,Spencer,Chris,,,,,,
http://www.wikidata.org/entity/Q2926438,,m,1959-06-06T00:00:00Z,Fresno,Loose,Bruce,,,,,,
http://www.wikidata.org/entity/Q2924463,,m,1957-02-28T00:00:00Z,Quinter,Barrett,Brent,,,,,,
http://www.wikidata.org/entity/Q3016651,,m,1955-10-30T00:00:00Z,Berkeley,Coley,Daryl,,,,,Christian music,
http://www.wikidata.org/entity/Q3020510,John Moore,m,1941-06-23T00:00:00Z,New Orleans,Moore,John,,,,,music,http://www.deaconjohnsjumpblues.com/
http://www.wikidata.org/entity/Q3025570,,m,1904-04-18T00:00:00Z,Durham,Markham,,,,,,,
http://www.wikidata.org/entity/Q3018555,,m,1948-03-23T00:00:00Z,Providence,,David,,,,,pop music,
http://www.wikidata.org/entity/Q2930439,,m,1959-12-14T00:00:00Z,"Washington\, D.C.",,C.,,,,,popular music,
http://www.wikidata.org/entity/Q3023151,Owen Patrick Eugene McNulty,m,1916-05-21T00:00:00Z,New York City,Day,Dennis,,,,,,
http://www.wikidata.org/entity/Q3021106,,m,1938-11-07T00:00:00Z,Blytheville,Clark,Dee,,,,,popular music,
http://www.wikidata.org/entity/Q3001533,,m,1967-07-20T00:00:00Z,Portland,,Courtney,,,,,rock music,http://www.dandywarhols.com/
http://www.wikidata.org/entity/Q2945633,,m,1983-03-02T00:00:00Z,Los Angeles,,Aron,,,,,popular music,http://www.deucela.com
http://www.wikidata.org/entity/Q2988170,Linnea Barbara Quigley,f,1958-05-27T00:00:00Z,Davenport,Quigley,Linnea,,,Rubberhead,,low-budget film,http://www.linnea-quigley.com
http://www.wikidata.org/entity/Q2972743,,f,1961-09-26T00:00:00Z,San Francisco,,Cindy,,,,,popular music,
http://www.wikidata.org/entity/Q3025584,Lee Martin Bunnell,m,1952-01-19T00:00:00Z,Harrogate,,Dewey,,,,,,
http://www.wikidata.org/entity/Q2967446,,f,1986-08-14T00:00:00Z,San Diego,,,,,,,,http://Chrystinasayers.com
http://www.wikidata.org/entity/Q2923444,,m,1964-11-24T00:00:00Z,Chicago,,Brad,,,,,,
http://www.wikidata.org/entity/Q3011770,,m,1867-04-12T00:00:00Z,Mobile,,,,,,,music,
http://www.wikidata.org/entity/Q3028298,,m,1976-10-22T00:00:00Z,San Bernardino County,,Jon,,,,,,http://www.jonforeman.com
http://www.wikidata.org/entity/Q3011954,,f,1975-03-18T00:00:00Z,Statesboro,Foster,,,,Ted Griffin,,,http://www.suttonfoster.com
http://www.wikidata.org/entity/Q2928820,,m,1901-01-01T00:00:00Z,Long Beach,Cassidy,Butch,,,,,African-American music,http://www.myspace.com/butchcassidywestcoast
http://www.wikidata.org/entity/Q2866559,Tamar,f,1980-03-31T00:00:00Z,Houston,,Ashley,,,,,,http://www.tamardavis.com
http://www.wikidata.org/entity/Q2876491,Anna Virginia Taylor,f,1955-01-01T00:00:00Z,Tokyo,Domino,Anna,James Taylor,Mimi Cazort,,,music,
http://www.wikidata.org/entity/Q2749084,,m,1987-03-25T00:00:00Z,Dallas,Castro,Jason,,,,,popular music,http://www.jasoncastromusic.com
http://www.wikidata.org/entity/Q2902279,,m,1986-08-26T00:00:00Z,Meridian,Scott,Justin,,,,,African-American music,http://bigkrit.com/
http://www.wikidata.org/entity/Q2746776,,f,1976-05-10T00:00:00Z,Chicago,Bennett,Rhona,,,,,popular music,http://rhonabennett.com/
http://www.wikidata.org/entity/Q2815633,,f,1947-10-15T00:00:00Z,East St. Louis,,Lynn,,,,,,http://www.lynnlowry.com
http://www.wikidata.org/entity/Q2749627,,m,1909-08-01T00:00:00Z,Gilmer,Chappelaer,Leon,,,,,,
http://www.wikidata.org/entity/Q2850420,Ann Allen,f,1952-01-20T00:00:00Z,Richmond,Savoy,Ann,,,Marc Savoy,,Cajun music,http://www.annsavoy.com/
http://www.wikidata.org/entity/Q2734027,,f,1918-05-28T00:00:00Z,San Francisco,Massey,Edith,,,,,,
http://www.wikidata.org/entity/Q2784186,Grace Wong Kwan-Hing,f,1986-05-05T00:00:00Z,New York City,Wang,Grace,,,,,,
http://www.wikidata.org/entity/Q2861962,,m,1944-01-20T00:00:00Z,Rochester,,Armand,,,,,popular music,
http://www.wikidata.org/entity/Q2820092,,m,1975-10-31T00:00:00Z,Chicago,Shust,Aaron,,,,,,http://www.aaronshust.com/
http://www.wikidata.org/entity/Q2865336,,m,1953-01-01T00:00:00Z,Baltimore,Simms,Arthur,,,,,contemporary R&B,
http://www.wikidata.org/entity/Q2846370,,f,1948-11-18T00:00:00Z,New York City,,Andrea,,,,,pop music,http://www.andreamarcovicci.com/
http://www.wikidata.org/entity/Q2903186,,f,1974-10-09T00:00:00Z,New York City,,,,,,,,http://www.neshamacarlebach.com
http://www.wikidata.org/entity/Q2900479,,m,1941-01-01T00:00:00Z,Tel Aviv,,Joseph,,,,,,
http://www.wikidata.org/entity/Q2745577,,f,1961-04-21T00:00:00Z,Long Beach,Cavadini,Cathy,,,,,,
http://www.wikidata.org/entity/Q2844563,,f,1972-06-05T00:00:00Z,Chicago,Kohn,Amy,,,,,popular music,http://www.amykohn.com
http://www.wikidata.org/entity/Q2783855,Kacey Lee Musgraves,f,1988-08-21T00:00:00Z,Mineola,Musgraves,Kacey,,,,,pop music,http://www.kaceymusgraves.com
http://www.wikidata.org/entity/Q2779052,00032365602 IPI,m,1942-12-14T00:00:00Z,Oelwein,Wagner,Richard,,,,,popular music,http://www.wagnermusic.com/
http://www.wikidata.org/entity/Q2798948,Dessa Darling,f,1981-05-23T00:00:00Z,Minneapolis,,,,,,,hip hop music,http://dessa.bandcamp.com
http://www.wikidata.org/entity/Q2746861,Leigh Anne Bingham Nash,f,1976-06-27T00:00:00Z,New Braunfels,Nash,Leigh,,,,,rock music,
http://www.wikidata.org/entity/Q2745548,,f,1956-07-12T00:00:00Z,Oklahoma City,,Sandi,,,,,Christian music,http://www.sandipatty.com
http://www.wikidata.org/entity/Q2818844,,m,1975-01-01T00:00:00Z,New York City,,,,,,,African-American music,
http://www.wikidata.org/entity/Q2864978,00040046235 IPI,m,1940-05-10T00:00:00Z,Florence,Alexander,Arthur,,,,,popular music,
http://www.wikidata.org/entity/Q2779073,,m,1946-08-04T00:00:00Z,Boston,Powers,Walter,,,,,,
http://www.wikidata.org/entity/Q2757025,,m,1934-11-16T00:00:00Z,Atlanta,Jarvis,Felton,,,,,,
http://www.wikidata.org/entity/Q2819263,,m,1970-09-29T00:00:00Z,New York City,,,,,,,African-American music,https://www.myspace.com/gettirecords
http://www.wikidata.org/entity/Q2749486,Gladys Catherine Horton,f,1945-05-30T00:00:00Z,Gainesville,Horton,Catherine,,,,,popular music,
http://www.wikidata.org/entity/Q2842639,,f,1973-03-08T00:00:00Z,New York City,,Amel,,,,,popular music,http://amellarrieux.com/
http://www.wikidata.org/entity/Q2881691,,m,1964-12-12T00:00:00Z,Cynthiana,,Ernie,,,,,,http://erniesigsound.com/
http://www.wikidata.org/entity/Q2896690,,m,1946-01-01T00:00:00Z,Munich,Miller,,,,,,,
http://www.wikidata.org/entity/Q2860153,,m,1918-09-04T00:00:00Z,Franklin County,Edwards,Archie,,,,,music,
http://www.wikidata.org/entity/Q2836527,Alicia Armendariz,f,1958-11-07T00:00:00Z,Los Angeles,,Alice,,,,,popular music,http://www.alicebag.com
http://www.wikidata.org/entity/Q2820828,Abriea Mitchell Cook,f,1884-09-25T00:00:00Z,New York City,Mitchell,Abbie,,,,,,
http://www.wikidata.org/entity/Q2897920,,m,1960-01-02T00:00:00Z,New York City,Fowler,Bernard,,,,,popular music,http://www.bernardfowler.com
http://www.wikidata.org/entity/Q2855217,,f,1928-10-06T00:00:00Z,Mount Vernon,Werle,Barbara,,,,,,
http://www.wikidata.org/entity/Q2818542,Charles Misodi Njapa,m,1976-03-03T00:00:00Z,Long Island,,Charles,,,,,rap music,http://eightyocho.com/
http://www.wikidata.org/entity/Q2844979,,f,1967-05-04T00:00:00Z,"Washington\, D.C.",Gasteyer,Ana,,,,,,http://anagasteyerinconcert.com/
http://www.wikidata.org/entity/Q2900400,,f,1928-11-06T00:00:00Z,Atlanta,Wolff,Beverly,,,,,,
http://www.wikidata.org/entity/Q2832939,,m,1978-05-12T00:00:00Z,Los Angeles,,Alex,,,,,popular music,https://www.alexebert.com
http://www.wikidata.org/entity/Q2886185,,m,1977-12-28T00:00:00Z,Toronto,Levine,Baruch,,,,,,http://www.baruchlevine.com/
http://www.wikidata.org/entity/Q2752357,,f,1974-12-10T00:00:00Z,Hong Kong,,,,,Perry Farrell,,,
http://www.wikidata.org/entity/Q2772878,,m,1974-01-14T00:00:00Z,Sacramento,,,,,,,hip hop music,
http://www.wikidata.org/entity/Q2837729,,m,1907-10-14T00:00:00Z,Lackawanna County,Jones,Allan,,,Beulah Irene Herwick,,,
http://www.wikidata.org/entity/Q2752579,,f,1968-01-01T00:00:00Z,Grand Rapids,,Michelle,,,,,,
http://www.wikidata.org/entity/Q2839247,,m,1970-11-26T00:00:00Z,South Bend,Gunn,Nathan,,,,,,
