ASI,ASSTY,ASTTY,ASSTI,ASSTR,Ti,CURB,Des,SRASSI,CHEI,ASCATE,CONSC,SI,CI,BFOR,TII,VARII
7524,A,In vivo,10116.0,,50597,Intermediate,Biodistribution in normal rat kidney in the presence of 0.005 M Gd/0.01 M lig at 2 hr,,CHEMBL618647,,1,1,,BAO_0000218,2113.0,
7525,A,In vivo,10116.0,,50597,Intermediate,Biodistribution in normal rat kidney in the presence of 0.01 M Gd/0.05 M lig,,CHEMBL618648,,1,1,,BAO_0000218,2113.0,
7526,A,In vivo,10116.0,,50597,Intermediate,Biodistribution in normal rat kidney in the presence of NAC Gd 0.01 M lig at 2 hr,,CHEMBL618649,,1,1,,BAO_0000218,2113.0,
7527,A,In vivo,10116.0,,50597,Intermediate,Biodistribution in normal rat liver in the presence of 0.005 M Gd/0.01 M lig at 2 hr,,CHEMBL618650,,1,1,,BAO_0000218,2107.0,
7528,A,In vivo,10116.0,,50597,Intermediate,Biodistribution in normal rat liver in the presence of 0.01 M Gd/0.05 M lig,,CHEMBL618651,,1,1,,BAO_0000218,2107.0,
7529,A,In vivo,10116.0,,50597,Intermediate,Biodistribution in normal rat liver in the presence of NAC Gd 0.01 M lig at 2 hr,,CHEMBL876497,,1,1,,BAO_0000218,2107.0,
7530,A,In vivo,10116.0,,50597,Intermediate,Biodistribution in normal rat lung in the presence of 0.005 M Gd/0.01 M lig at 2 hr,,CHEMBL618652,,1,1,,BAO_0000218,2048.0,
7531,A,In vivo,10116.0,,50597,Intermediate,Biodistribution in normal rat lung in the presence of 0.01 M Gd/0.05 M lig,,CHEMBL618653,,1,1,,BAO_0000218,2048.0,
7532,A,In vivo,10116.0,,50597,Intermediate,Biodistribution in normal rat lung in the presence of NAC Gd 0.01 M lig at 2 hr,,CHEMBL618654,,1,1,,BAO_0000218,2048.0,
7533,A,,10116.0,,50597,Intermediate,Recovery rate from urine and bile was determined after iv administration at 20 mg/kg in rats; Not tested,,CHEMBL618655,,1,1,,BAO_0000218,,
7534,A,,10116.0,,50597,Intermediate,Compound was tested for solubility in water,,CHEMBL618656,,1,1,,BAO_0000218,,
7535,P,,,,22229,Intermediate,Solubility in phosphate buffered saline (1% DMSO) at pH 6.5 (24 hr equilibration),,CHEMBL618657,,0,1,,BAO_0000100,,
7536,A,,10116.0,,50597,Intermediate,Solubility was determined,,CHEMBL618658,,1,1,,BAO_0000218,,
7537,A,,10116.0,,50597,Intermediate,solubility in water (ug/mL) at 37 degree C.,,CHEMBL618659,,1,1,,BAO_0000218,,
7538,A,,10116.0,,50597,Intermediate,First pass metabolism and metabolic bioavailability using rat hepatic microsomes,,CHEMBL618660,,1,1,,BAO_0000218,,
7539,A,,10116.0,,50597,Intermediate,In vitro stability relative to (+)-AJ76 in rat hepatocyte assay,,CHEMBL618661,,1,1,,BAO_0000218,,
7540,A,,10116.0,,50597,Intermediate,Half life in rats,,CHEMBL873807,,1,1,,BAO_0000218,,
7541,A,,10116.0,,50597,Intermediate,Half life in Dawley rat,,CHEMBL618662,,1,1,,BAO_0000218,,
7542,A,In vivo,10116.0,,50597,Intermediate,Half life period after 3 mg/kg iv administration,,CHEMBL618663,,1,1,,BAO_0000218,,
7543,A,In vivo,10116.0,,50597,Intermediate,Half life period after 3 mg/kg iv administration in rat,,CHEMBL618664,,1,1,,BAO_0000218,,
7544,A,In vivo,10116.0,,50597,Intermediate,Half life period after 3 mg/kg iv administration in the rat,,CHEMBL618665,,1,1,,BAO_0000218,,
7545,A,,10116.0,,50597,Intermediate,Half life period in female Sprague-Dawley rats,,CHEMBL876498,,1,1,,BAO_0000218,,
7546,A,,10116.0,,50597,Intermediate,Half life period in rat,,CHEMBL618666,,1,1,,BAO_0000218,,
7547,A,,10116.0,,50597,Intermediate,Half-life in rats was determined,,CHEMBL620440,,1,1,,BAO_0000218,,
7548,A,,10116.0,,50597,Intermediate,Half-life in rats with metabolic oxidation,,CHEMBL620441,,1,1,,BAO_0000218,,
7549,A,,10116.0,,50597,Intermediate,Half-life in rats,,CHEMBL620442,,1,1,,BAO_0000218,,
7550,A,In vivo,10116.0,,50597,Intermediate,T 1/2 at a dose of 10 mg/Kg administered intravenously in female hanover-wistar rat,,CHEMBL620443,,1,1,,BAO_0000218,,
7551,A,In vivo,10116.0,,50597,Intermediate,T 1/2 at a dose of 10 mg/Kg administered perorally in female hanover-wistar rat,,CHEMBL620444,,1,1,,BAO_0000218,,
7552,A,In vivo,10116.0,,50597,Intermediate,T max at a dose of 10 mg/Kg administered intravenously in female hanover-wistar rat,,CHEMBL620445,,1,1,,BAO_0000218,,
7553,A,In vivo,10116.0,,50597,Intermediate,T max at a dose of 10 mg/Kg administered perorally in female hanover-wistar rat,,CHEMBL620446,,1,1,,BAO_0000218,,
7554,A,,10116.0,,50597,Intermediate,Biological half-life measured in plasma of rat,,CHEMBL620447,,1,1,,BAO_0000218,1969.0,
7555,A,,10116.0,,50597,Intermediate,Biological half-life measured in plasma of rat; 22-25,,CHEMBL621129,,1,1,,BAO_0000218,1969.0,
7556,A,,10116.0,,50597,Intermediate,Biological half-life measured in plasma of rat; 9-16,,CHEMBL621130,,1,1,,BAO_0000218,1969.0,
7557,A,In vivo,10116.0,,50597,Intermediate,Compound was evaluated for its half life when administered intravenously in rat,,CHEMBL873808,,1,1,,BAO_0000218,,
7558,A,In vivo,10116.0,,50597,Intermediate,Compound was evaluated for pharmacokinetic parameter percent bioavailability at 8 h,,CHEMBL876598,,1,1,,BAO_0000218,,
7559,A,In vivo,10116.0,,50597,Intermediate,Evaluated for pharmacokinetic parameter half-life in rat at the dose 50 mg/kg,,CHEMBL621131,,1,1,,BAO_0000218,,
7560,A,In vivo,10116.0,,50597,Intermediate,Half life (T1/2) after oral administration in rat,,CHEMBL621132,,1,1,,BAO_0000218,,
7561,A,In vivo,10116.0,,50597,Intermediate,Half life of compound after iv administration of 20 mg/kg dose in rat,,CHEMBL621133,,1,1,,BAO_0000218,,
7562,A,In vivo,10116.0,,50597,Expert,Half life of compound determined in rat after iv administration at a dose of 10 mg/kg,,CHEMBL621312,,1,1,,BAO_0000218,,
7563,A,,10116.0,,50597,Intermediate,Half life of compound was determined in rat,,CHEMBL621313,,1,1,,BAO_0000218,,
7564,A,,10116.0,,50597,Intermediate,Half life of compound was determined in rat blood,,CHEMBL621314,,1,1,,BAO_0000218,178.0,
7565,A,In vivo,10116.0,,50597,Intermediate,Half life at 1 mg/kg was determined in rat,,CHEMBL621315,,1,1,,BAO_0000218,,
7566,A,In vivo,10116.0,,50597,Intermediate,Half life at 10 mg/kg was determined in rat,,CHEMBL621316,,1,1,,BAO_0000218,,
7567,A,,10116.0,,50597,Intermediate,Half life in rats,,CHEMBL621317,,1,1,,BAO_0000218,,
7568,A,,10116.0,,50597,Intermediate,Half life in rats in hours,,CHEMBL621318,,1,1,,BAO_0000218,,
7569,A,In vivo,10116.0,,50597,Intermediate,Half life following 10 mg/kg intravenous or 50 mg/kg oral dosing in rats was determined,,CHEMBL621319,,1,1,,BAO_0000218,,
7570,A,In vivo,10116.0,,50597,Intermediate,Half life was calculated at a single intravenous administration of 20 mg/kg in rat,,CHEMBL621377,,1,1,,BAO_0000218,,
7571,A,,10116.0,,50597,Intermediate,Half life was determined,,CHEMBL621378,,1,1,,BAO_0000218,,
7572,A,In vivo,10116.0,,50597,Intermediate,Half life after i.v. administration,,CHEMBL876599,,1,1,,BAO_0000218,,
7573,A,In vivo,10116.0,,50597,Intermediate,Half life in rat after intravenous administration at a concentration 0.5 mg/kg,,CHEMBL621379,,1,1,,BAO_0000218,,
7574,A,,10116.0,,50597,Intermediate,Half life in rat plasma,,CHEMBL621380,,1,1,,BAO_0000218,1969.0,
7575,A,,10116.0,,50597,Intermediate,Half life in rat plasma; Not detected,,CHEMBL621381,,1,1,,BAO_0000218,1969.0,
7576,A,,10116.0,,50597,Intermediate,Half life in rats,,CHEMBL618515,,1,1,,BAO_0000218,,
7577,A,In vivo,10116.0,,50597,Intermediate,Half life period of compound was determined after peroral administration,,CHEMBL618516,,1,1,,BAO_0000218,,
7578,A,In vivo,10116.0,,50597,Intermediate,Half life period of compound was determined at a dose of 3 mg/kg by intravenous administration,,CHEMBL618517,,1,1,,BAO_0000218,,
7579,A,,10116.0,,50597,Intermediate,Half life period in rat,,CHEMBL618518,,1,1,,BAO_0000218,,
7580,A,In vivo,10116.0,,50597,Intermediate,Half life period was evaluated against Sprague-Dawley rats at a dose of 15 mg/kg after iv administration,,CHEMBL618519,,1,1,,BAO_0000218,,
7581,A,In vivo,10116.0,,50597,Intermediate,Half life period was evaluated in Sprague-Dawley rats at a dose of 15 mg/kg after po administration,,CHEMBL618698,,1,1,,BAO_0000218,,
7582,A,In vivo,10116.0,,50597,Intermediate,Half life period was evaluated in Sprague-Dawley rats at a dose of 15 mg/kg after po administration; Not available,,CHEMBL618862,,1,1,,BAO_0000218,,
7583,A,In vivo,10116.0,,50597,Intermediate,Half life period was determined after intravenous administration at a dose 5 mg/kg to male Sprague-Dawley rats,,CHEMBL618863,,1,1,,BAO_0000218,,
7584,A,In vivo,10116.0,,50597,Intermediate,Half life period was determined for compound after intravenous administration in rats at 24 uM/kg,,CHEMBL618864,,1,1,,BAO_0000218,,
7585,A,In vivo,10116.0,,50597,Intermediate,Half life time in rat the dose of 2 mg/kg,,CHEMBL618865,,1,1,,BAO_0000218,,
7586,A,In vivo,10116.0,,50597,Intermediate,Half-life 24 hr after 10 mg/kg iv administration in rats,,CHEMBL618866,,1,1,,BAO_0000218,,
7587,A,In vivo,10116.0,,50597,Intermediate,Half-life 24 hr after 2 mg/kg iv administration in rats,,CHEMBL618867,,1,1,,BAO_0000218,,
7588,A,,10116.0,,50597,Intermediate,Half-life consistent with the observed metabolic steady state in rats,,CHEMBL875828,,1,1,,BAO_0000218,,
7589,A,In vivo,10116.0,,50597,Intermediate,Half-life following 10 mg/kg intravenous or 50 mg/kg oral dosing in rats was determined,,CHEMBL618868,,1,1,,BAO_0000218,,
7590,A,,10116.0,,50597,Intermediate,Half-life for oxidative metabolic stability was determined using male human,,CHEMBL618869,,1,1,,BAO_0000218,,
7591,A,In vivo,10116.0,,50597,Intermediate,"Half-life in fischer rats at 5 mg/kg dose, administered intravenously",,CHEMBL618870,,1,1,,BAO_0000218,,
7592,A,,10116.0,,50597,Intermediate,Half-life in rat plasma,,CHEMBL618871,,1,1,,BAO_0000218,1969.0,
7593,A,,10116.0,,50597,Intermediate,Half-life in rat plasma was determined,,CHEMBL618872,,1,1,,BAO_0000218,1969.0,
7594,A,,10116.0,,50597,Intermediate,Half-life in rats was determined,,CHEMBL873816,,1,1,,BAO_0000218,,
7595,A,,,,22224,Autocuration,Area under curve of acid 2a was determined by HPLC at a dosage of 54.5 mg/kg administered intragastrically by gavage method in dog,,CHEMBL618873,,0,1,,BAO_0000218,,
7596,A,,,,22224,Autocuration,Area under curve after oral dose of 0.1 mg//kg,,CHEMBL621602,,0,1,,BAO_0000019,,
7597,A,,,,22224,Autocuration,Area under curve after oral dose of 0.3 mg/kg,,CHEMBL621603,,0,1,,BAO_0000218,,
7598,A,,,,22224,Autocuration,Area under curve after oral dose of 1 mg/kg,,CHEMBL621604,,0,1,,BAO_0000218,,
7599,A,,,,22224,Autocuration,Area under curve after oral dose of 10 mg/kg,,CHEMBL621605,,0,1,,BAO_0000218,,
7600,A,,,,22224,Autocuration,Area under curve after oral dose of 23.4 mg/kg,,CHEMBL621606,,0,1,,BAO_0000218,,
7601,A,,,,22224,Autocuration,Area under curve after oral dose of 3 mg/kg,,CHEMBL621607,,0,1,,BAO_0000218,,
7602,A,,,,22224,Autocuration,Area under curve after oral dose of 3.87 mg/kg,,CHEMBL621608,,0,1,,BAO_0000218,,
7603,A,,,,22224,Autocuration,Area under curve was determined,,CHEMBL621609,,0,1,,BAO_0000019,,
7604,A,,,,22224,Autocuration,Area under curve at a dose of 10 mg/kg,,CHEMBL621610,,0,1,,BAO_0000218,,
7605,A,,10116.0,,50597,Intermediate,Area under curve was determined; ND=No data,,CHEMBL621611,,1,1,,BAO_0000218,,
7606,A,,10116.0,,50597,Intermediate,Area under curve was evaluated in rat brain when administered intraperitoneally at a dose of 10 mg/kg for 4 or 6 hours,,CHEMBL621612,,1,1,,BAO_0000218,,
7607,A,,10116.0,,50597,Intermediate,Area under curve was evaluated in rat brain when administered intraperitoneally at a dose of 10 mg/kg for infinite hours,,CHEMBL622308,,1,1,,BAO_0000218,,
7608,A,,10116.0,,50597,Intermediate,Area under curve was evaluated in rat brain when administered intravenously at a dose of 10 mg/kg for 4 or 6 hours,,CHEMBL622309,,1,1,,BAO_0000218,,
7609,A,,10116.0,,50597,Intermediate,Area under curve was evaluated in rat brain when administered intravenously at a dose of 10 mg/kg for infinite hours,,CHEMBL622310,,1,1,,BAO_0000218,,
7610,A,,10116.0,,50597,Intermediate,Area under curve was evaluated in rat brain when administered perorally at a dose of 100 mg/kg for 4 or 6 hours,,CHEMBL622311,,1,1,,BAO_0000218,,
7611,A,,10116.0,,50597,Intermediate,Area under curve was evaluated in rat brain when administered perorally at a dose of 100 mg/kg for infinite hours; Not calculated,,CHEMBL622312,,1,1,,BAO_0000218,,
7612,A,,10116.0,,50597,Intermediate,Area under curve was evaluated in rat brain when administered perorally at a dose of 10 mg/kg for 4 or 6 hours,,CHEMBL622931,,1,1,,BAO_0000218,,
7613,A,,10116.0,,50597,Intermediate,Area under curve was evaluated in rat brain when administered perorally at a dose of 10 mg/kg for infinite hours; Not calculated,,CHEMBL622932,,1,1,,BAO_0000218,,
7614,A,,10116.0,,50597,Intermediate,Area under curve was evaluated in rat plasma when administered intraperitoneally at a dose of 10 mg/kg for 4 or 6 hours,,CHEMBL622736,,1,1,,BAO_0000218,1969.0,
7615,A,,10116.0,,50597,Intermediate,Area under curve was evaluated in rat plasma when administered intraperitoneally at a dose of 10 mg/kg for infinite hours,,CHEMBL622737,,1,1,,BAO_0000218,1969.0,
7616,A,,10116.0,,50597,Intermediate,Area under curve was evaluated in rat plasma when administered intravenously at a dose of 10 mg/kg for 4 or 6 hours,,CHEMBL622738,,1,1,,BAO_0000218,1969.0,
7617,A,,10116.0,,50597,Intermediate,Area under curve was evaluated in rat plasma when administered intravenously at a dose of 10 mg/kg for infinite hours,,CHEMBL622739,,1,1,,BAO_0000218,1969.0,
7618,A,,10116.0,,50597,Intermediate,Area under curve was evaluated in rat plasma when administered perorally at a dose of 100 mg/kg for 4 or 6 hours,,CHEMBL622740,,1,1,,BAO_0000218,1969.0,
7619,A,,10116.0,,50597,Intermediate,Area under curve was evaluated in rat plasma when administered perorally at a dose of 100 mg/kg for infinite hours,,CHEMBL622741,,1,1,,BAO_0000218,1969.0,
7620,A,,10116.0,,50597,Intermediate,Area under curve was evaluated in rat plasma when administered perorally at a dose of 10 mg/kg for 4 or 6 hours,,CHEMBL622742,,1,1,,BAO_0000218,1969.0,
7621,A,,10116.0,,50597,Intermediate,Area under curve was evaluated in rat plasma when administered perorally at a dose of 10 mg/kg for infinite hours,,CHEMBL622743,,1,1,,BAO_0000218,1969.0,
7622,A,,10090.0,,50594,Intermediate,AUC in mice,,CHEMBL622744,,1,1,,BAO_0000218,1969.0,
7623,A,,,,22224,Autocuration,Area under curve was measured from the graph obtained from concentration Vs time,,CHEMBL624134,,0,1,,BAO_0000019,,
