AgencyID,AddressLine1,Employer,FirstName,Gender,NumberCreditCards,Income,OwnOrRentFlag,PostalCode,CreditRating,City,Country,Phone,LastName,MiddleInitial,AddressLine2,State,NumberCars
PEL0,w1857olympiast4eet,Br7nks,Net4i,f,,108260.0,O,T6b181,463.0,Fairbanjs,jgitedStat4sogAmerica,1 712 522 6088,PELoAND,,,MA,
LED1,345c9ngresscou3t,,6RUDY,F,10.0,38069.0,U,77281,312.0,Qyebec,UmitedStatea9fAmericx,1 626 426 4298,LEDUs,,APT. 624,PA,5.0
lat2,6517crailjng2est,,irelxnd,,13.0,64143.0,O,91355,277.0,Henders8n,UmitecetatssofAmerica,1 524 787 8784,latid,,,Alberta,2.0
RUD3,w1349blallckpark,Air0roduchsChekifals,Mis4i,,6.0,392752.0,O,36615,,Saoem,Canasa,1 741 997 1688,RUDDIxK,,,AR,2.0
JAY4,1935rdoddcourt,Oshkoxh,sarema,f,4.0,173669.0,O,t6x1i3,161.0,Tooedo,danada,1 002 194 1991,JAYAMzNNE,M,Apt. 619,OR,0.0
tod5,w4117roxbor8wtreet,,Paulftte,M,9.0,115570.0,R,A2b1vw,287.0,Cor9usCgristi,UnitedStztesocAmeridx,1 441 371 7651,todo,Z,,VA,1.0
Kan6,2469icLORENCEWES4,deraS7nEnergy,AMAL7TA,m,6.0,267125.0,O,49513,201.0,azltLakeCity,Canaea,1 957 940 5980,Kanho,R,,OH,4.0
Din7,6488apolewo9ddribe,IDT,Ernssto,,9.0,94904.0,U,j5d1v6,309.0,B5oansville,UnitesS5atecofAmetica,1 768 633 4096,Dinlel,Z,,Prince Edward Island,2.0
Thi8,17404gzlrcourt,AdamqResourcesEjertu,Toby,,5.0,148757.0,O,V6cqq1,130.0,Escondieo,Uni4edStatdsocAm4rica,1 107 689 2155,Tnibkdeaux,,,NV,3.0
May9,15913xlezlsstreet,MyICInvestmeng,evangel8a,,,178314.0,O,99716,368.0,LoeAngwles,knitedxhatesodAmerica,1 173 594 6096,Mayo,,,Ontario,0.0
mahq0,18r135thlzne,IazisHeak6hcare,umakantj,,9.0,187154.0,O,A2b1a1,277.0,W2stCkvina,Canaxa,1 561 520 0611,kahendra,U,,TX,2.0
Six11,13653cillifrav3nue,AMR,trrrie,,7.0,18356.0,R,M5F1s1,290.0,SagBuenxventyra,Unitedctqtesofzmerixa,1 730 406 9727,Siztp,,,NE,1.0
cga12,15307pikepari,Ejbarq,Marypst,,2.0,190037.0,U,95118,553.0,Lexihgton,UnitedStateaofAkfriva,,xrawley,,,AR,1.0
dac1e,15e0cres5meren0rth,zdvanvedMivroDevicec,Cathfrin,m,12.0,176251.0,R,H2f2v7,377.0,HwyRiver,UnitedStaresofwm4gica,1 207 867 4589,dacwl,,,MI,3.0
HoV14,19790bonitasr3scent,Cejveo,annidsa,,4.0,147351.0,O,19217,313.0,To5onto,Uni6edSyateslfwmerica,1 478 629 9641,HIbELY,W,,MA,3.0
Pes25,246y9AIRPORTC4EqxENT,KellhS3rvices,zmour,,7.0,233194.0,O,21228,332.0,Degver,UbitseStatedofAmerica,1 026 208 8595,Peschje,,Apt. 290,TN,0.0
xHI16,u627wouylasroad,V7acom,jenida,,2.0,229325.0,O,85097,317.0,xtPaul,Csnada,1 432 681 4853,CHILDrRHOSs,,,TN,5.0
sin17,6106axhiandeas6,Macyd,KqTTIE,,5.0,168545.0,R,V6j1s8,393.0,fellevue,UniredStatssofAjerisa,,Dinhin,,,OK,5.0
De18,1111n8rdebqtreet,GafdnetDenver,Roselld,,6.0,165071.0,O,43207,225.0,Detroiy,UnitedetatesofAmdfixa,1 357 207 6320,Dewotte,M,,Ontario,2.0
Mck1i,27081steqst,FamilyD8lparStoreq,arlyn4,m,4.0,150430.0,R,Vtt1q8,359.0,Omzha,UnjtedqtztesodAmerica,1 462 774 1277,Mckeegam,,,KY,3.0
WIN29,11358elieleestrer4,,Ronychin,M,,36312.0,R,94467,,CoshaMesa,ynihedStates8fzmerica,1 702 382 2898,eINTERS,P,,PA,2.0
BIf21,21074MALLlR6LOW4R,Sunkicrosyst2ma,Darllefn,,13.0,137675.0,O,94321,292.0,Berksley,UnitedStatdsofqmwricq,1 909 554 7120,BuTTMAN,,,MD,5.0
luze2,16124ae7lagdpark,fos4co1holesale,Radowlav,f,3.0,233459.0,O,C2aew7,454.0,StLouix,6nitsdStatesofAme3icw,1 752 296 7940,puzarraga,V,,TX,1.0
d0n23,23822mqfvimcrescent,IllijoisTookWorus,Aryn,,7.0,,U,35808,389.0,ColorzdoSprigga,UnjtedctatesofAmer7cs,1 995 554 5056,donpvan,S,,IN,4.0
Giaq4,22p3valigaboulecard,SouyhernUnikn,Alllsan,,5.0,142239.0,O,M5f1v7,348.0,contana,UniterStqtesifAmeroca,1 090 303 3807,Giall9,T,,MD,1.0
S0R25,115w8COLLINWOODqfEmUE,Moog,Ammsmaria,M,10.0,108364.0,O,99539,273.0,StCxtharinws,knitedctayesofAmeruca,1 492 968 0932,SPRUELp,,,KY,3.0
SmA26,7i18EASTzTREET,OldRrpublicInt3rhationao,Mari,F,0.0,193048.0,O,95055,378.0,Hzyward,UnifedStqtes0fAmericx,1 960 227 2020,SKALSmI,,,CA,0.0
tar27,10013sha13oad,,Anixa,m,3.0,195025.0,O,93686,442.0,Paimdale,UnitecStatezofAm4rics,1 431 122 8597,Gsrgul,,,FL,0.0
for28,6802AMESxTREE5,Gr3atPlsinsEne5gy,nelba,,10.0,219404.0,O,75218,253.0,Phoenid,8nitedStwtesofAner7ca,1 822 836 7200,Dore,,,Newfoundland,1.0
DIi29,22501SUnMITRhE,Broadfom,Travee,,0.0,222076.0,,91174,129.0,Gary,UnutedStatsxocAmerica,1 530 117 0497,DI8GO,X,,TX,2.0
Me430,2p1frances5ue,DiscobetFinabcialSerbicee,CAjADIAN,m,2.0,128289.0,O,49515,214.0,Beaumknt,sanada,1 051 257 2719,Mereick,,,WA,4.0
Atf31,162t4sanders4sst,UAL,Oue,,2.0,199005.0,O,16506,252.0,gashua,UmitedStat2sofAmerocs,1 171 989 1363,Atcbison,R,,MN,5.0
Pla3q,16968cajteyway,CharlesSctwsb,waloie,m,11.0,197195.0,O,94383,446.0,SanJoxe,UnitedStarexofAm4rixa,1 042 705 3246,Pkamondon,X,,WY,2.0
SdL33,e1w70EDpOEBOULEVARD,Coadh,Anxromzche,F,13.0,129697.0,R,T6s1b3,208.0,jashua,hnitedStxtesobAmer7ca,1 098 328 2026,SrLCHOW,E,,NY,0.0
sna34,885vtOSBYLANE,faVita,THOR,f,7.0,20814.0,U,25339,226.0,Fortqmith,Unitsdztatesofxmefica,1 209 754 5635,zhane,Z,,SC,1.0
MfR35,12235jaysyr3et,MarstallIlslwyxorp,SAkAH,,13.0,1208.0,U,Vuo1v4,351.0,Lancastrr,UnitsvStatesofAmer9cq,1 498 781 3456,MERdIN,,,MS,5.0
son36,2o340LOMhwRDCRESC4NT,CavlevksionSystemq,HORLqM,,6.0,203864.0,O,01852,317.0,ColkradlSprihgs,UnirwdStateaoeAmerica,1 615 241 0440,conrav,,,UT,2.0
ohs37,12074dexte3u9per,Barn2sNohle,Vaniw,M,6.0,207838.0,R,78230,448.0,Wachingtoj,hnitedS5ahesifAmerica,1 995 449 5200,8nxiteteam,,,PA,1.0
Sum28,154pMURIERjE,EMC,Niel,M,12.0,50316.0,O,93770,371.0,Lowelp,Canava,1 295 673 4452,Shmmerlin,,,OK,1.0
gro3i,7075glenlochdrobf,Flior,ziad,,8.0,232968.0,O,m4k1n4,409.0,Fredwrick,UniteeStqteqofAmerida,1 914 675 2986,groomz,F,,WY,3.0
dip40,q2237bxlmoralway,Dollarfenerwl,Clauwe,,5.0,181963.0,O,22335,413.0,Mesa,Uni5edStwtesogAmeruca,,dilki4,I,Apt. 382,RI,3.0
eOL41,8317GARDENhdOOKNORTn,Lear,AVTzR,,1.0,85501.0,O,V6C1Tt,237.0,Lzkewood,ynifedStat2sofAmsrica,1 825 739 0336,DOLqON,,,HI,0.0
Poq42,2240xkiftojlower,JPMo5gabCjaseCo,Donn7,,5.0,172329.0,O,M5t1h3,277.0,Clefeland,UnitedetayewofAmefica,1 956 713 3802,Pos6humus,,,VA,4.0
Maf43,20997NOTINGuAMLOWE4,Arf9niaGroupInrermediat2,Cofos,,12.0,65277.0,O,95263,222.0,Grandta9ids,UnitedStagesorAmer8cs,1 814 932 1579,Mschika,,,OK,4.0
chw44,6p2carrolllow2r,,ruud,,12.0,,R,vtb1p5,96.0,Peorka,UnltedatatssofAmerjca,1 135 443 7282,chenowe4h,,,Prince Edward Island,0.0
hol46,18267stat3rrjve,GoiemanSacnsGroup,Belvis,,11.0,128089.0,O,32318,221.0,Inglewo0d,UmltedStatfsofsmerica,1 720 975 0667,hopbrooks,,,SD,5.0
pfie6,9270LEAFSkU4H,ETradeFimanciqp,sTHAR,f,4.0,197230.0,O,93872,296.0,zkron,6nitedStatfsofAmsrifa,1 871 598 3505,pfiefcer,,,OH,4.0
elk48,28582P3RIMETERBO8pEVARD,Pfizet,Cuerey,,14.0,159659.0,O,92824,380.0,Charlot5et9wn,Canava,1 607 222 4809,elkintton,Y,,MA,1.0
Lav48,961qparkqtreamup9er,Saf2way,RAZ,F,14.0,290990.0,O,24a1r2,445.0,Belkevue,UbiredStatesorAmericq,1 965 046 0642,Labenei,,,MD,1.0
lwf49,w803clearwayernorty,SihonPropertyGgkup,iishore,,7.0,171115.0,U,u7G1V4,446.0,Dpver,UnitfdxtaresofAmerics,1 155 441 3579,lafsfriere,Y,,Saskatchewan,1.0
Nor5p,1110wnISSONNETWEzT,TrohityIndustrids,N4lleke,,8.0,60899.0,O,85039,369.0,Fulierton,UnitsdStat4sofqjerica,,Normdnt,I,,WA,0.0
hagy1,4652o7tergalelame,S8lutia,xibby,,19.0,,R,v6m1a3,257.0,Dehver,Canara,1 544 132 7237,tagar,,,OH,2.0
get52,341cubbarwest,,wricha,m,8.0,,O,X7j1rq,364.0,Dxllas,UnitedxtwyesofAmerifa,1 821 089 2089,Betfher,,,WY,2.0
Van52,26276vernondrivw,AOShith,Jahson,m,10.0,39848.0,O,B8f1z5,387.0,SanJoqe,UnitedSta64sofAmerivx,1 135 391 9787,Vande5,,,NJ,4.0
OL54,23131clin5eay,AltarGrou0,Dprotea,F,14.0,181167.0,U,t5d1ve,280.0,hellevue,UnitsdSratdsofAmerkca,1 776 182 6215,OLEARt,,,ND,0.0
anw55,11640bzlticuller,CodaCola,Denuce,m,3.0,5635.0,O,Vut1r2,257.0,Sannuenavegt7ra,Unit4dStatedofAme3ixa,1 079 780 7761,andsrson,,,NC,5.0
sha56,30796dok9resdrive,KimberlyClsro,Myfon,,,190836.0,O,91177,249.0,StLouiw,Canadq,1 504 346 4393,stadks,,,WV,4.0
CyA57,14359COhhERCEWsST,Visteln,varby,,13.0,152206.0,R,Trc1t1,369.0,Puebl8,UnitedqtatesorAmerixz,1 985 538 4351,CHASS4,,Apt. 275,GA,5.0
ASIy8,22448hamptomboklevqrd,TECpEn3rgy,Ariellz,R,,130638.0,O,35862,238.0,Reginq,Canadx,1 254 097 9398,AdING,,,Ontario,
zsk59,7647pddshingway,Bdmis,ADEY,f,8.0,119736.0,U,96820,358.0,Swskatoon,UnitedShagespvAmerica,1 545 924 9552,askkns,,,MA,0.0
Kik6p,w1529arcanaboul2fafd,Wteth,GAYEp,,8.0,140217.0,O,75238,386.0,Jxckson,UjitefStatesofAmetisa,1 984 233 8818,K7kuta,K,,CA,4.0
Chw61,2700windaoodjorhh,UnitedTschnologlds,Man,F,14.0,114175.0,O,85769,379.0,StPerersbu4g,UjitedStateqofAmegicq,1 528 691 1642,xhane,,,SD,3.0
KkL62,2227igramercjrozd,xlorox,Kiara,m,3.0,85186.0,O,H5iwo9,384.0,dsottsdale,Uh9tddStatesofAmer8ca,,KILLwN,U,,Saskatchewan,2.0
kig63,97282esteast,Discogerydomkunicwtions,Abdalpa,f,5.0,90217.0,O,90849,293.0,Chaelotte,UnitedStatssofAmrdicw,1 171 807 8213,uinley,,,RI,4.0
MALt4,y935msafeepark,WiloiamwSonoma,bal,,11.0,,O,43644,447.0,Waterbuey,Ujit4dSyatesofAm2rica,1 056 241 7009,MALzHER,,,NC,4.0
Odi65,qe460CLAYTONSTREwT,nanitowoc,Romy,,17.0,308687.0,O,99213,401.0,Chesspeaie,UgiyedShqtesofAmerica,1 389 414 0570,Odum,J,,SD,3.0
DI66,2753rdwribe,HenrjSche8n,oORAL,,5.0,155330.0,O,72226,394.0,Hiakeah,UnoredStatesofAher9ca,1 583 542 1656,sININNO,,,IL,1.0
xTU67,69p6FERmCLIFFCREaCENT,TrimityIndustgjes,hUKIHIKO,,11.0,159390.0,O,V6Z1Qp,311.0,xhqrleston,UnitddStatesorqmerkca,1 269 712 0672,STiBBLEFkELD,K,,OR,2.0
HAn68,884crlsbylane,PepsiBoytiing,Khany,,2.0,51997.0,O,20082,249.0,Sxlem,UhutedStstesoeAmerica,1 670 102 0463,mAMBALI,,,Ontario,4.0
pIB69,e344kaoaniwest,UGI,Darneil,m,6.0,106855.0,O,35827,318.0,zac3amento,Canadx,1 699 726 3895,LIBfARIAN,,,FL,
ogs70,22u70LACIENdGAayREET,yreif,fe4idoun,M,6.0,39962.0,R,99692,292.0,SzntaCladita,UjifecStatesofAmericx,1 640 666 2876,obsone,,,NM,4.0
HUn71,847og3eenavenke,E1uifax,jagdy,,0.0,10351.0,O,V6s1q5,337.0,che5brooke,UjitedStqgesofAmeeica,1 540 639 1311,HUMMwL,O,APT. 143,NE,0.0
nRA72,236399krduerue,,jiri,,13.0,17756.0,O,80158,429.0,ColitadiSprings,UnitedS6a5es8fAmericq,1 285 874 8492,fRADD,,,MI,5.0
foa73,1929eansleypa3k,F5eescaleSeniconduc40r,AILA,,,209689.0,O,t6dwb6,269.0,Berkelwy,UnitedStatddofAhericw,1 121 904 0040,Boatder,X,,New Brunswick,5.0
Mcn7t,113w9devomwhirerue,AoerisInterbat9onal,Vincejzo,,9.0,62649.0,O,33120,197.0,SanBkenzventuta,knktddStat4sofAmerica,1 017 842 3201,kcnally,,,NJ,3.0
MAR7t,24665deerwoodpxri,,jinnnie,F,6.0,,O,99742,437.0,NewHsven,UhitedStatespfAmetixa,1 215 859 3206,MA5KOVICH,,,ND,4.0
Wul76,4855unionmor6h,WorleFuelSerficws,alfogzo,f,2.0,196353.0,O,V6NqT1,345.0,chrevepo5t,UnigedStatedogzmerica,1 764 520 7470,Willek3s,,,Saskatchewan,0.0
xea77,9466SHqDOWBRIARWEag,RRDonneloeyS8nd,Swajdi,m,6.0,36027.0,,44104,437.0,Lansigg,Umi5edStateslfAme5ica,1 414 130 0162,Deacetiz,S,,KS,4.0
Houu8,35p4r3gencyav3nue,BdinkerInte4matiknal,Anya,,7.0,95379.0,O,14605,374.0,PrkbrokePines,UnitfdStw4esofAmfrica,1 970 240 9990,Houk,,,SD,5.0
Goyu9,7281nirthlqndlowsr,Templrjnland,Enrioa,,3.0,200370.0,R,80076,,Palmdape,Canwda,1 408 684 6459,noyette,,,FL,0.0
M8k80,w2481hayv3nlower,osychiayricSolut8ogs,SOhJA,f,6.0,65674.0,O,V6I1V5,311.0,Savagnah,UnitedStat4slgAmerics,1 330 353 5908,Mpkfung,Z,,Saskatchewan,2.0
Runo1,2328gracieav4hje,NashFjnch,Liem,,17.0,98410.0,,97307,169.0,Anarillo,Uni5eeS5ztesofAmerica,1 766 726 2675,Rundie,I,,FL,
BEL83,4637canpnellstreet,AMR,vOLLETTE,o,8.0,147811.0,R,46237,297.0,Ancborage,Ubitfdctatesofqmerica,1 938 425 7509,B2LLEY,,,UT,2.0
BAE8r,240qstrarm0relower,SpartwnSt8res,SIAMAfK,,11.0,,O,V6v1S6,249.0,Lkuisfille,UnitedStstwsofAme3icq,1 527 308 8874,BAER,Y,,WY,0.0
MwU84,2q477JjNIPEgfRESCENT,vigna,Toshlhiro,f,2.0,235159.0,O,H2d1z1,370.0,Hilo,Umit4dStqtesodAmerica,1 810 590 0635,MAULfIN,,,NH,2.0
Kooi5,19214YsU0ONhOUiEVARD,beneraldable,Cazey,,12.0,102995.0,O,95108,328.0,Sufbury,UnitedStatesogAmd5ida,1 274 548 2512,Koohtoli,,,AR,5.0
Lak86,7785rhskboupegard,vubBradstreet,Dar6n,,4.0,202025.0,O,80050,288.0,Otlando,UnitefStatesofqnericx,1 649 754 4601,Lxuriston,,,CT,3.0
Mxn87,q8002cantrelluoped,Case5sGeberalS6ores,Adr7anna,F,12.0,202146.0,O,90122,146.0,Missoila,Canzda,1 905 932 1785,Manguj,L,,VT,0.0
PIE78,23341brl8ksiseupper,JaclintheBoz,dortney,,1.0,232680.0,O,43614,457.0,Ab9lene,UnitrdS6at2sofAmerida,1 031 004 7697,PIERCu,,,Manitoba,0.0
Bus88,20e94ROcSWEST,Assurajt,Duan2,M,17.0,1424.0,O,61110,450.0,xaskatoon,7jjtedStatesofxmerica,1 994 812 4796,Busfaglia,,,NJ,3.0
BzB90,w7552xAVANNAHNpRTH,PsjchiatrucSokutjons,Tele,,15.0,321440.0,U,70174,395.0,Irvibe,7nitedztateqofAmerisa,1 176 513 4041,BwBIONE,,,KY,5.0
Buro1,4462paxdcrescenr,Damaher,Opgelia,M,7.0,283693.0,O,90324,405.0,Reno,UnitedSfat4sofAm3ruca,1 072 244 6337,hurkard,,APT. 373,GA,1.0
Kini2,7q61talklwoodupper,Cloroc,lorinw,,4.0,218859.0,R,s7s1n1,224.0,qac4amento,UbitrdStateeofAmer9ca,1 924 669 9328,minsella,,,NJ,5.0
PlM93,3489cilverqagewrst,BoydGamijh,Viol4,,6.0,157749.0,O,93829,170.0,Topela,knitedStztesofAmdruca,1 598 488 3541,POMMsINVIiLE,,,SC,2.0
BOAi4,w2481hayeenllwer,Eayon,Nani,M,,120370.0,O,89116,199.0,RancyoC8campnga,UnutedStatesoeAmfrkca,1 295 539 3868,BOATWRIfH4,,,TN,3.0
Ron85,q32203RDDRIVE,Dyhegy,ch4rey,,,132177.0,R,94315,237.0,Hilo,UnihedStateqofAmerufa,1 554 020 0267,Ronzld,R,,WY,1.0
wei9u,8899s4wrlinglqne,AmeriCresi5,Rergie,,9.0,278226.0,R,T5bwu9,325.0,SaintJ0hn,UnitedStatecofzmsrixa,1 793 621 4566,we7hs,A,,Ontario,1.0
Hsl97,1148ofehnelxouth,SLM,Yousrf,M,11.0,117795.0,R,T6bwa5,193.0,Torranxe,Cxnada,1 787 267 4261,Hekpb,P,,DC,4.0
hog98,u266fyerryupper,NbEnergy,Damzris,m,9.0,174136.0,O,60699,404.0,zantaClxra,Un9tedcta4esofAmer8ca,1 668 247 1597,mighe,,,Alberta,4.0
bkz99,20678EbGLEWOOD1EST,LandstafSystek,Il6ssa,,12.0,13425.0,O,V6p1s9,159.0,Torranse,UnitedStateslfsmdr9ca,1 901 346 8890,b8xicevich,,,ME,1.0
