FiYe,PrNu,St,MaxiCIDACont,BraID,BraN,DiviID,DiNa,SeID,SecN,RePro,FCeID,FuCeN,UntAmPrBud,FSTCPer,IRTCPe,CFLI,CIDABuDeliMo,PrograPro,BilAMar,PBAT,EnvirSustai,CliChAdap,ClChMiti,Desert,ParticDeveloAGoGov,TraDev,Bio,UrbIs,ChiIs,YoIss,IndigIs,DisIss,ICTAAToFDevelo,KnoFDevelo,GenEqu,OrgID,OrganiNa,OrganiT,OrganCl,OrganSu,ContiID,ContNa,PrBrCoID,CounRegID,CouRegNa,CouRePer,Sector ID,SeNa,SePe,AmSpe
2009/2010,M013170001,Closed,2460000.0,B5100,MFM Global Issues and Development,D5600,MID International Organizations,S5602,MIO United Nations,0,5291,UN - CORE,2460000.0,0.0,0.0,0,Core Funding,Uncoded: Pre-APP,0,Not PBA,1,0,0,0,1,0,0,0,0,0,0,0,1,1,0,1005967,IAEA - International Atomic Energy Agency Technical Cooperation Fund,Foreign Non-Profit Making,Multilateral,UNITED NATIONS,3,Asia,X3,X3,Asia MC,0.22,33140,Multilateral trade negotiations,0.14,75768.0
2009/2010,M013170001,Closed,2460000.0,B5100,MFM Global Issues and Development,D5600,MID International Organizations,S5602,MIO United Nations,0,5291,UN - CORE,2460000.0,0.0,0.0,0,Core Funding,Uncoded: Pre-APP,0,Not PBA,1,0,0,0,1,0,0,0,0,0,0,0,1,1,0,1005967,IAEA - International Atomic Energy Agency Technical Cooperation Fund,Foreign Non-Profit Making,Multilateral,UNITED NATIONS,3,Asia,X3,X3,Asia MC,0.22,99810,Sectors not specified,0.505,273306.0
2009/2010,M013170001,Closed,2460000.0,B5100,MFM Global Issues and Development,D5600,MID International Organizations,S5602,MIO United Nations,0,5291,UN - CORE,2460000.0,0.0,0.0,0,Core Funding,Uncoded: Pre-APP,0,Not PBA,1,0,0,0,1,0,0,0,0,0,0,0,1,1,0,1005967,IAEA - International Atomic Energy Agency Technical Cooperation Fund,Foreign Non-Profit Making,Multilateral,UNITED NATIONS,5,Europe,X4,X4,Europe MC,0.32,12191,Medical services,0.268,210969.6
2009/2010,M013170001,Closed,2460000.0,B5100,MFM Global Issues and Development,D5600,MID International Organizations,S5602,MIO United Nations,0,5291,UN - CORE,2460000.0,0.0,0.0,0,Core Funding,Uncoded: Pre-APP,0,Not PBA,1,0,0,0,1,0,0,0,0,0,0,0,1,1,0,1005967,IAEA - International Atomic Energy Agency Technical Cooperation Fund,Foreign Non-Profit Making,Multilateral,UNITED NATIONS,5,Europe,X4,X4,Europe MC,0.32,14015,Water resources conservation (including data collection),0.047,36998.4
2009/2010,M013170001,Closed,2460000.0,B5100,MFM Global Issues and Development,D5600,MID International Organizations,S5602,MIO United Nations,0,5291,UN - CORE,2460000.0,0.0,0.0,0,Core Funding,Uncoded: Pre-APP,0,Not PBA,1,0,0,0,1,0,0,0,0,0,0,0,1,1,0,1005967,IAEA - International Atomic Energy Agency Technical Cooperation Fund,Foreign Non-Profit Making,Multilateral,UNITED NATIONS,5,Europe,X4,X4,Europe MC,0.32,23510,Nuclear energy electric power plants,0.04,31488.0
2009/2010,M013170001,Closed,2460000.0,B5100,MFM Global Issues and Development,D5600,MID International Organizations,S5602,MIO United Nations,0,5291,UN - CORE,2460000.0,0.0,0.0,0,Core Funding,Uncoded: Pre-APP,0,Not PBA,1,0,0,0,1,0,0,0,0,0,0,0,1,1,0,1005967,IAEA - International Atomic Energy Agency Technical Cooperation Fund,Foreign Non-Profit Making,Multilateral,UNITED NATIONS,5,Europe,X4,X4,Europe MC,0.32,33140,Multilateral trade negotiations,0.14,110208.0
2009/2010,M013170001,Closed,2460000.0,B5100,MFM Global Issues and Development,D5600,MID International Organizations,S5602,MIO United Nations,0,5291,UN - CORE,2460000.0,0.0,0.0,0,Core Funding,Uncoded: Pre-APP,0,Not PBA,1,0,0,0,1,0,0,0,0,0,0,0,1,1,0,1005967,IAEA - International Atomic Energy Agency Technical Cooperation Fund,Foreign Non-Profit Making,Multilateral,UNITED NATIONS,5,Europe,X4,X4,Europe MC,0.32,99810,Sectors not specified,0.505,397536.0
2009/2010,M013171001,Closed,300000.0,B5100,MFM Global Issues and Development,D5301,MHDInternational Humanitarian Assistance,S5320,MHI International Humanitarian Assis ops,0,5303,MHI Non-Food INIT,300000.0,0.0,0.0,0,Responsive,Uncoded: Pre-APP,1,Not PBA,0,0,0,0,0,0,0,0,0,0,0,0,0,0,0,1001300,PAHO - Pan American Health Organization,Foreign Non-Profit Making,Multilateral,REGIONAL ORGANIZATION,1,America,SV,SV,El Salvador,1.0,72010,Material relief assistance and services,1.0,300000.0
2009/2010,M013172001,Terminating,3000000.0,B5100,MFM Global Issues and Development,D5301,MHDInternational Humanitarian Assistance,S5330,MHO Huma Organization & Food Assistance,0,5311,MHO Non Food - CORE,3000000.0,0.0,0.0,0,Core Funding,Uncoded: Pre-APP,1,Not PBA,0,0,0,0,0,0,0,0,0,0,0,0,0,0,1,1014663,ICRC Appeals via CRCS,Canadian Non-Profit Making,Civil Society,INTERNATIONAL NGO,2,Africa,X1,X1,Africa MC,0.5,72010,Material relief assistance and services,1.0,1500000.0
2009/2010,M013172001,Terminating,3000000.0,B5100,MFM Global Issues and Development,D5301,MHDInternational Humanitarian Assistance,S5330,MHO Huma Organization & Food Assistance,0,5311,MHO Non Food - CORE,3000000.0,0.0,0.0,0,Core Funding,Uncoded: Pre-APP,1,Not PBA,0,0,0,0,0,0,0,0,0,0,0,0,0,0,1,1014663,ICRC Appeals via CRCS,Canadian Non-Profit Making,Civil Society,INTERNATIONAL NGO,1,America,X2,X2,Americas MC,0.15,72010,Material relief assistance and services,1.0,450000.0
2009/2010,M013172001,Terminating,3000000.0,B5100,MFM Global Issues and Development,D5301,MHDInternational Humanitarian Assistance,S5330,MHO Huma Organization & Food Assistance,0,5311,MHO Non Food - CORE,3000000.0,0.0,0.0,0,Core Funding,Uncoded: Pre-APP,1,Not PBA,0,0,0,0,0,0,0,0,0,0,0,0,0,0,1,1014663,ICRC Appeals via CRCS,Canadian Non-Profit Making,Civil Society,INTERNATIONAL NGO,3,Asia,X3,X3,Asia MC,0.3,72010,Material relief assistance and services,1.0,900000.0
2009/2010,M013172001,Terminating,3000000.0,B5100,MFM Global Issues and Development,D5301,MHDInternational Humanitarian Assistance,S5330,MHO Huma Organization & Food Assistance,0,5311,MHO Non Food - CORE,3000000.0,0.0,0.0,0,Core Funding,Uncoded: Pre-APP,1,Not PBA,0,0,0,0,0,0,0,0,0,0,0,0,0,0,1,1014663,ICRC Appeals via CRCS,Canadian Non-Profit Making,Civil Society,INTERNATIONAL NGO,5,Europe,X4,X4,Europe MC,0.05,72010,Material relief assistance and services,1.0,150000.0
2009/2010,M013173001,Terminating,3000000.0,B5100,MFM Global Issues and Development,D5301,MHDInternational Humanitarian Assistance,S5330,MHO Huma Organization & Food Assistance,0,5311,MHO Non Food - CORE,3000000.0,0.0,0.0,0,Core Funding,Uncoded: Pre-APP,1,Not PBA,0,0,0,0,0,0,0,0,0,0,0,0,0,0,1,1014663,ICRC Appeals via CRCS,Canadian Non-Profit Making,Civil Society,INTERNATIONAL NGO,2,Africa,X1,X1,Africa MC,0.5,72010,Material relief assistance and services,1.0,1500000.0
2009/2010,M013173001,Terminating,3000000.0,B5100,MFM Global Issues and Development,D5301,MHDInternational Humanitarian Assistance,S5330,MHO Huma Organization & Food Assistance,0,5311,MHO Non Food - CORE,3000000.0,0.0,0.0,0,Core Funding,Uncoded: Pre-APP,1,Not PBA,0,0,0,0,0,0,0,0,0,0,0,0,0,0,1,1014663,ICRC Appeals via CRCS,Canadian Non-Profit Making,Civil Society,INTERNATIONAL NGO,1,America,X2,X2,Americas MC,0.15,72010,Material relief assistance and services,1.0,450000.0
2009/2010,M013173001,Terminating,3000000.0,B5100,MFM Global Issues and Development,D5301,MHDInternational Humanitarian Assistance,S5330,MHO Huma Organization & Food Assistance,0,5311,MHO Non Food - CORE,3000000.0,0.0,0.0,0,Core Funding,Uncoded: Pre-APP,1,Not PBA,0,0,0,0,0,0,0,0,0,0,0,0,0,0,1,1014663,ICRC Appeals via CRCS,Canadian Non-Profit Making,Civil Society,INTERNATIONAL NGO,3,Asia,X3,X3,Asia MC,0.3,72010,Material relief assistance and services,1.0,900000.0
2009/2010,M013173001,Terminating,3000000.0,B5100,MFM Global Issues and Development,D5301,MHDInternational Humanitarian Assistance,S5330,MHO Huma Organization & Food Assistance,0,5311,MHO Non Food - CORE,3000000.0,0.0,0.0,0,Core Funding,Uncoded: Pre-APP,1,Not PBA,0,0,0,0,0,0,0,0,0,0,0,0,0,0,1,1014663,ICRC Appeals via CRCS,Canadian Non-Profit Making,Civil Society,INTERNATIONAL NGO,5,Europe,X4,X4,Europe MC,0.05,72010,Material relief assistance and services,1.0,150000.0
2009/2010,M013174001,Closed,500000.0,B5100,MFM Global Issues and Development,D5301,MHDInternational Humanitarian Assistance,S5320,MHI International Humanitarian Assis ops,0,5303,MHI Non-Food INIT,500000.0,0.0,0.0,0,Responsive,Uncoded: Pre-APP,1,Not PBA,1,0,0,0,0,0,0,0,0,0,0,0,0,0,0,1015332,Mines Advisory Group,Foreign Non-Profit Making,Civil Society,NGO,3,Asia,LK,LK,Sri Lanka,1.0,72010,Material relief assistance and services,1.0,500000.0
2009/2010,M013175001,Closed,500000.0,B5100,MFM Global Issues and Development,D5301,MHDInternational Humanitarian Assistance,S5320,MHI International Humanitarian Assis ops,0,5303,MHI Non-Food INIT,500000.0,0.0,0.0,0,Responsive,Uncoded: Pre-APP,1,Not PBA,1,0,0,0,0,0,0,0,0,0,0,0,0,0,0,1015331,The Halo Trust,Foreign Non-Profit Making,Civil Society,NGO,3,Asia,LK,LK,Sri Lanka,1.0,72010,Material relief assistance and services,1.0,500000.0
2009/2010,M013176001,Closed,600000.0,B5100,MFM Global Issues and Development,D5301,MHDInternational Humanitarian Assistance,S5330,MHO Huma Organization & Food Assistance,0,5230,MHO Inst Strengtherning,600000.0,0.0,0.0,0,Responsive,Uncoded: Pre-APP,1,Not PBA,1,0,0,0,1,0,0,0,0,0,0,0,0,1,0,1002035,International Crisis Group,Foreign Non-Profit Making,Civil Society,NGO,2,Africa,X1,X1,Africa MC,0.5,72050,Relief co-ordination; protection and support services,1.0,150000.0
2009/2010,M013176001,Closed,600000.0,B5100,MFM Global Issues and Development,D5301,MHDInternational Humanitarian Assistance,S5330,MHO Huma Organization & Food Assistance,0,5230,MHO Inst Strengtherning,600000.0,0.0,0.0,0,Responsive,Uncoded: Pre-APP,1,Not PBA,1,0,0,0,1,0,0,0,0,0,0,0,0,1,0,1002035,International Crisis Group,Foreign Non-Profit Making,Civil Society,NGO,1,America,X2,X2,Americas MC,0.1,72050,Relief co-ordination; protection and support services,1.0,30000.0
2009/2010,M013176001,Closed,600000.0,B5100,MFM Global Issues and Development,D5301,MHDInternational Humanitarian Assistance,S5330,MHO Huma Organization & Food Assistance,0,5230,MHO Inst Strengtherning,600000.0,0.0,0.0,0,Responsive,Uncoded: Pre-APP,1,Not PBA,1,0,0,0,1,0,0,0,0,0,0,0,0,1,0,1002035,International Crisis Group,Foreign Non-Profit Making,Civil Society,NGO,3,Asia,X3,X3,Asia MC,0.3,72050,Relief co-ordination; protection and support services,1.0,90000.0
2009/2010,M013176001,Closed,600000.0,B5100,MFM Global Issues and Development,D5301,MHDInternational Humanitarian Assistance,S5330,MHO Huma Organization & Food Assistance,0,5230,MHO Inst Strengtherning,600000.0,0.0,0.0,0,Responsive,Uncoded: Pre-APP,1,Not PBA,1,0,0,0,1,0,0,0,0,0,0,0,0,1,0,1002035,International Crisis Group,Foreign Non-Profit Making,Civil Society,NGO,5,Europe,X4,X4,Europe MC,0.1,72050,Relief co-ordination; protection and support services,1.0,30000.0
2009/2010,M013177001,Closed,1800000.0,B5100,MFM Global Issues and Development,D5301,MHDInternational Humanitarian Assistance,S5320,MHI International Humanitarian Assis ops,0,5309,MHI Food INIT,1800000.0,0.0,0.0,0,Responsive,Uncoded: Pre-APP,1,Not PBA,0,0,0,0,0,0,0,0,0,0,0,0,0,0,0,1001721,WFP - World Food Programme,Foreign Non-Profit Making,Multilateral,UNITED NATIONS,3,Asia,YE,YE,Yemen,1.0,72040,Emergency food aid,1.0,500000.0
2009/2010,M013178001,Closed,3000000.0,B5100,MFM Global Issues and Development,D5301,MHDInternational Humanitarian Assistance,S5320,MHI International Humanitarian Assis ops,0,5309,MHI Food INIT,3000000.0,0.0,0.0,0,Responsive,Uncoded: Pre-APP,1,Not PBA,0,0,0,0,0,0,0,0,0,0,0,0,0,0,0,1001721,WFP - World Food Programme,Foreign Non-Profit Making,Multilateral,UNITED NATIONS,1,America,CO,CO,Colombia,1.0,72040,Emergency food aid,1.0,1500000.0
2009/2010,M013180001,Closed,6500000.0,B5100,MFM Global Issues and Development,D5301,MHDInternational Humanitarian Assistance,S5320,MHI International Humanitarian Assis ops,0,5309,MHI Food INIT,6500000.0,0.0,0.0,0,Responsive,Uncoded: Pre-APP,1,Not PBA,0,0,0,0,0,0,0,0,0,0,0,0,0,0,1,1001721,WFP - World Food Programme,Foreign Non-Profit Making,Multilateral,UNITED NATIONS,2,Africa,TD,TD,Chad,1.0,72040,Emergency food aid,1.0,6500000.0
2009/2010,M013181001,Closed,22450000.0,B5100,MFM Global Issues and Development,D5301,MHDInternational Humanitarian Assistance,S5320,MHI International Humanitarian Assis ops,0,5309,MHI Food INIT,22450000.0,0.0,0.0,0,Responsive,Uncoded: Pre-APP,1,Not PBA,0,0,0,0,0,0,0,0,0,0,0,0,0,0,0,1001721,WFP - World Food Programme,Foreign Non-Profit Making,Multilateral,UNITED NATIONS,2,Africa,SD,SD,Sudan,1.0,72040,Emergency food aid,1.0,3950000.0
2009/2010,M013182001,Closed,14000000.0,B5100,MFM Global Issues and Development,D5301,MHDInternational Humanitarian Assistance,S5330,MHO Huma Organization & Food Assistance,0,5311,MHO Non Food - CORE,14000000.0,0.0,0.0,0,Core Funding,Uncoded: Pre-APP,0,Not PBA,0,0,0,0,0,0,0,0,0,0,0,0,0,0,1,1001730,UNHCR - United Nations High Commissioner for Refugees,Foreign Non-Profit Making,Multilateral,UNITED NATIONS,2,Africa,X1,X1,Africa MC,0.45,72010,Material relief assistance and services,1.0,6300000.0
2009/2010,M013182001,Closed,14000000.0,B5100,MFM Global Issues and Development,D5301,MHDInternational Humanitarian Assistance,S5330,MHO Huma Organization & Food Assistance,0,5311,MHO Non Food - CORE,14000000.0,0.0,0.0,0,Core Funding,Uncoded: Pre-APP,0,Not PBA,0,0,0,0,0,0,0,0,0,0,0,0,0,0,1,1001730,UNHCR - United Nations High Commissioner for Refugees,Foreign Non-Profit Making,Multilateral,UNITED NATIONS,1,America,X2,X2,Americas MC,0.05,72010,Material relief assistance and services,1.0,700000.0
2009/2010,M013182001,Closed,14000000.0,B5100,MFM Global Issues and Development,D5301,MHDInternational Humanitarian Assistance,S5330,MHO Huma Organization & Food Assistance,0,5311,MHO Non Food - CORE,14000000.0,0.0,0.0,0,Core Funding,Uncoded: Pre-APP,0,Not PBA,0,0,0,0,0,0,0,0,0,0,0,0,0,0,1,1001730,UNHCR - United Nations High Commissioner for Refugees,Foreign Non-Profit Making,Multilateral,UNITED NATIONS,3,Asia,X3,X3,Asia MC,0.45,72010,Material relief assistance and services,1.0,6300000.0
2009/2010,M013182001,Closed,14000000.0,B5100,MFM Global Issues and Development,D5301,MHDInternational Humanitarian Assistance,S5330,MHO Huma Organization & Food Assistance,0,5311,MHO Non Food - CORE,14000000.0,0.0,0.0,0,Core Funding,Uncoded: Pre-APP,0,Not PBA,0,0,0,0,0,0,0,0,0,0,0,0,0,0,1,1001730,UNHCR - United Nations High Commissioner for Refugees,Foreign Non-Profit Making,Multilateral,UNITED NATIONS,5,Europe,X4,X4,Europe MC,0.05,72010,Material relief assistance and services,1.0,700000.0
2009/2010,M013183001,Closed,500000.0,B5100,MFM Global Issues and Development,D5301,MHDInternational Humanitarian Assistance,S5320,MHI International Humanitarian Assis ops,0,5303,MHI Non-Food INIT,500000.0,0.0,0.0,0,Responsive,Uncoded: Pre-APP,1,Not PBA,0,0,0,0,0,0,0,0,0,0,0,0,0,0,0,1014663,ICRC Appeals via CRCS,Canadian Non-Profit Making,Civil Society,INTERNATIONAL NGO,3,Asia,X3,X3,Asia MC,1.0,72010,Material relief assistance and services,1.0,500000.0
2009/2010,M013184001,Closed,2700000.0,B5100,MFM Global Issues and Development,D5301,MHDInternational Humanitarian Assistance,S5320,MHI International Humanitarian Assis ops,0,5303,MHI Non-Food INIT,2700000.0,0.0,0.0,0,Responsive,Uncoded: Pre-APP,1,Not PBA,0,0,0,0,0,0,0,0,0,0,0,0,0,0,0,1003586,OCHA - Office for the Coordination of Humanitarian Affairs,Foreign Non-Profit Making,Multilateral,UNITED NATIONS,2,Africa,X1,X1,Africa MC,0.5,72050,Relief co-ordination; protection and support services,1.0,1350000.0
2009/2010,M013184001,Closed,2700000.0,B5100,MFM Global Issues and Development,D5301,MHDInternational Humanitarian Assistance,S5320,MHI International Humanitarian Assis ops,0,5303,MHI Non-Food INIT,2700000.0,0.0,0.0,0,Responsive,Uncoded: Pre-APP,1,Not PBA,0,0,0,0,0,0,0,0,0,0,0,0,0,0,0,1003586,OCHA - Office for the Coordination of Humanitarian Affairs,Foreign Non-Profit Making,Multilateral,UNITED NATIONS,1,America,X2,X2,Americas MC,0.15,72050,Relief co-ordination; protection and support services,1.0,405000.0
2009/2010,M013184001,Closed,2700000.0,B5100,MFM Global Issues and Development,D5301,MHDInternational Humanitarian Assistance,S5320,MHI International Humanitarian Assis ops,0,5303,MHI Non-Food INIT,2700000.0,0.0,0.0,0,Responsive,Uncoded: Pre-APP,1,Not PBA,0,0,0,0,0,0,0,0,0,0,0,0,0,0,0,1003586,OCHA - Office for the Coordination of Humanitarian Affairs,Foreign Non-Profit Making,Multilateral,UNITED NATIONS,3,Asia,X3,X3,Asia MC,0.3,72050,Relief co-ordination; protection and support services,1.0,810000.0
2009/2010,M013184001,Closed,2700000.0,B5100,MFM Global Issues and Development,D5301,MHDInternational Humanitarian Assistance,S5320,MHI International Humanitarian Assis ops,0,5303,MHI Non-Food INIT,2700000.0,0.0,0.0,0,Responsive,Uncoded: Pre-APP,1,Not PBA,0,0,0,0,0,0,0,0,0,0,0,0,0,0,0,1003586,OCHA - Office for the Coordination of Humanitarian Affairs,Foreign Non-Profit Making,Multilateral,UNITED NATIONS,5,Europe,X4,X4,Europe MC,0.05,72050,Relief co-ordination; protection and support services,1.0,135000.0
2009/2010,M013185001,Operational,30000000.0,B5100,MFM Global Issues and Development,D5430,MED Economic Development,S5460,*Bretton Woods Inst Fin Prog,0,5461,*World Bank Group,30000000.0,0.1,0.0,0,Responsive,Uncoded: Pre-APP,1,Not PBA,1,0,0,0,0,1,0,0,0,0,0,0,0,0,1,1001306,World Bank,Foreign Non-Profit Making,Multilateral,IFI,3,Asia,AF,AF,Afghanistan,0.0065,31110,Agricultural policy and administrative management,0.2,39000.0
2009/2010,M013185001,Operational,30000000.0,B5100,MFM Global Issues and Development,D5430,MED Economic Development,S5460,*Bretton Woods Inst Fin Prog,0,5461,*World Bank Group,30000000.0,0.1,0.0,0,Responsive,Uncoded: Pre-APP,1,Not PBA,1,0,0,0,0,1,0,0,0,0,0,0,0,0,1,1001306,World Bank,Foreign Non-Profit Making,Multilateral,IFI,3,Asia,AF,AF,Afghanistan,0.0065,31120,Agricultural development,0.2,39000.0
2009/2010,M013185001,Operational,30000000.0,B5100,MFM Global Issues and Development,D5430,MED Economic Development,S5460,*Bretton Woods Inst Fin Prog,0,5461,*World Bank Group,30000000.0,0.1,0.0,0,Responsive,Uncoded: Pre-APP,1,Not PBA,1,0,0,0,0,1,0,0,0,0,0,0,0,0,1,1001306,World Bank,Foreign Non-Profit Making,Multilateral,IFI,3,Asia,AF,AF,Afghanistan,0.0065,31150,Agricultural inputs,0.1,19500.0
2009/2010,M013185001,Operational,30000000.0,B5100,MFM Global Issues and Development,D5430,MED Economic Development,S5460,*Bretton Woods Inst Fin Prog,0,5461,*World Bank Group,30000000.0,0.1,0.0,0,Responsive,Uncoded: Pre-APP,1,Not PBA,1,0,0,0,0,1,0,0,0,0,0,0,0,0,1,1001306,World Bank,Foreign Non-Profit Making,Multilateral,IFI,3,Asia,AF,AF,Afghanistan,0.0065,31161,Food crop production,0.1,19500.0
2009/2010,M013185001,Operational,30000000.0,B5100,MFM Global Issues and Development,D5430,MED Economic Development,S5460,*Bretton Woods Inst Fin Prog,0,5461,*World Bank Group,30000000.0,0.1,0.0,0,Responsive,Uncoded: Pre-APP,1,Not PBA,1,0,0,0,0,1,0,0,0,0,0,0,0,0,1,1001306,World Bank,Foreign Non-Profit Making,Multilateral,IFI,3,Asia,AF,AF,Afghanistan,0.0065,31166,Agricultural extension,0.1,19500.0
2009/2010,M013185001,Operational,30000000.0,B5100,MFM Global Issues and Development,D5430,MED Economic Development,S5460,*Bretton Woods Inst Fin Prog,0,5461,*World Bank Group,30000000.0,0.1,0.0,0,Responsive,Uncoded: Pre-APP,1,Not PBA,1,0,0,0,0,1,0,0,0,0,0,0,0,0,1,1001306,World Bank,Foreign Non-Profit Making,Multilateral,IFI,3,Asia,AF,AF,Afghanistan,0.0065,31182,Agricultural research,0.1,19500.0
2009/2010,M013185001,Operational,30000000.0,B5100,MFM Global Issues and Development,D5430,MED Economic Development,S5460,*Bretton Woods Inst Fin Prog,0,5461,*World Bank Group,30000000.0,0.1,0.0,0,Responsive,Uncoded: Pre-APP,1,Not PBA,1,0,0,0,0,1,0,0,0,0,0,0,0,0,1,1001306,World Bank,Foreign Non-Profit Making,Multilateral,IFI,3,Asia,AF,AF,Afghanistan,0.0065,31191,Agricultural services,0.1,19500.0
2009/2010,M013185001,Operational,30000000.0,B5100,MFM Global Issues and Development,D5430,MED Economic Development,S5460,*Bretton Woods Inst Fin Prog,0,5461,*World Bank Group,30000000.0,0.1,0.0,0,Responsive,Uncoded: Pre-APP,1,Not PBA,1,0,0,0,0,1,0,0,0,0,0,0,0,0,1,1001306,World Bank,Foreign Non-Profit Making,Multilateral,IFI,3,Asia,AF,AF,Afghanistan,0.0065,31193,Agricultural financial services,0.1,19500.0
2009/2010,M013185001,Operational,30000000.0,B5100,MFM Global Issues and Development,D5430,MED Economic Development,S5460,*Bretton Woods Inst Fin Prog,0,5461,*World Bank Group,30000000.0,0.1,0.0,0,Responsive,Uncoded: Pre-APP,1,Not PBA,1,0,0,0,0,1,0,0,0,0,0,0,0,0,1,1001306,World Bank,Foreign Non-Profit Making,Multilateral,IFI,3,Asia,BD,BD,Bangladesh,0.105,31110,Agricultural policy and administrative management,0.2,630000.0
2009/2010,M013185001,Operational,30000000.0,B5100,MFM Global Issues and Development,D5430,MED Economic Development,S5460,*Bretton Woods Inst Fin Prog,0,5461,*World Bank Group,30000000.0,0.1,0.0,0,Responsive,Uncoded: Pre-APP,1,Not PBA,1,0,0,0,0,1,0,0,0,0,0,0,0,0,1,1001306,World Bank,Foreign Non-Profit Making,Multilateral,IFI,3,Asia,BD,BD,Bangladesh,0.105,31120,Agricultural development,0.2,630000.0
2009/2010,M013185001,Operational,30000000.0,B5100,MFM Global Issues and Development,D5430,MED Economic Development,S5460,*Bretton Woods Inst Fin Prog,0,5461,*World Bank Group,30000000.0,0.1,0.0,0,Responsive,Uncoded: Pre-APP,1,Not PBA,1,0,0,0,0,1,0,0,0,0,0,0,0,0,1,1001306,World Bank,Foreign Non-Profit Making,Multilateral,IFI,3,Asia,BD,BD,Bangladesh,0.105,31150,Agricultural inputs,0.1,315000.0
2009/2010,M013185001,Operational,30000000.0,B5100,MFM Global Issues and Development,D5430,MED Economic Development,S5460,*Bretton Woods Inst Fin Prog,0,5461,*World Bank Group,30000000.0,0.1,0.0,0,Responsive,Uncoded: Pre-APP,1,Not PBA,1,0,0,0,0,1,0,0,0,0,0,0,0,0,1,1001306,World Bank,Foreign Non-Profit Making,Multilateral,IFI,3,Asia,BD,BD,Bangladesh,0.105,31161,Food crop production,0.1,315000.0
2009/2010,M013185001,Operational,30000000.0,B5100,MFM Global Issues and Development,D5430,MED Economic Development,S5460,*Bretton Woods Inst Fin Prog,0,5461,*World Bank Group,30000000.0,0.1,0.0,0,Responsive,Uncoded: Pre-APP,1,Not PBA,1,0,0,0,0,1,0,0,0,0,0,0,0,0,1,1001306,World Bank,Foreign Non-Profit Making,Multilateral,IFI,3,Asia,BD,BD,Bangladesh,0.105,31166,Agricultural extension,0.1,315000.0
2009/2010,M013185001,Operational,30000000.0,B5100,MFM Global Issues and Development,D5430,MED Economic Development,S5460,*Bretton Woods Inst Fin Prog,0,5461,*World Bank Group,30000000.0,0.1,0.0,0,Responsive,Uncoded: Pre-APP,1,Not PBA,1,0,0,0,0,1,0,0,0,0,0,0,0,0,1,1001306,World Bank,Foreign Non-Profit Making,Multilateral,IFI,3,Asia,BD,BD,Bangladesh,0.105,31182,Agricultural research,0.1,315000.0
2009/2010,M013185001,Operational,30000000.0,B5100,MFM Global Issues and Development,D5430,MED Economic Development,S5460,*Bretton Woods Inst Fin Prog,0,5461,*World Bank Group,30000000.0,0.1,0.0,0,Responsive,Uncoded: Pre-APP,1,Not PBA,1,0,0,0,0,1,0,0,0,0,0,0,0,0,1,1001306,World Bank,Foreign Non-Profit Making,Multilateral,IFI,3,Asia,BD,BD,Bangladesh,0.105,31191,Agricultural services,0.1,315000.0
2009/2010,M013185001,Operational,30000000.0,B5100,MFM Global Issues and Development,D5430,MED Economic Development,S5460,*Bretton Woods Inst Fin Prog,0,5461,*World Bank Group,30000000.0,0.1,0.0,0,Responsive,Uncoded: Pre-APP,1,Not PBA,1,0,0,0,0,1,0,0,0,0,0,0,0,0,1,1001306,World Bank,Foreign Non-Profit Making,Multilateral,IFI,3,Asia,BD,BD,Bangladesh,0.105,31193,Agricultural financial services,0.1,315000.0
2009/2010,M013185001,Operational,30000000.0,B5100,MFM Global Issues and Development,D5430,MED Economic Development,S5460,*Bretton Woods Inst Fin Prog,0,5461,*World Bank Group,30000000.0,0.1,0.0,0,Responsive,Uncoded: Pre-APP,1,Not PBA,1,0,0,0,0,1,0,0,0,0,0,0,0,0,1,1001306,World Bank,Foreign Non-Profit Making,Multilateral,IFI,2,Africa,BI,BI,Burundi,0.0081,31110,Agricultural policy and administrative management,0.2,48600.0
2009/2010,M013185001,Operational,30000000.0,B5100,MFM Global Issues and Development,D5430,MED Economic Development,S5460,*Bretton Woods Inst Fin Prog,0,5461,*World Bank Group,30000000.0,0.1,0.0,0,Responsive,Uncoded: Pre-APP,1,Not PBA,1,0,0,0,0,1,0,0,0,0,0,0,0,0,1,1001306,World Bank,Foreign Non-Profit Making,Multilateral,IFI,2,Africa,BI,BI,Burundi,0.0081,31120,Agricultural development,0.2,48600.0
2009/2010,M013185001,Operational,30000000.0,B5100,MFM Global Issues and Development,D5430,MED Economic Development,S5460,*Bretton Woods Inst Fin Prog,0,5461,*World Bank Group,30000000.0,0.1,0.0,0,Responsive,Uncoded: Pre-APP,1,Not PBA,1,0,0,0,0,1,0,0,0,0,0,0,0,0,1,1001306,World Bank,Foreign Non-Profit Making,Multilateral,IFI,2,Africa,BI,BI,Burundi,0.0081,31150,Agricultural inputs,0.1,24300.0
2009/2010,M013185001,Operational,30000000.0,B5100,MFM Global Issues and Development,D5430,MED Economic Development,S5460,*Bretton Woods Inst Fin Prog,0,5461,*World Bank Group,30000000.0,0.1,0.0,0,Responsive,Uncoded: Pre-APP,1,Not PBA,1,0,0,0,0,1,0,0,0,0,0,0,0,0,1,1001306,World Bank,Foreign Non-Profit Making,Multilateral,IFI,2,Africa,BI,BI,Burundi,0.0081,31161,Food crop production,0.1,24300.0
2009/2010,M013185001,Operational,30000000.0,B5100,MFM Global Issues and Development,D5430,MED Economic Development,S5460,*Bretton Woods Inst Fin Prog,0,5461,*World Bank Group,30000000.0,0.1,0.0,0,Responsive,Uncoded: Pre-APP,1,Not PBA,1,0,0,0,0,1,0,0,0,0,0,0,0,0,1,1001306,World Bank,Foreign Non-Profit Making,Multilateral,IFI,2,Africa,BI,BI,Burundi,0.0081,31166,Agricultural extension,0.1,24300.0
2009/2010,M013185001,Operational,30000000.0,B5100,MFM Global Issues and Development,D5430,MED Economic Development,S5460,*Bretton Woods Inst Fin Prog,0,5461,*World Bank Group,30000000.0,0.1,0.0,0,Responsive,Uncoded: Pre-APP,1,Not PBA,1,0,0,0,0,1,0,0,0,0,0,0,0,0,1,1001306,World Bank,Foreign Non-Profit Making,Multilateral,IFI,2,Africa,BI,BI,Burundi,0.0081,31182,Agricultural research,0.1,24300.0
2009/2010,M013185001,Operational,30000000.0,B5100,MFM Global Issues and Development,D5430,MED Economic Development,S5460,*Bretton Woods Inst Fin Prog,0,5461,*World Bank Group,30000000.0,0.1,0.0,0,Responsive,Uncoded: Pre-APP,1,Not PBA,1,0,0,0,0,1,0,0,0,0,0,0,0,0,1,1001306,World Bank,Foreign Non-Profit Making,Multilateral,IFI,2,Africa,BI,BI,Burundi,0.0081,31191,Agricultural services,0.1,24300.0
2009/2010,M013185001,Operational,30000000.0,B5100,MFM Global Issues and Development,D5430,MED Economic Development,S5460,*Bretton Woods Inst Fin Prog,0,5461,*World Bank Group,30000000.0,0.1,0.0,0,Responsive,Uncoded: Pre-APP,1,Not PBA,1,0,0,0,0,1,0,0,0,0,0,0,0,0,1,1001306,World Bank,Foreign Non-Profit Making,Multilateral,IFI,2,Africa,BI,BI,Burundi,0.0081,31193,Agricultural financial services,0.1,24300.0
2009/2010,M013185001,Operational,30000000.0,B5100,MFM Global Issues and Development,D5430,MED Economic Development,S5460,*Bretton Woods Inst Fin Prog,0,5461,*World Bank Group,30000000.0,0.1,0.0,0,Responsive,Uncoded: Pre-APP,1,Not PBA,1,0,0,0,0,1,0,0,0,0,0,0,0,0,1,1001306,World Bank,Foreign Non-Profit Making,Multilateral,IFI,2,Africa,BJ,BJ,Benin,0.0073,31110,Agricultural policy and administrative management,0.2,43800.0
2009/2010,M013185001,Operational,30000000.0,B5100,MFM Global Issues and Development,D5430,MED Economic Development,S5460,*Bretton Woods Inst Fin Prog,0,5461,*World Bank Group,30000000.0,0.1,0.0,0,Responsive,Uncoded: Pre-APP,1,Not PBA,1,0,0,0,0,1,0,0,0,0,0,0,0,0,1,1001306,World Bank,Foreign Non-Profit Making,Multilateral,IFI,2,Africa,BJ,BJ,Benin,0.0073,31120,Agricultural development,0.2,43800.0
2009/2010,M013185001,Operational,30000000.0,B5100,MFM Global Issues and Development,D5430,MED Economic Development,S5460,*Bretton Woods Inst Fin Prog,0,5461,*World Bank Group,30000000.0,0.1,0.0,0,Responsive,Uncoded: Pre-APP,1,Not PBA,1,0,0,0,0,1,0,0,0,0,0,0,0,0,1,1001306,World Bank,Foreign Non-Profit Making,Multilateral,IFI,2,Africa,BJ,BJ,Benin,0.0073,31150,Agricultural inputs,0.1,21900.0
2009/2010,M013185001,Operational,30000000.0,B5100,MFM Global Issues and Development,D5430,MED Economic Development,S5460,*Bretton Woods Inst Fin Prog,0,5461,*World Bank Group,30000000.0,0.1,0.0,0,Responsive,Uncoded: Pre-APP,1,Not PBA,1,0,0,0,0,1,0,0,0,0,0,0,0,0,1,1001306,World Bank,Foreign Non-Profit Making,Multilateral,IFI,2,Africa,BJ,BJ,Benin,0.0073,31161,Food crop production,0.1,21900.0
2009/2010,M013185001,Operational,30000000.0,B5100,MFM Global Issues and Development,D5430,MED Economic Development,S5460,*Bretton Woods Inst Fin Prog,0,5461,*World Bank Group,30000000.0,0.1,0.0,0,Responsive,Uncoded: Pre-APP,1,Not PBA,1,0,0,0,0,1,0,0,0,0,0,0,0,0,1,1001306,World Bank,Foreign Non-Profit Making,Multilateral,IFI,2,Africa,BJ,BJ,Benin,0.0073,31166,Agricultural extension,0.1,21900.0
2009/2010,M013185001,Operational,30000000.0,B5100,MFM Global Issues and Development,D5430,MED Economic Development,S5460,*Bretton Woods Inst Fin Prog,0,5461,*World Bank Group,30000000.0,0.1,0.0,0,Responsive,Uncoded: Pre-APP,1,Not PBA,1,0,0,0,0,1,0,0,0,0,0,0,0,0,1,1001306,World Bank,Foreign Non-Profit Making,Multilateral,IFI,2,Africa,BJ,BJ,Benin,0.0073,31182,Agricultural research,0.1,21900.0
2009/2010,M013185001,Operational,30000000.0,B5100,MFM Global Issues and Development,D5430,MED Economic Development,S5460,*Bretton Woods Inst Fin Prog,0,5461,*World Bank Group,30000000.0,0.1,0.0,0,Responsive,Uncoded: Pre-APP,1,Not PBA,1,0,0,0,0,1,0,0,0,0,0,0,0,0,1,1001306,World Bank,Foreign Non-Profit Making,Multilateral,IFI,2,Africa,BJ,BJ,Benin,0.0073,31191,Agricultural services,0.1,21900.0
2009/2010,M013185001,Operational,30000000.0,B5100,MFM Global Issues and Development,D5430,MED Economic Development,S5460,*Bretton Woods Inst Fin Prog,0,5461,*World Bank Group,30000000.0,0.1,0.0,0,Responsive,Uncoded: Pre-APP,1,Not PBA,1,0,0,0,0,1,0,0,0,0,0,0,0,0,1,1001306,World Bank,Foreign Non-Profit Making,Multilateral,IFI,2,Africa,BJ,BJ,Benin,0.0073,31193,Agricultural financial services,0.1,21900.0
2009/2010,M013185001,Operational,30000000.0,B5100,MFM Global Issues and Development,D5430,MED Economic Development,S5460,*Bretton Woods Inst Fin Prog,0,5461,*World Bank Group,30000000.0,0.1,0.0,0,Responsive,Uncoded: Pre-APP,1,Not PBA,1,0,0,0,0,1,0,0,0,0,0,0,0,0,1,1001306,World Bank,Foreign Non-Profit Making,Multilateral,IFI,2,Africa,CF,CF,Central Afr.Rep,0.0057,31110,Agricultural policy and administrative management,0.2,34200.0
2009/2010,M013185001,Operational,30000000.0,B5100,MFM Global Issues and Development,D5430,MED Economic Development,S5460,*Bretton Woods Inst Fin Prog,0,5461,*World Bank Group,30000000.0,0.1,0.0,0,Responsive,Uncoded: Pre-APP,1,Not PBA,1,0,0,0,0,1,0,0,0,0,0,0,0,0,1,1001306,World Bank,Foreign Non-Profit Making,Multilateral,IFI,2,Africa,CF,CF,Central Afr.Rep,0.0057,31120,Agricultural development,0.2,34200.0
2009/2010,M013185001,Operational,30000000.0,B5100,MFM Global Issues and Development,D5430,MED Economic Development,S5460,*Bretton Woods Inst Fin Prog,0,5461,*World Bank Group,30000000.0,0.1,0.0,0,Responsive,Uncoded: Pre-APP,1,Not PBA,1,0,0,0,0,1,0,0,0,0,0,0,0,0,1,1001306,World Bank,Foreign Non-Profit Making,Multilateral,IFI,2,Africa,CF,CF,Central Afr.Rep,0.0057,31150,Agricultural inputs,0.1,17100.0
2009/2010,M013185001,Operational,30000000.0,B5100,MFM Global Issues and Development,D5430,MED Economic Development,S5460,*Bretton Woods Inst Fin Prog,0,5461,*World Bank Group,30000000.0,0.1,0.0,0,Responsive,Uncoded: Pre-APP,1,Not PBA,1,0,0,0,0,1,0,0,0,0,0,0,0,0,1,1001306,World Bank,Foreign Non-Profit Making,Multilateral,IFI,2,Africa,CF,CF,Central Afr.Rep,0.0057,31161,Food crop production,0.1,17100.0
2009/2010,M013185001,Operational,30000000.0,B5100,MFM Global Issues and Development,D5430,MED Economic Development,S5460,*Bretton Woods Inst Fin Prog,0,5461,*World Bank Group,30000000.0,0.1,0.0,0,Responsive,Uncoded: Pre-APP,1,Not PBA,1,0,0,0,0,1,0,0,0,0,0,0,0,0,1,1001306,World Bank,Foreign Non-Profit Making,Multilateral,IFI,2,Africa,CF,CF,Central Afr.Rep,0.0057,31166,Agricultural extension,0.1,17100.0
2009/2010,M013185001,Operational,30000000.0,B5100,MFM Global Issues and Development,D5430,MED Economic Development,S5460,*Bretton Woods Inst Fin Prog,0,5461,*World Bank Group,30000000.0,0.1,0.0,0,Responsive,Uncoded: Pre-APP,1,Not PBA,1,0,0,0,0,1,0,0,0,0,0,0,0,0,1,1001306,World Bank,Foreign Non-Profit Making,Multilateral,IFI,2,Africa,CF,CF,Central Afr.Rep,0.0057,31182,Agricultural research,0.1,17100.0
2009/2010,M013185001,Operational,30000000.0,B5100,MFM Global Issues and Development,D5430,MED Economic Development,S5460,*Bretton Woods Inst Fin Prog,0,5461,*World Bank Group,30000000.0,0.1,0.0,0,Responsive,Uncoded: Pre-APP,1,Not PBA,1,0,0,0,0,1,0,0,0,0,0,0,0,0,1,1001306,World Bank,Foreign Non-Profit Making,Multilateral,IFI,2,Africa,CF,CF,Central Afr.Rep,0.0057,31191,Agricultural services,0.1,17100.0
2009/2010,M013185001,Operational,30000000.0,B5100,MFM Global Issues and Development,D5430,MED Economic Development,S5460,*Bretton Woods Inst Fin Prog,0,5461,*World Bank Group,30000000.0,0.1,0.0,0,Responsive,Uncoded: Pre-APP,1,Not PBA,1,0,0,0,0,1,0,0,0,0,0,0,0,0,1,1001306,World Bank,Foreign Non-Profit Making,Multilateral,IFI,2,Africa,CF,CF,Central Afr.Rep,0.0057,31193,Agricultural financial services,0.1,17100.0
2009/2010,M013185001,Operational,30000000.0,B5100,MFM Global Issues and Development,D5430,MED Economic Development,S5460,*Bretton Woods Inst Fin Prog,0,5461,*World Bank Group,30000000.0,0.1,0.0,0,Responsive,Uncoded: Pre-APP,1,Not PBA,1,0,0,0,0,1,0,0,0,0,0,0,0,0,1,1001306,World Bank,Foreign Non-Profit Making,Multilateral,IFI,2,Africa,DJ,DJ,Djibouti,0.004,31110,Agricultural policy and administrative management,0.2,24000.0
2009/2010,M013185001,Operational,30000000.0,B5100,MFM Global Issues and Development,D5430,MED Economic Development,S5460,*Bretton Woods Inst Fin Prog,0,5461,*World Bank Group,30000000.0,0.1,0.0,0,Responsive,Uncoded: Pre-APP,1,Not PBA,1,0,0,0,0,1,0,0,0,0,0,0,0,0,1,1001306,World Bank,Foreign Non-Profit Making,Multilateral,IFI,2,Africa,DJ,DJ,Djibouti,0.004,31120,Agricultural development,0.2,24000.0
2009/2010,M013185001,Operational,30000000.0,B5100,MFM Global Issues and Development,D5430,MED Economic Development,S5460,*Bretton Woods Inst Fin Prog,0,5461,*World Bank Group,30000000.0,0.1,0.0,0,Responsive,Uncoded: Pre-APP,1,Not PBA,1,0,0,0,0,1,0,0,0,0,0,0,0,0,1,1001306,World Bank,Foreign Non-Profit Making,Multilateral,IFI,2,Africa,DJ,DJ,Djibouti,0.004,31150,Agricultural inputs,0.1,12000.0
2009/2010,M013185001,Operational,30000000.0,B5100,MFM Global Issues and Development,D5430,MED Economic Development,S5460,*Bretton Woods Inst Fin Prog,0,5461,*World Bank Group,30000000.0,0.1,0.0,0,Responsive,Uncoded: Pre-APP,1,Not PBA,1,0,0,0,0,1,0,0,0,0,0,0,0,0,1,1001306,World Bank,Foreign Non-Profit Making,Multilateral,IFI,2,Africa,DJ,DJ,Djibouti,0.004,31161,Food crop production,0.1,12000.0
2009/2010,M013185001,Operational,30000000.0,B5100,MFM Global Issues and Development,D5430,MED Economic Development,S5460,*Bretton Woods Inst Fin Prog,0,5461,*World Bank Group,30000000.0,0.1,0.0,0,Responsive,Uncoded: Pre-APP,1,Not PBA,1,0,0,0,0,1,0,0,0,0,0,0,0,0,1,1001306,World Bank,Foreign Non-Profit Making,Multilateral,IFI,2,Africa,DJ,DJ,Djibouti,0.004,31166,Agricultural extension,0.1,12000.0
2009/2010,M013185001,Operational,30000000.0,B5100,MFM Global Issues and Development,D5430,MED Economic Development,S5460,*Bretton Woods Inst Fin Prog,0,5461,*World Bank Group,30000000.0,0.1,0.0,0,Responsive,Uncoded: Pre-APP,1,Not PBA,1,0,0,0,0,1,0,0,0,0,0,0,0,0,1,1001306,World Bank,Foreign Non-Profit Making,Multilateral,IFI,2,Africa,DJ,DJ,Djibouti,0.004,31182,Agricultural research,0.1,12000.0
2009/2010,M013185001,Operational,30000000.0,B5100,MFM Global Issues and Development,D5430,MED Economic Development,S5460,*Bretton Woods Inst Fin Prog,0,5461,*World Bank Group,30000000.0,0.1,0.0,0,Responsive,Uncoded: Pre-APP,1,Not PBA,1,0,0,0,0,1,0,0,0,0,0,0,0,0,1,1001306,World Bank,Foreign Non-Profit Making,Multilateral,IFI,2,Africa,DJ,DJ,Djibouti,0.004,31191,Agricultural services,0.1,12000.0
2009/2010,M013185001,Operational,30000000.0,B5100,MFM Global Issues and Development,D5430,MED Economic Development,S5460,*Bretton Woods Inst Fin Prog,0,5461,*World Bank Group,30000000.0,0.1,0.0,0,Responsive,Uncoded: Pre-APP,1,Not PBA,1,0,0,0,0,1,0,0,0,0,0,0,0,0,1,1001306,World Bank,Foreign Non-Profit Making,Multilateral,IFI,2,Africa,DJ,DJ,Djibouti,0.004,31193,Agricultural financial services,0.1,12000.0
2009/2010,M013185001,Operational,30000000.0,B5100,MFM Global Issues and Development,D5430,MED Economic Development,S5460,*Bretton Woods Inst Fin Prog,0,5461,*World Bank Group,30000000.0,0.1,0.0,0,Responsive,Uncoded: Pre-APP,1,Not PBA,1,0,0,0,0,1,0,0,0,0,0,0,0,0,1,1001306,World Bank,Foreign Non-Profit Making,Multilateral,IFI,2,Africa,ET,ET,Ethiopia,0.222,31110,Agricultural policy and administrative management,0.2,1332000.0
2009/2010,M013185001,Operational,30000000.0,B5100,MFM Global Issues and Development,D5430,MED Economic Development,S5460,*Bretton Woods Inst Fin Prog,0,5461,*World Bank Group,30000000.0,0.1,0.0,0,Responsive,Uncoded: Pre-APP,1,Not PBA,1,0,0,0,0,1,0,0,0,0,0,0,0,0,1,1001306,World Bank,Foreign Non-Profit Making,Multilateral,IFI,2,Africa,ET,ET,Ethiopia,0.222,31120,Agricultural development,0.2,1332000.0
2009/2010,M013185001,Operational,30000000.0,B5100,MFM Global Issues and Development,D5430,MED Economic Development,S5460,*Bretton Woods Inst Fin Prog,0,5461,*World Bank Group,30000000.0,0.1,0.0,0,Responsive,Uncoded: Pre-APP,1,Not PBA,1,0,0,0,0,1,0,0,0,0,0,0,0,0,1,1001306,World Bank,Foreign Non-Profit Making,Multilateral,IFI,2,Africa,ET,ET,Ethiopia,0.222,31150,Agricultural inputs,0.1,666000.0
2009/2010,M013185001,Operational,30000000.0,B5100,MFM Global Issues and Development,D5430,MED Economic Development,S5460,*Bretton Woods Inst Fin Prog,0,5461,*World Bank Group,30000000.0,0.1,0.0,0,Responsive,Uncoded: Pre-APP,1,Not PBA,1,0,0,0,0,1,0,0,0,0,0,0,0,0,1,1001306,World Bank,Foreign Non-Profit Making,Multilateral,IFI,2,Africa,ET,ET,Ethiopia,0.222,31161,Food crop production,0.1,666000.0
2009/2010,M013185001,Operational,30000000.0,B5100,MFM Global Issues and Development,D5430,MED Economic Development,S5460,*Bretton Woods Inst Fin Prog,0,5461,*World Bank Group,30000000.0,0.1,0.0,0,Responsive,Uncoded: Pre-APP,1,Not PBA,1,0,0,0,0,1,0,0,0,0,0,0,0,0,1,1001306,World Bank,Foreign Non-Profit Making,Multilateral,IFI,2,Africa,ET,ET,Ethiopia,0.222,31166,Agricultural extension,0.1,666000.0
2009/2010,M013185001,Operational,30000000.0,B5100,MFM Global Issues and Development,D5430,MED Economic Development,S5460,*Bretton Woods Inst Fin Prog,0,5461,*World Bank Group,30000000.0,0.1,0.0,0,Responsive,Uncoded: Pre-APP,1,Not PBA,1,0,0,0,0,1,0,0,0,0,0,0,0,0,1,1001306,World Bank,Foreign Non-Profit Making,Multilateral,IFI,2,Africa,ET,ET,Ethiopia,0.222,31182,Agricultural research,0.1,666000.0
2009/2010,M013185001,Operational,30000000.0,B5100,MFM Global Issues and Development,D5430,MED Economic Development,S5460,*Bretton Woods Inst Fin Prog,0,5461,*World Bank Group,30000000.0,0.1,0.0,0,Responsive,Uncoded: Pre-APP,1,Not PBA,1,0,0,0,0,1,0,0,0,0,0,0,0,0,1,1001306,World Bank,Foreign Non-Profit Making,Multilateral,IFI,2,Africa,ET,ET,Ethiopia,0.222,31191,Agricultural services,0.1,666000.0
2009/2010,M013185001,Operational,30000000.0,B5100,MFM Global Issues and Development,D5430,MED Economic Development,S5460,*Bretton Woods Inst Fin Prog,0,5461,*World Bank Group,30000000.0,0.1,0.0,0,Responsive,Uncoded: Pre-APP,1,Not PBA,1,0,0,0,0,1,0,0,0,0,0,0,0,0,1,1001306,World Bank,Foreign Non-Profit Making,Multilateral,IFI,2,Africa,ET,ET,Ethiopia,0.222,31193,Agricultural financial services,0.1,666000.0
2009/2010,M013185001,Operational,30000000.0,B5100,MFM Global Issues and Development,D5430,MED Economic Development,S5460,*Bretton Woods Inst Fin Prog,0,5461,*World Bank Group,30000000.0,0.1,0.0,0,Responsive,Uncoded: Pre-APP,1,Not PBA,1,0,0,0,0,1,0,0,0,0,0,0,0,0,1,1001306,World Bank,Foreign Non-Profit Making,Multilateral,IFI,2,Africa,GN,GN,Guinea,0.0081,31110,Agricultural policy and administrative management,0.2,48600.0
2009/2010,M013185001,Operational,30000000.0,B5100,MFM Global Issues and Development,D5430,MED Economic Development,S5460,*Bretton Woods Inst Fin Prog,0,5461,*World Bank Group,30000000.0,0.1,0.0,0,Responsive,Uncoded: Pre-APP,1,Not PBA,1,0,0,0,0,1,0,0,0,0,0,0,0,0,1,1001306,World Bank,Foreign Non-Profit Making,Multilateral,IFI,2,Africa,GN,GN,Guinea,0.0081,31120,Agricultural development,0.2,48600.0
2009/2010,M013185001,Operational,30000000.0,B5100,MFM Global Issues and Development,D5430,MED Economic Development,S5460,*Bretton Woods Inst Fin Prog,0,5461,*World Bank Group,30000000.0,0.1,0.0,0,Responsive,Uncoded: Pre-APP,1,Not PBA,1,0,0,0,0,1,0,0,0,0,0,0,0,0,1,1001306,World Bank,Foreign Non-Profit Making,Multilateral,IFI,2,Africa,GN,GN,Guinea,0.0081,31150,Agricultural inputs,0.1,24300.0
2009/2010,M013185001,Operational,30000000.0,B5100,MFM Global Issues and Development,D5430,MED Economic Development,S5460,*Bretton Woods Inst Fin Prog,0,5461,*World Bank Group,30000000.0,0.1,0.0,0,Responsive,Uncoded: Pre-APP,1,Not PBA,1,0,0,0,0,1,0,0,0,0,0,0,0,0,1,1001306,World Bank,Foreign Non-Profit Making,Multilateral,IFI,2,Africa,GN,GN,Guinea,0.0081,31161,Food crop production,0.1,24300.0
2009/2010,M013185001,Operational,30000000.0,B5100,MFM Global Issues and Development,D5430,MED Economic Development,S5460,*Bretton Woods Inst Fin Prog,0,5461,*World Bank Group,30000000.0,0.1,0.0,0,Responsive,Uncoded: Pre-APP,1,Not PBA,1,0,0,0,0,1,0,0,0,0,0,0,0,0,1,1001306,World Bank,Foreign Non-Profit Making,Multilateral,IFI,2,Africa,GN,GN,Guinea,0.0081,31166,Agricultural extension,0.1,24300.0
2009/2010,M013185001,Operational,30000000.0,B5100,MFM Global Issues and Development,D5430,MED Economic Development,S5460,*Bretton Woods Inst Fin Prog,0,5461,*World Bank Group,30000000.0,0.1,0.0,0,Responsive,Uncoded: Pre-APP,1,Not PBA,1,0,0,0,0,1,0,0,0,0,0,0,0,0,1,1001306,World Bank,Foreign Non-Profit Making,Multilateral,IFI,2,Africa,GN,GN,Guinea,0.0081,31182,Agricultural research,0.1,24300.0
2009/2010,M013185001,Operational,30000000.0,B5100,MFM Global Issues and Development,D5430,MED Economic Development,S5460,*Bretton Woods Inst Fin Prog,0,5461,*World Bank Group,30000000.0,0.1,0.0,0,Responsive,Uncoded: Pre-APP,1,Not PBA,1,0,0,0,0,1,0,0,0,0,0,0,0,0,1,1001306,World Bank,Foreign Non-Profit Making,Multilateral,IFI,2,Africa,GN,GN,Guinea,0.0081,31191,Agricultural services,0.1,24300.0
2009/2010,M013185001,Operational,30000000.0,B5100,MFM Global Issues and Development,D5430,MED Economic Development,S5460,*Bretton Woods Inst Fin Prog,0,5461,*World Bank Group,30000000.0,0.1,0.0,0,Responsive,Uncoded: Pre-APP,1,Not PBA,1,0,0,0,0,1,0,0,0,0,0,0,0,0,1,1001306,World Bank,Foreign Non-Profit Making,Multilateral,IFI,2,Africa,GN,GN,Guinea,0.0081,31193,Agricultural financial services,0.1,24300.0
2009/2010,M013185001,Operational,30000000.0,B5100,MFM Global Issues and Development,D5430,MED Economic Development,S5460,*Bretton Woods Inst Fin Prog,0,5461,*World Bank Group,30000000.0,0.1,0.0,0,Responsive,Uncoded: Pre-APP,1,Not PBA,1,0,0,0,0,1,0,0,0,0,0,0,0,0,1,1001306,World Bank,Foreign Non-Profit Making,Multilateral,IFI,2,Africa,GW,GW,Guinea-Bissau,0.004,31110,Agricultural policy and administrative management,0.2,24000.0
