AgencyID,Employer,LastName,CreditRating,Income,AddressLine1,NumberCreditCards,City,NetWorth,OwnOrRentFlag,State,Country,Phone,NumberCars,NumberChildren,MaritalStatus,Age
Iok7501,FM Global,Iokwiqojocjanndatkdzgymym,580.0,94490.0,jsurlejkapodmkaccruslfkcqmbcquahsyweopxdxknl,,Baltimore,321776.0,U,MO,United States of America,1-637-119-9996,3.0,,U,7.0
tia7502,MGIC Investment,tiabxgseasiibxakctfzhfwotp,683.0,7037.0,Ggptcoorkpeeigqzevhwhjdxdfbrmidyxsugikhgmuvvpcptuphjlgmipvhrrsgepibdupa,2.0,Kitchener,2292324.0,R,TX,Canada,1-560-405-0048,4.0,4.0,S,48.0
AOI7503,Ross Stores,AOIWIWTIHIXOJ,411.0,419269.0,Gpcvjzlwouagawronludakqiuhbrbpbkkltrnlkoezgwcawpayfsnejpkmisnryphbtztbfemoy,2.0,Saint John,969707.0,O,CT,,1-261-306-5079,1.0,5.0,M,14.0
PJQ7504,,PJQSPMBUHYQKBOZ,818.0,76681.0,Yxkhkvrobywpdczvwmjgxvnuduavcpyiuceglhaskahgyxqpqjbdroyojouqkzfwvfpsddisy,9.0,Berkeley,3899461.0,U,UT,United States of America,1-642-299-6655,4.0,5.0,W,29.0
SDV7505,Alliance One International,SDVLJWXENNGWCQMIW,370.0,209116.0,Ddsarhvraiskwmrddncqwvzkmjmxtgnpbtgyop,7.0,Missoula,3749223.0,R,RI,United States of America,,2.0,4.0,U,69.0
Hga7506,Sally Beauty Holdings,Hgakmykzeunwkiaxayulpwyxrcuev,833.0,212203.0,Ajpkrmtlcbdzr,6.0,Salinas,3658531.0,O,DE,,1-388-257-4273,0.0,0.0,U,47.0
Beo7507,Wisconsin Energy,Beotomyndkiqryllkvpavllytov,536.0,42018.0,PKSTPUXQIRGWSXSKWRAJTTNBAOLQKAAJFAPGWIHBWVCHOXLE,2.0,San Jose,1738460.0,U,NM,Canada,,5.0,5.0,M,0.0
Qum7508,Carpenter Technology,Qumxrssnd,775.0,90446.0,gyhrpdbplficrfirmtavitgpfmhnnhvsuoqwxrulxlqrdqkzshqovucentrxlakgkpwbrgtd,0.0,Cleveland,3307296.0,R,WV,United States of America,1-632-118-1891,0.0,0.0,S,46.0
Hud7509,Liberty Mutual Insurance Group,Hudlpfwjagzbnznyhamjkhbf,765.0,16274.0,GJTWIDOQOAPDVVULJGOOJBWTTANDJXOCQHWWZAGLGMJQXJOMWFTFVGXIH,3.0,Huntington,1816419.0,R,NH,United States of America,1-853-806-4986,1.0,1.0,M,6.0
jba7510,Black & Decker,jbabemsfwdyeihxq,555.0,22215.0,Ycltsquohmuugxihqyluhkoy,6.0,Paterson,2599250.0,O,WY,Canada,1-220-687-2027,5.0,2.0,M,22.0
dgc7511,Interstate Bakeries,dgcnbxfhc,,210038.0,Yrqckbldfgvltnlgolmyhnzpnfmxikgw,3.0,Greensboro,490443.0,O,Saskatchewan,United States of America,,5.0,1.0,M,72.0
lql7512,eBay,lqlslgqsvyfxqnzuwbfg,318.0,307402.0,Holvjtknyhtkcrtbmlauvemcsydtddtyzbkqkxbfvkvmxl,9.0,Concord,3348923.0,O,NE,Canada,1-268-630-3843,4.0,5.0,M,40.0
Wsk7513,Boise,Wskjvrujdwku,613.0,,Dxcosbkqxcjncocxwfvvxjhsziskesknggmeombegfbh,4.0,Colorado Springs,331799.0,R,AR,United States of America,1-915-548-9541,4.0,1.0,D,8.0
Ffs7514,MDU Resources Group,Ffshsiomkzjonhxjhunfsao,786.0,432425.0,,4.0,Mobile,1167013.0,R,IL,,1-536-880-0961,4.0,1.0,U,10.0
Kvv7515,Freescale Semiconductor,Kvvverfkpazpzzkrqniixrhnw,,122041.0,nhqyivscmwnpvrfjhyqgyauxmhgktbbppsfjnvrwvqdcqzcanltobsfnatgeamwyle,10.0,Thousand Oaks,3960216.0,O,VA,United States of America,1-494-335-6022,0.0,3.0,U,24.0
mpz7516,Superior Energy Services,mpzqnwnrmaozfsstcqtrc,623.0,302205.0,,5.0,Rochester,242246.0,O,ID,United States of America,1-814-158-3550,1.0,4.0,M,18.0
Jhc7517,Monsanto,Jhcbaxyzijphmmvpampdgvgisnab,845.0,367555.0,RGFLBNRPCCBOCIMBJAIQCHREEDWSLNITTIXMQMMIREOAEMJSWFGPLLAOOTDNSZZGAEQJWFUFQH,1.0,Garden Grove,1217660.0,O,TX,United States of America,1-420-580-0795,1.0,1.0,S,79.0
dbq7518,Newfield Exploration,dbqcukoddoiwg,645.0,106025.0,rpikmvtgwsrsoehxgmxwypaueiaheabrf,7.0,Tampa,1229655.0,U,New Brunswick,United States of America,1-924-305-1666,4.0,5.0,M,36.0
Xch7519,Loews,Xchoxlbkffuvox,495.0,106690.0,Dcxnszigsmeoffgkyuyzouumjszfxlmjdizusqzswzmocjqebjedovmpqu,1.0,Fullerton,1157831.0,O,Alberta,Canada,1-450-082-2122,2.0,2.0,W,21.0
oir7520,Apache,oirfujtvl,371.0,29373.0,Baiiogufdtxuzztaankuouulonjuthcvhxsmccuomeklooce,8.0,Washington,,O,PA,Canada,1-573-009-1404,2.0,2.0,M,4.0
Fqb7521,Robert Half International,Fqbovz,462.0,168189.0,Pozalthzwjbiezusbjdhneowvdocaqwhiqgtjoeciuatrukalsmcrjd,1.0,Norfolk,,R,Nova Scotia,United States of America,1-603-897-9894,2.0,3.0,S,72.0
qex7522,Viacom,qextfjyytqwbmdrlykbfnhvqrmota,375.0,264756.0,Dmyivtczopuqajpnjqvvgbhxynvduub,7.0,Sydney,3467922.0,U,RI,United States of America,1-947-161-6502,,,S,1.0
Hpi7523,Robert Half International,Hpiedhvkedqqdxsoedt,516.0,44480.0,Sathursvnxpzkodbtmwvlolitgiqccvjmcwvjhxmxiksdbpxekwlruhizivshqaghvknzyc,10.0,Winnipeg,46859.0,U,OR,Canada,1-586-826-9847,1.0,2.0,S,98.0
Fjd7524,CSX,Fjdafgbcrml,703.0,87207.0,Esuycdxsjfbrqbtluspxsehk,,Wilmington,2937668.0,R,CA,Canada,1-217-243-2668,1.0,5.0,,35.0
Cgt7525,Country Financial Services,Cgtcmbl,734.0,238434.0,AAKKBLHRKJVXTVACUQHEGNOWXKGEVRT,7.0,El Monte,2388613.0,O,MO,United States of America,1-857-211-5728,4.0,2.0,W,99.0
Lwx7526,Procter & Gamble,Lwxudfgcqawccntqaucdaeym,469.0,,oxrxowbcfhbizsvbjjsrkewykeughmnwmzjixsuivfwva,4.0,Sterling Heights,3116283.0,U,Prince Edward Island,United States of America,1-089-966-6281,0.0,2.0,M,49.0
epy7527,Ingles Markets,epyxtfsrijhddstgaxkbgmlayjtk,595.0,391354.0,vnyndcximwxhecv,2.0,Pembroke Pines,2671950.0,O,Quebec,United States of America,,3.0,0.0,S,72.0
Aff7528,Forest Laboratories,Affcha,410.0,419165.0,sjzqdcwqhttuwckkxvgdspajysnblgfjgiyydyrof,1.0,Philadelphia,3899593.0,O,KS,United States of America,1-231-342-6874,3.0,0.0,U,41.0
mfc7529,Dentsply International,mfcestd,475.0,396509.0,,10.0,Glendale,2537332.0,O,NV,Canada,,3.0,2.0,W,54.0
Slf7530,RadioShack,Slfbmvc,,145161.0,GVSBHGBDDVJFNNOZNNPJWCOI,2.0,El Monte,733236.0,R,TN,United States of America,1-602-637-1838,0.0,2.0,,11.0
Cxu7531,Century Aluminum,Cxuousxqyrfgjvpvuopyfguqva,519.0,263206.0,Atzlinujhplocihkjvezvlpfgrrybnamouvdikjna,3.0,Warwick,,O,WY,United States of America,1-003-982-8627,2.0,5.0,W,0.0
GZO7532,,GZOPDOKHJAJYSDFLOFVZMBVAHOKC,841.0,190371.0,BIQIOQOHLQSTBRUFOI,5.0,Milwaukee,3397276.0,U,British Columbia,United States of America,1-136-358-6852,3.0,3.0,D,27.0
DRW7533,FPL Group,DRWTVTDSG,540.0,203968.0,Llfaqkbemnoy,6.0,Phoenix,2444257.0,O,LA,United States of America,1-123-528-2965,3.0,1.0,U,95.0
set7534,Lockheed Martin,setksinlvlrjwnfu,540.0,428323.0,zwgrnwhxvusgkvueiielqzidnstoaqltuigftcyrqkcuquanepjiliagtqkwjqiozxzx,10.0,Anchorage,71520.0,R,HI,United States of America,1-136-565-2501,1.0,3.0,U,35.0
Pyo7535,Sanmina-SCI,Pyoixliri,,159980.0,Znocudhaahssenzuileezlvwcpqtxslrtxdjffjgyauodhhswyydopvxfebhjququbihrdxa,6.0,Madison,1911091.0,O,NY,United States of America,1-317-986-1984,4.0,1.0,M,96.0
FSH7536,Iron Mountain,FSHWGIKPYLTPSBKMFGDAPUHKFTQSOQ,424.0,266852.0,elziqiolbqswwrxbeuskfibanpfkbhhrivuqjjjrvlnmopcfoedpsgupskjfbkk,6.0,Fontana,988775.0,O,TX,Canada,1-265-603-1262,0.0,0.0,W,96.0
Tdx7537,OfficeMax,Tdxyljuxporjhdumcvfmv,623.0,206973.0,,2.0,Charlotte,3919363.0,R,AZ,United States of America,,5.0,5.0,M,49.0
Sbn7538,AMR,Sbnxcsrozzcufdoyvckpplofysx,792.0,258221.0,atydogjpqphuwhegtbukkqiaeakrtrn,4.0,Richmond,428918.0,O,ME,Canada,1-156-668-6882,5.0,1.0,S,
Piq7539,Kohl's,Piqizouhxiw,718.0,428508.0,Hlotorcbtobuceb,6.0,Santa Clarita,58134.0,O,NH,United States of America,1-164-648-3203,4.0,4.0,S,27.0
IXD7540,Cigna,IXDSKQTZHJGNVZHBKKOYZOPMYLJPYC,401.0,,gsrdigbqfwrahybxrtm,6.0,Yellow Knife,3703767.0,O,KY,,1-839-795-1027,4.0,0.0,M,98.0
wsn7541,West,wsnjomkxbtybfnmtcjhvmblfwamnwd,557.0,58953.0,Coscogvzwodkdajhxnrqmrjqxiaknmygvhpe,2.0,Oxnard,433859.0,R,Prince Edward Island,United States of America,1-958-412-4252,4.0,5.0,M,
Jkp7542,Monsanto,Jkpmtcj,393.0,409682.0,qurznxuiovpxwpivddydiaghhcwdmflzhwciipvaovelvwfpmkpjs,7.0,Huntington Beach,3002044.0,O,British Columbia,United States of America,1-392-335-1020,5.0,5.0,W,56.0
CCF7543,Reliant Energy,CCFFVCOHCLUUXZIQTCFCUHEYN,557.0,340191.0,,10.0,Durham,1124168.0,,CT,United States of America,1-912-050-7605,2.0,4.0,M,94.0
ylj7544,Idearc,yljvuglvt,465.0,238216.0,RELJYREDKQEKGOORBLRKOUIC,5.0,Naperville,2081541.0,O,WA,United States of America,1-075-551-9919,4.0,5.0,U,98.0
ZBB7545,Neiman Marcus,ZBBXAWVJAAL,,113171.0,Wrygjlskxmkivztjbmtjvfbvihenmhwtllhduhmgtkqtzfanadnoereerqlbekgfoyblrstsnrkr,6.0,Albuquerque,1897076.0,O,ND,Canada,1-013-611-2674,0.0,1.0,M,8.0
fqe7546,O'Reilly Automotive,fqekemquvstw,485.0,234797.0,Yewxbqpnfgh,10.0,Newark,235172.0,,ID,United States of America,1-656-865-7544,5.0,,W,90.0
Wpw7547,Cliffs Natural Resources,Wpwhilrlzng,303.0,225322.0,Bqlmkwlegamnrwsjroeagidzsvulscedtlmkbngoaax,2.0,Miami,639573.0,,Quebec,United States of America,1-879-870-7379,4.0,2.0,M,34.0
vpz7548,Health Management Associates,vpzxgcwljllsq,846.0,192689.0,ZWRPOZPZEWIWCZAQLSPRTLWGIYKJDXHYHEAKZRWYARNKZBYQLQDIDEBNSGEARGERSLEY,4.0,London,2667082.0,O,ID,Canada,1-366-625-9813,1.0,2.0,W,25.0
Yfz7549,Chevron,Yfzmtcvxc,621.0,348685.0,VDBAVRMWFYBDZUILPKFXIVIYGFUU,1.0,Worcester,2598634.0,O,AL,Canada,1-359-462-7089,5.0,4.0,,50.0
dou7550,Exide Technologies,douvwdwiwrxoivzaojazinrhswjv,331.0,401229.0,Kzlkcchbfcabnbajwaoxdndbhoyzdboubvbjf,,Jacksonville,1074671.0,O,UT,United States of America,,3.0,4.0,D,85.0
FDJ7551,Convergys,FDJOVRSOCWEIKZ,401.0,38597.0,hfuyqlsmbesrylepu,9.0,Nashua,2272997.0,R,MS,United States of America,1-153-396-8333,5.0,4.0,M,60.0
ufu7552,Dominion Resources,ufutrfkevxnbupjcetrpltw,644.0,,Arrfoheemxhniocfxbsldznwtzgxybozxvqgxeeabgdfvtgaltiqncicaaanvqketikpvlp,0.0,Newport News,702000.0,R,AK,United States of America,1-144-623-1308,2.0,2.0,S,95.0
bbg7553,Sentry Insurance Group,bbgzmquoeecumw,769.0,161204.0,qgjnvpwvmgsqzcanzncon,5.0,Corona,1289800.0,R,VT,United States of America,1-269-220-8046,4.0,1.0,M,8.0
Znk7554,Cintas,Znkkdbkvxcxeuackyodqlkpl,481.0,202650.0,HNBGLUDIOAJRCCIXGDUQOO,2.0,Lincoln,1007390.0,O,LA,,1-052-524-0130,3.0,4.0,M,31.0
CGQ7555,Medtronic,CGQARHBXCVHPTYDGVVPVLJYBJFYZD,732.0,,FXNNYVMUEABMMBVJTCJNKOPOQJRSVWCTRRENECLSUXOYXWKWSLSVATTVQEDUAAOXXHBAKLULKV,7.0,Toronto,124290.0,O,CT,Canada,1-335-871-6660,1.0,2.0,U,51.0
add7556,Pride International,addxtssyhezwro,802.0,492433.0,dnlleihfh,2.0,Fayetteville,1820002.0,O,UT,United States of America,1-637-394-8083,4.0,4.0,M,24.0
Anw7557,A. Schulman,Anwyusqezrjppzkaevffwljm,329.0,344858.0,ucbvdfcgnxmvrktknuearqllkshkgtnjufrbxommluggfvbcudhelcuvfkrwpm,5.0,Charlotte,2200347.0,O,IN,Canada,1-706-795-4208,2.0,4.0,M,78.0
Hvt7558,Oneok,Hvtanebvipbdd,839.0,197290.0,Wsjaujjdexc,0.0,Tulsa,3669569.0,R,WI,United States of America,1-622-347-5699,5.0,0.0,W,56.0
Yqj7559,Danaher,Yqjaammjlhgpw,539.0,283654.0,Ojberg,,Winston-Salem,2140537.0,,WA,United States of America,1-042-017-9368,2.0,,U,50.0
Ztn7560,Del Monte Foods,Ztnstwpjxatqveppicohpzilnn,561.0,317423.0,Gymyluukzsxfncpevivrqfybwototaounlrhizwgugosixcopw,4.0,Thousand Oaks,3258909.0,R,LA,United States of America,1-829-935-5979,4.0,5.0,M,52.0
bni7561,American Electric Power,bnizllrrofn,814.0,399126.0,Gbpnduuvkinefxmgpizlelvlfojeyjyuocqmonxuvcgerggsxzwuvvno,2.0,Lubbock,1825422.0,O,VT,United States of America,1-076-726-5283,4.0,5.0,W,14.0
swx7562,TJX,swxorhmdydwbrtdqxroghsddlpbdgi,305.0,398180.0,Xwtkpxqgohxwxnv,7.0,Winnipeg,1845263.0,R,CT,United States of America,,5.0,0.0,M,29.0
DSA7563,Philip Morris International,DSARTXPZSEHCGWQAOUVTVZKGQYYNJO,457.0,,Qpvmtkxxfef,4.0,Laredo,1463114.0,O,RI,United States of America,1-284-129-5920,2.0,4.0,S,50.0
BXZ7564,Cincinnati Financial,BXZUTWBUFSGPPXKR,349.0,485429.0,QCKNHEBVPAYKHMOPSSPZKIKSDWWPRMYXHLFZTNJDTQJTAKHJKHHE,8.0,Overland Park,2354683.0,O,SC,United States of America,1-128-308-8886,4.0,1.0,U,67.0
pcz7565,Stryker,pczqycbwefse,590.0,118018.0,KRYAIAJGKHBKXBLC,0.0,Calgary,436677.0,O,British Columbia,United States of America,1-145-469-5971,2.0,0.0,M,22.0
Zqa7566,Kansas City Southern,Zqaknviqngvemehvpzrcgkcvre,533.0,309693.0,,0.0,Peoria,2383335.0,O,CO,United States of America,1-727-684-7767,5.0,4.0,U,20.0
Htl7567,IDT,Htltlfnvjctvvdvulpkhcbyfi,686.0,90718.0,Kpgnmsuwrwuphtexdknakkztipvgdpooqttpuokyovcgkccrrj,9.0,Durham,2574739.0,O,TN,Canada,1-776-201-2472,4.0,0.0,W,75.0
afw7568,Vornado Realty Trust,afwafvxxdr,582.0,280645.0,VBDCWYVK,10.0,Pueblo,1596838.0,O,CA,United States of America,1-767-942-1278,2.0,0.0,U,60.0
Wna7569,Dollar General,Wnakgzhqfhtavtvegjtdmdosnjr,807.0,231559.0,VQEHPIQXPUYXNLHHXGIYHXLRFCWGMRYRLPLFZTXGFODCJTXACZKXEORRBTQZ,0.0,Las Cruces,591965.0,O,WY,United States of America,1-723-062-7266,,4.0,S,
Mlh7570,Safeway,Mlheqxaigtvjaynkffyqkpu,819.0,36898.0,Xlvxhmrfmptwhtykwdsopeybpnrsfmisbjvhwtxfipsdvyvrpefmswpatoflelensx,3.0,Chula Vista,3071440.0,O,SD,United States of America,,3.0,5.0,S,48.0
Gor7571,Apache,Gorjnqxjtefmomsbmtnogaerx,311.0,396786.0,Gwxymofcy,5.0,San Diego,2683081.0,R,British Columbia,United States of America,1-145-314-0862,2.0,0.0,M,91.0
ENX7572,Lowe's,ENXOMNHFVPYQSABETPUEKRKCL,734.0,344365.0,Qynjnmfgwxpmrw,3.0,Chicago,3850483.0,O,NJ,United States of America,1-735-104-7772,2.0,5.0,U,98.0
fgr7573,Lithia Motors,fgrdzzudzmwlluff,432.0,1205.0,Eoklokmwgjppbvcwbbnsbcungyjwnimpcgxnazsuwtfvbfgujt,1.0,Worcester,1870617.0,O,AK,United States of America,,4.0,1.0,W,51.0
Ysh7574,CH2M Hill,Yshzkx,394.0,276666.0,SPUYQTWXPFSCUVORCIJOZDQKSPIRMHNOBLIGQIQAXVXJODRLYJSYVK,3.0,Honolulu,1249534.0,O,OH,United States of America,1-518-116-1411,5.0,0.0,S,22.0
Mos7575,Tellabs,Mosqjrkdycyygfsljqadgfqoldb,658.0,497953.0,XBIKFJMVSDDVHYVNNHYHHMOGUWGFRAXVNQWITKEBUOZUPSRXHK,1.0,Albuquerque,3789880.0,O,New Brunswick,United States of America,1-696-359-4829,0.0,0.0,U,57.0
czu7576,Phillips-Van Heusen,czuvw,348.0,156048.0,cyemudyvatrcwkhyrvhoyskcxltqgaichanbfnkrkmpnhcbwekxkttzlun,3.0,Oakland,3874445.0,O,IL,Canada,1-352-678-5471,1.0,2.0,M,38.0
Ghr7577,Wells Fargo,Ghrlcuscpesuzsdwqfwwbgh,598.0,63617.0,BESJDYZDIOIXKDFEHBQXBPW,8.0,Billings,437353.0,O,AZ,United States of America,1-906-600-9749,1.0,5.0,M,68.0
Rwk7578,Vornado Realty Trust,Rwkdeshuwhwvmvmdnckmuvdt,505.0,244849.0,Ouopoqztakszwsfkthdbwndfjuqaelyd,9.0,Pueblo,2669917.0,O,NY,United States of America,1-093-018-2851,2.0,2.0,U,93.0
Uwi7579,New York Times,Uwinnbtdd,839.0,123585.0,Ivwhotvobwkshcixclfobqoljlaqohw,7.0,Sherbrooke,1466537.0,R,WA,United States of America,1-302-096-9321,4.0,3.0,S,48.0
VXZ7580,Adobe Systems,VXZTLDNZPYIFIKTIJRXS,672.0,391134.0,fhyfjlfzocprhuxssewqdcjntakpnfrrlvvrtixuwiehfdwlieexcddafimypxequ,2.0,Sacramento,991860.0,U,GA,United States of America,1-915-044-3154,1.0,1.0,S,96.0
Ayk7581,Valmont Industries,Aykkkc,696.0,426759.0,Puybvawojqglchdvckhhhwtrhoztrkdxmerkelmhaspzwtqxuwwudksgvkvhtotnaqrkugnjxvv,3.0,Charlotte,,O,AZ,United States of America,1-040-274-3474,5.0,5.0,M,58.0
lho7582,UAL,lhodktal,448.0,451737.0,Lsopumkmqmonjmlmflvsdngfmmzduhnxawyecejbmrtvjybkpnvcgpdhwg,5.0,El Paso,1816368.0,O,NV,United States of America,1-678-397-2739,5.0,3.0,W,63.0
rzi7583,AFLAC,rziprpcfwnirtuvrbfnuepq,549.0,180822.0,Ghzvqseujpafmovabrwnwkxervmdpyesyqirnaatzqhuqfdqipdszqfztcebixh,9.0,Mesa,565246.0,O,TN,United States of America,1-679-345-9939,2.0,1.0,S,18.0
Wds7584,VeraSun Energy,Wdsuorykxmvfxupyyjl,705.0,205843.0,Xdtoypjkkrcpporwtlevrcsdlgjoayhhvvafsoopwajtxkrigdwigxjfzdqatllarqxxbrmtkhxlut,0.0,Simi Valley,1899339.0,O,AL,United States of America,1-093-616-0613,4.0,2.0,W,40.0
Xsj7585,Magellan Health Services,Xsjypvyfoqbiq,387.0,470985.0,hgttwqtnebsqgkjbronfyeudniiwutfnqbive,6.0,St. Catharines,3873239.0,O,TX,United States of America,1-546-131-8988,4.0,3.0,M,29.0
Lux7586,Emcor Group,Luxkby,359.0,318225.0,Nhgrkzjzcrjcerkwrugwul,7.0,Washington,767547.0,,WV,United States of America,1-477-186-7432,2.0,1.0,U,21.0
wxw7587,Peabody Energy,wxwhwasadsmxchyhlgrvnurte,494.0,326044.0,,9.0,Chula Vista,1027999.0,O,ND,Canada,1-965-848-6954,2.0,2.0,M,41.0
pfz7588,State Farm Insurance Cos.,pfzjoarqopfjtzjalxxxeq,345.0,,uiaoi,10.0,Montpelier,3428495.0,,Saskatchewan,United States of America,1-622-866-0937,1.0,1.0,M,56.0
hlx7589,Humana,hlxshqpvshstjerwclb,402.0,187282.0,Wwonzdtvwkn,10.0,Mesa,1827180.0,O,VA,United States of America,1-040-217-2014,2.0,0.0,M,33.0
nyb7590,News Corp.,nybiaaw,579.0,,AMTOWGTCMDSRCOWJBLURSTPFEOLTMRUDWTJUPMTTWGTSBKOXNQXACYUSAJI,3.0,New Haven,2070007.0,O,ND,United States of America,1-101-684-2373,2.0,0.0,M,96.0
Ltt7591,Torchmark,Lttvvpjjavydrmbt,569.0,,JKQKFZDAPNVCKIEOJKULQNJPYEBYRLWOWFZXHZSMKF,2.0,Indianapolis,,O,ND,United States of America,1-386-426-5849,2.0,0.0,,35.0
gsz7592,Rock-Tenn,gszunimggpyfjzmivbwizzftuen,745.0,306946.0,cezvfwtftwlwfrgrpxtuejvrgucexe,9.0,Stockton,3596263.0,O,MS,United States of America,1-598-816-0126,0.0,4.0,W,40.0
Kwp7593,AGCO,Kwpztgkknktyvdks,320.0,99663.0,Urcuilobbdyrztgbkgfwrjoafyqwlsnqlutiopcrshmskuoyoiaciustxkpiqldsqgauuadcid,1.0,Louisville,3719999.0,U,WY,,1-770-379-7700,0.0,,D,10.0
AGM7594,,AGMCLBCUEPVBRKDKWAGBCFOLYET,591.0,482013.0,Exfcwzfigvictunazlvftlzrsspibhlrzvtmgxaeusbvmesdsqxjl,4.0,Atlanta,3058439.0,R,MA,United States of America,,2.0,4.0,M,59.0
Ocn7595,United Stationers,Ocnds,,180476.0,Ctgihaqlm,10.0,Milwaukee,2592932.0,U,AK,United States of America,1-628-245-6238,1.0,0.0,M,70.0
Cmw7596,McCormick,Cmweamsabhudajyhpsohkpzcy,417.0,285682.0,HCCVKARVRIVXRPTXNKGOUWWQGBAFONRLXIKHAEFCYDQKORIDLXEDTZDKYWVTRPPONNYIPNIKESRXJ,5.0,Fort Smith,1471273.0,,PA,United States of America,1-813-787-2611,4.0,5.0,M,69.0
Dit7597,National Life Group,Ditjvpiidkjkvxssfnctzcczb,338.0,455032.0,hmzhflsjioddxmyfwldlmsctecjnwfphlpurcskbcobgltmcreqzwcgtk,8.0,Knoxville,,R,MA,United States of America,1-362-897-1162,0.0,5.0,M,96.0
Rmm7598,Hasbro,Rmmasnivkq,340.0,356141.0,Lsogsuqtirrbxtqcjiuqxanxtnopebdwrdeeuvwnw,9.0,Idaho Falls,2410816.0,O,DC,United States of America,1-952-919-4878,3.0,,S,9.0
ekj7599,Tupperware Brands,ekjvgcmzgobzeerrpfgefwvxlvfcua,738.0,165667.0,Uwusowhyhffxilandrietkdrsvvvlpzofvkawvxkvattcerugrirajtxaiacyr,5.0,Jacksonville,1059543.0,U,RI,Canada,1-145-214-8009,3.0,3.0,U,39.0
wcq7600,Covance,wcqqbslcxugdqpbzbmbqvlahw,597.0,459767.0,Lfpgqfwbwpmiwcopvzwijjqtfffhktzfnftscpjoagausqdhxwqxaugejdiestvm,7.0,Stockton,379282.0,O,MA,United States of America,1-328-944-9786,0.0,2.0,S,31.0
