Date Reported,1.1.a.1 Date of Current Survey,1.1.a.2 Survey Round,1.1.d.1 Site Name,SSID,1.1.e.2 Site location (Province),Province PCODE,1.1.e.3 Site location (District),District PCODE,1.1.e.4 Site location (Posto),Posto PCODE,Locality:,Latitude,Longitude,Site status,Is there Site Management Agency at the site?,1.5.b.2 IDP Province of Origin (Admin 1),1.5.b.3 IDP District of Origin (Admin 2),1.5.b.4 IDP Posto of Origin (Admin 3),IDP Locality of Origin:,2.1.a.1 Number of families/households,2.1.b.1 Total number of IDP individuals,Total number of families displaced due to Cyclone Idai,Total number of individuals displaced due to Cyclone Idai,Total number of families displaced due to flood (December 2019 - February 2020),Total number of individuals displaced due to flood (December 2019 - February 2020),2.1.c.1 Infants (less than 1 y) Male,2.1.d.1 Infants (less than 1 y) Female,2.1.c.2 Children (1-5 y) Male,2.1.d.2 Children (1-5 y) Female,2.1.c.3 Youth (6-17 y) Male,2.1.d.3 Youth (6-17 y) Female,2.1.c.4 Adults (18-59 y) Male,2.1.d.4 Adults (18-59 y) Female,2.1.c.5 Elderly (60 year up) Male,2.1.d.5 Elderly (60 year up) Female,Total male,Total female
2021-04-30 00:00:00,2021-03-19 00:00:00,20,Manhandure,MOZ_R046,Manica,MZ04,Sussundenga,MZ0410,Dombe,MZ041001,Muoco,-19.918,33.309,Open,No,Manica,Sussundenga,Dombe,Muoco,97,359,97,359,0,0,9,9,17,42,22,65,74,108,4,9,126,233
2021-04-30 00:00:00,2021-03-18 00:00:00,20,Madibunhana,MOZ_R073,Manica,MZ04,Sussundenga,MZ0410,Dombe,MZ041001,Matarara,-19.916,33.59,Open,Yes,Manica,Sussundenga,Dombe,Matacara,196,774,110,423,86,351,22,7,22,58,101,152,181,210,7,14,333,441
2021-04-30 00:00:00,2021-03-19 00:00:00,20,Muchambanha,MOZ_R038,Manica,MZ04,Sussundenga,MZ0410,Dombe,MZ041001,Bunga,-20.083,33.323,Open,Yes,Manica,Sussundenga,Dombe,Bunga,56,214,56,214,0,0,0,0,12,7,70,60,30,30,2,3,114,100
2021-04-30 00:00:00,2021-03-18 00:00:00,20,Matarara,MOZ_R074,Manica,MZ04,Sussundenga,MZ0410,Dombe,MZ041001,Muoco,-19.917,33.663,Open,Yes,Manica,Sussundenga,Dombe,Matacara,194,831,194,831,0,0,7,22,29,36,130,159,188,231,22,7,376,455
2021-04-30 00:00:00,2021-03-19 00:00:00,20,Tchetcha 2,MOZ_R091,Sofala,MZ09,Caia,MZ0902,Sena,MZ090203,Sena Sede,-17.590211,35.108452,Open,Yes,Sofala,Caia,Sena,Sena Sede,184,978,184,978,0,0,22,22,56,78,178,144,222,167,22,67,500,478
2021-04-30 00:00:00,2021-03-19 00:00:00,20,Metuchira,MOZ_R007,Sofala,MZ09,Nhamatanda,MZ0913,Nhamatanda,MZ091301,Metuchira,-19.174,34.217,Open,Yes,Sofala,Nhamatanda,Nhamatanda,Metuchira,370,2083,293,1696,77,385,96,64,288,224,274,320,336,353,48,80,1042,1041
2021-04-30 00:00:00,2021-03-19 00:00:00,20,Bandua sede,MOZ_R028,Sofala,MZ09,Buzi,MZ0901,Buzi,MZ090101,Bandua,-20.003,34.434,Open,Yes,Sofala,Buzi,Buzi,Bandua,442,2210,442,2210,0,0,50,51,124,149,422,273,447,521,74,99,1117,1093
2021-04-30 00:00:00,2021-03-18 00:00:00,20,Savane,MOZ_R017,Sofala,MZ09,Dondo,MZ0907,Dondo,MZ090701,Savane,-19.405,34.707,Open,Yes,Sofala,Dondo,Dondo,Savane,284,1460,261,667,6,16,61,61,123,77,108,292,338,338,31,31,661,799
2021-04-30 00:00:00,2021-03-18 00:00:00,20,Macarate,MOZ_R029,Sofala,MZ09,Chibabava,MZ0905,Goonda,MZ090502,Mutindiri,-19.838,33.9193,Open,No,Sofala,Chibabava,Goonda,Mutindiri,461,2305,461,2305,0,0,77,58,232,97,407,446,271,329,194,194,1181,1124
2021-04-30 00:00:00,2021-03-15 00:00:00,20,Landinho,MOZ_R078,Zambezia,MZ11,Maganja Da Costa,MZ1111,Maganja,MZ111101,Bala,-17.285767,37.518433,Open,Yes,Zambezia,Maganja Da Costa,Maganja,Bala,300,1500,300,1500,0,0,59,92,188,205,205,222,222,239,34,34,708,792
2021-04-30 00:00:00,2021-03-23 00:00:00,20,EP1 Muwawa,MOZ_R096,Manica,MZ09,Sussundenga,MZ0410,Dombe,MZ041001,Darue,-19.836423,33.306802,Open,Yes,Manica,Sussundenga,Dombe,Darue,93,404,0,0,93,404,0,0,37,41,69,94,63,66,10,24,179,225
2021-04-30 00:00:00,2021-03-18 00:00:00,20,Maxiquiri alto/Maxiquiri 1,MOZ_R064,Sofala,MZ09,Buzi,MZ0901,Buzi,MZ090101,Guara Guara,-19.86,34.454,Open,Yes,Sofala,Buzi,Buzi,Vila Do Buzi,1863,9315,1863,9315,0,0,332,333,83,333,499,1248,2828,3410,166,83,3908,5407
2021-04-30 00:00:00,2021-03-20 00:00:00,20,Mdhala,MOZ_R011,Sofala,MZ09,Chibabava,MZ0905,Goonda,MZ090502,Chinhica,-19.979447,33.589159,Open,No,Sofala,Chibabava,Goonda,Chinhica,160,915,150,915,0,0,36,14,71,43,200,172,93,200,29,57,429,486
2021-04-30 00:00:00,2021-03-16 00:00:00,20,Mussaia,MOZ_R032,Zambezia,MZ11,Maganja Da Costa,MZ1111,Nante,MZ111102,Nante,-17.395727,37.353718,Open,Yes,Zambezia,Maganja Da Costa,Nante,Nante,671,3305,370,1847,301,1458,38,80,544,272,544,583,505,739,0,0,1631,1674
2021-04-30 00:00:00,2021-03-19 00:00:00,20,Zibuia,MOZ_R036,Manica,MZ04,Sussundenga,MZ0410,Dombe,MZ041001,Muoco,-19.864,33.278,Open,Yes,Manica,Sussundenga,Dombe,Muoco,62,357,61,355,0,0,5,8,12,49,47,59,71,94,4,8,139,218
2021-04-30 00:00:00,2021-03-19 00:00:00,20,Muoco Chiguendere (Madudo),MOZ_R075,Manica,MZ04,Sussundenga,MZ0410,Dombe,MZ041001,Muoco,-19.968,33.28,Open,Yes,Manica,Sussundenga,Dombe,Muoco,72,601,72,601,0,0,0,4,28,18,179,174,92,92,5,9,304,297
2021-04-30 00:00:00,2021-03-19 00:00:00,20,Nhacuecha,MOZ_R090,Sofala,MZ09,Caia,MZ0902,Murraça,MZ090202,Murraça,-17.657214,35.114732,Open,Yes,Sofala,Caia,Murraça,Murraça,214,1149,202,1096,13,56,19,19,65,75,280,299,159,224,9,0,532,617
2021-04-30 00:00:00,2021-03-18 00:00:00,20,Maxiquiri alto 3,MOZ_R093,Sofala,MZ09,Buzi,MZ0901,Buzi,MZ090101,Guara Guara,-19.866422,33.43476,Open,Yes,Sofala,Buzi,Buzi,Vila Do Buzi,155,775,0,0,155,775,20,41,82,61,92,92,173,184,20,10,387,388
2021-04-30 00:00:00,2021-03-24 00:00:00,20,Mucinemue,MOZ_R097,Sofala,MZ04,Buzi,MZ0901,Buzi,MZ090101,Guara Guara,-19.895825,34.33718,Open,Yes,Sofala,Buzi,Buzi,Guara Guara,170,850,0,0,0,0,8,11,42,42,87,98,249,268,30,15,416,434
2021-04-30 00:00:00,2021-03-18 00:00:00,20,Mussocosa,MOZ_R061,Sofala,MZ09,Buzi,MZ0901,Buzi,MZ090101,Guara Guara,-19.877,34.478,Open,Yes,Sofala,Buzi,Buzi,Guara Guara,42,148,42,148,0,0,4,5,4,10,26,16,20,43,8,12,62,86
2021-04-30 00:00:00,2021-03-19 00:00:00,20,Javera,MOZ_R020,Manica,MZ04,Sussundenga,MZ0410,Dombe,MZ041001,Javera,-20.02,33.332,Open,Unknown,Manica,Sussundenga,Dombe,Muoco,30,134,30,134,10,0,0,0,6,6,29,48,21,22,1,1,57,77
2021-04-30 00:00:00,2021-03-19 00:00:00,20,Minas Gerais,MOZ_R052,Manica,MZ04,Sussundenga,MZ0410,Muoha,MZ041002,Muhoa,-19.48314,33.19145,Open,Yes,Manica,Sussundenga,Muoha,Muhoa,142,632,142,632,0,0,0,4,40,59,128,183,94,109,5,10,267,365
2021-04-30 00:00:00,2021-03-19 00:00:00,20,Ngurue,MOZ_R044,Manica,MZ04,Sussundenga,MZ0410,Dombe,MZ041001,Mabaia,-19.967,33.302,Open,No,Manica,Sussundenga,Dombe,Muoco,147,628,137,583,0,0,7,14,41,90,55,83,138,179,7,14,248,380
2021-04-30 00:00:00,2021-03-19 00:00:00,20,Metchisso,MOZ_R086,Manica,MZ04,Sussundenga,MZ0410,Dombe,MZ041001,Matarara,-19.941,33.491,Open,Yes,Manica,Sussundenga,Dombe,Matacara,217,764,217,764,0,0,18,54,45,81,86,66,189,207,9,9,347,417
2021-04-30 00:00:00,2021-03-18 00:00:00,20,Magueba,MOZ_R047,Manica,MZ04,Sussundenga,MZ0410,Dombe,MZ041001,Javera,-20,33.389,Open,Yes,Manica,Sussundenga,Dombe,Mabaia,120,485,67,335,0,0,0,5,27,22,145,167,55,55,4,5,231,254
2021-04-30 00:00:00,2021-03-18 00:00:00,20,25 de Setembro,MOZ_R083,Manica,MZ04,Sussundenga,MZ0410,Dombe,MZ041001,Mabaia,-19.964,33.4,Open,Yes,Manica,Sussundenga,Dombe,Mabaia,163,1050,152,771,0,0,21,21,53,74,191,202,202,244,21,21,488,562
2021-04-30 00:00:00,2021-03-18 00:00:00,20,Mandruzi,MOZ_R069,Sofala,MZ09,Dondo,MZ0907,Dondo,MZ090701,Mandruzi,-19.644,34.725,Open,Yes,Sofala,Dondo,Dondo,Mandruzi,372,1875,372,1858,0,4,48,65,81,145,420,453,354,275,18,16,921,954
2021-04-30 00:00:00,2021-03-16 00:00:00,20,Ronda,MOZ_R059,Zambezia,MZ11,Namacurra,MZ1120,Macuze,MZ112001,Furquia,-17.491061,37.212075,Open,Yes,Zambezia,Namacurra,Macuze,Furquia,270,971,90,269,180,702,9,10,37,82,183,156,238,229,18,9,485,486
2021-04-30 00:00:00,2021-03-18 00:00:00,20,Bairro da unidade,MOZ_R009,Manica,MZ04,Sussundenga,MZ0410,Dombe,MZ041001,Darue,-19.945,33.367,Open,Yes,Manica,Sussundenga,Dombe,Mabaia,266,1890,266,1890,0,0,24,72,96,144,311,239,455,502,23,24,909,981
2021-04-30 00:00:00,2021-03-19 00:00:00,20,Magagade,MOZ_R088,Sofala,MZ09,Caia,MZ0902,Sena,MZ090203,Sena Sede,-17.623004,35.126062,Open,Yes,Sofala,Caia,Sena,Sena Sede,175,978,175,978,0,0,9,36,121,84,186,168,140,196,19,19,475,503
2021-04-30 00:00:00,2021-04-14 00:00:00,20,Bopira,MOZ_R102,Sofala,MZ09,Buzi,MZ0901,Buzi,MZ090101,Guara Guara,-19.55136,34.15203,Open,Yes,Sofala,Buzi,Buzi,Guara Guara,158,1684,0,0,0,0,72,26,24,73,256,293,452,464,12,12,816,868
2021-04-30 00:00:00,2021-03-20 00:00:00,20,Maximedje,MOZ_R002,Sofala,MZ09,Buzi,MZ0901,Estaquinha,MZ090102,Estaquinha,-19.947,34.07,Open,Yes,Sofala,Buzi,Estaquinha,Estaquinha,189,935,189,935,0,0,18,9,28,37,92,147,293,284,18,9,449,486
2021-04-30 00:00:00,2021-03-19 00:00:00,20,Estaquinha sede,MOZ_R030,Sofala,MZ09,Buzi,MZ0901,Estaquinha,MZ090102,Estaquinha,-19.982,34.157,Open,Yes,Sofala,Buzi,Estaquinha,Estaquinha,299,1495,299,1495,0,0,43,58,43,43,115,186,446,460,58,43,705,790
2021-04-30 00:00:00,2021-03-23 00:00:00,20,Nkganzo,MOZ_R066,Tete,MZ10,Mutarara,MZ1013,Inhangoma,MZ101302,Kanhungue,-17.498492,35.208168,Open,Yes,Tete,Mutarara,Inhangoma,Kanhungue,63,331,63,331,0,0,20,9,33,30,68,50,47,56,6,12,174,157
2021-04-30 00:00:00,2021-03-18 00:00:00,20,Ndoro ,MOZ_R092,Sofala,MZ09,Caia,MZ0903,Caia,MZ090201,Caia Sede,-18.099624,34.967532,Open,Yes,Sofala,Caia,Caia,Ndoro,194,1012,200,1116,0,0,30,32,60,68,143,234,211,204,15,15,459,553
2021-04-30 00:00:00,2021-03-19 00:00:00,20,Chiruca,MOZ_R070,Manica,MZ04,Sussundenga,MZ0410,Dombe,MZ041001,Muoco,-19.999,33.316,Open,No,Manica,Sussundenga,Dombe,Muoco,30,147,30,133,0,0,0,0,6,5,34,53,23,21,0,5,63,84
2021-04-30 00:00:00,2021-04-13 00:00:00,20,Bandua 2021,MOZ_R100,Sofala,MZ09,Buzi,MZ0901,Buzi,MZ090101,Bandua,-19.95627,34.3851,Open,Yes,Sofala,Buzi,Buzi,Bandua,451,2255,0,0,0,0,34,17,85,17,342,325,683,735,17,0,1161,1094
2021-04-30 00:00:00,2021-03-19 00:00:00,20,Muawa,MOZ_R050,Manica,MZ04,Sussundenga,MZ0410,Dombe,MZ041001,Darue,-19.846,33.305,Open,Yes,Manica,Sussundenga,Dombe,Darue,262,1310,262,1310,0,0,0,0,67,154,264,352,198,254,10,11,539,771
2021-04-30 00:00:00,2021-04-13 00:00:00,20,Cherimonio ,MOZ_R101,Sofala,MZ09,Buzi,MZ0901,Buzi,MZ090101,Nharongue,-20.0001309,34.629422,Open,Yes,Sofala,Buzi,Buzi,Nharongue,615,2992,0,0,0,0,22,26,98,196,221,392,883,1104,25,25,1249,1743
2021-04-30 00:00:00,2021-03-18 00:00:00,20,Geromi,MOZ_R060,Sofala,MZ09,Chibabava,MZ0905,Goonda,MZ090502,Hamamba,-19.873088,33.889818,Open,No,Sofala,Chibabava,Goonda,Hamamba,384,1920,384,1920,0,0,51,84,184,135,236,337,320,320,135,118,926,994
2021-04-30 00:00:00,2021-03-16 00:00:00,20,Munguissa,MOZ_R057,Zambezia,MZ11,Namacurra,MZ1120,Macuze,MZ112001,Furquia,-17.457714,37.201818,Open,Yes,Zambezia,Namacurra,Macuze,Furquia,209,863,24,52,185,811,0,8,73,100,164,100,182,218,9,9,428,435
2021-04-30 00:00:00,2021-03-16 00:00:00,20,Digudiua,MOZ_R071,Zambezia,MZ11,Nicoadala,MZ1122,Nicoadala,MZ112201,Nicoadala,-17.515122,36.859732,Open,Unknown,Zambezia,Nicoadala,Nicoadala,Nicoadala,162,687,162,687,0,0,7,0,73,120,100,120,100,140,7,20,287,400
2021-04-30 00:00:00,2021-03-18 00:00:00,20,Chibue Mateo,MOZ_R085,Manica,MZ04,Sussundenga,MZ0410,Dombe,MZ041001,Bunga,-19.959,33.489,Open,Yes,Manica,Sussundenga,Dombe,Mabaia,130,634,98,542,32,101,0,0,79,59,80,176,96,128,5,11,260,374
2021-04-30 00:00:00,2021-03-18 00:00:00,20,Macocoe,MOZ_R072,Manica,MZ04,Sussundenga,MZ0410,Dombe,MZ041001,Mabaia,-19.965,33.426,Open,Yes,Manica,Sussundenga,Dombe,Mabaia,148,725,148,678,0,0,7,39,26,26,99,119,178,211,13,7,323,402
2021-04-30 00:00:00,2021-03-17 00:00:00,20,Mucoa,MOZ_R056,Zambezia,MZ11,Namacurra,MZ1120,Macuze,MZ112001,Furquia,-17.47309,37.180967,Open,Unknown,Zambezia,Namacurra,Macuze,Furquia,125,426,35,180,90,246,0,8,33,84,46,88,71,75,0,21,150,276
2021-04-30 00:00:00,2021-03-19 00:00:00,20,Zichão,MOZ_R035,Manica,MZ04,Sussundenga,MZ0410,Dombe,MZ041001,Darue,-19.949,33.349,Open,Yes,Manica,Sussundenga,Dombe,Muoco,90,450,48,160,0,0,5,6,15,40,81,76,96,106,15,10,212,238
2021-04-30 00:00:00,2021-03-17 00:00:00,20,Gogodane,MOZ_R033,Zambezia,MZ11,Namacurra,MZ1120,Namacurra,MZ112002,Namacurra,-17.477605,37.005752,Open,Unknown,Zambezia,Namacurra,Namacurra,Namacurra,68,316,68,316,0,0,0,7,17,48,48,58,48,58,8,24,121,195
2021-04-30 00:00:00,2021-03-19 00:00:00,20,Begaja,MOZ_R082,Sofala,MZ09,Buzi,MZ0901,Estaquinha,MZ090102,Estaquinha,-19.975,34.222,Open,Yes,Sofala,Buzi,Estaquinha,Estaquinha,210,1641,210,1641,0,0,44,29,15,58,203,261,479,508,29,15,770,871
2021-04-30 00:00:00,2021-03-20 00:00:00,20,Nhamacunta,MOZ_R094,Sofala,MZ09,Buzi,MZ0901,Buzi,MZ090101,Grudja,-19.792955,33.95612,Open,Yes,Sofala,Buzi,Buzi,Grudja,430,2150,0,0,430,2150,41,41,49,76,165,227,765,600,124,62,1144,1006
2021-04-30 00:00:00,2021-03-18 00:00:00,20,Mutua,MOZ_R005,Sofala,MZ09,Dondo,MZ0907,Mafambisse,MZ090702,Mutua,-19.4974,34.6028,Open,Yes,Sofala,Dondo,Mafambisse,Mutua,774,3270,619,2400,76,534,150,301,301,338,451,338,564,677,39,111,1505,1765
2021-04-30 00:00:00,2021-03-19 00:00:00,20,Matundo - unidade Chimbonde,MOZ_R049,Tete,MZ10,Cidade De Tete,MZ1006,Cidade De Tete,MZ100601,Cidade de Tete,-16.1165,33.5744,Open,Yes,Tete,Cidade De Tete,Cidade De Tete,Cidade de Tete,565,565,2860,2860,0,0,19,13,57,108,63,83,76,102,25,19,240,325
2021-04-30 00:00:00,2021-03-18 00:00:00,20,Magaro,MOZ_R040,Manica,MZ04,Sussundenga,MZ0410,Dombe,MZ041001,Muoco,-20,33.348,Open,Yes,Manica,Sussundenga,Dombe,Mabaia,143,879,143,879,0,0,7,20,68,123,143,89,191,211,20,7,429,450
2021-04-30 00:00:00,2021-03-19 00:00:00,20,Nhanhemba 2,MOZ_R041,Manica,MZ04,Sussundenga,MZ0410,Dombe,MZ041001,Matarara,-19.926,33.545,Open,No,Manica,Sussundenga,Dombe,Matacara,260,1287,260,1287,0,0,19,29,63,110,141,173,345,345,31,31,599,688
2021-04-30 00:00:00,2021-03-19 00:00:00,20,Mutassa,MOZ_R048,Manica,MZ04,Sussundenga,MZ0410,Dombe,MZ041001,Muoco,-19.918,33.285,Open,Yes,Manica,Sussundenga,Dombe,Muoco,36,170,36,170,0,0,0,2,9,24,21,15,38,53,4,4,72,98
2021-04-30 00:00:00,2021-03-19 00:00:00,20,Nhanhemba 1,MOZ_R039,Manica,MZ04,Sussundenga,MZ0410,Dombe,MZ041001,Matarara,-19.92641,33.55556,Open,No,Manica,Sussundenga,Dombe,Matacara,254,750,254,750,0,0,18,19,45,63,99,99,181,199,9,18,352,398
2021-04-30 00:00:00,2021-03-19 00:00:00,20,Inhajou 2019,MOZ_R043,Sofala,MZ09,Buzi,MZ0901,Estaquinha,MZ090102,Estaquinha,-19.962,34.299,Open,Yes,Sofala,Buzi,Estaquinha,Estaquinha,452,2232,446,2232,0,0,20,22,130,217,412,520,347,412,87,65,996,1236
2021-04-30 00:00:00,2021-03-18 00:00:00,20,Muchai,MOZ_R022,Manica,MZ04,Sussundenga,MZ0410,Dombe,MZ041001,Mabaia,-20.019,33.362,Open,Yes,Manica,Sussundenga,Dombe,Bunga,56,243,56,243,0,0,0,0,13,13,79,60,38,38,0,2,130,113
2021-04-30 00:00:00,2021-03-16 00:00:00,20,Parreirão,MOZ_R058,Zambezia,MZ11,Maganja Da Costa,MZ1111,Nante,MZ111102,Nomiua,-17.538059,37.342148,Open,Yes,Zambezia,Maganja Da Costa,Nante,Nomiua,426,2130,410,2050,16,80,30,42,339,242,339,315,242,533,24,24,974,1156
2021-04-30 00:00:00,2021-03-19 00:00:00,20,Chingemidji,MOZ_R080,Sofala,MZ09,Buzi,MZ0901,Buzi,MZ090101,Bandua,-19.959,34.339,Open,Yes,Sofala,Buzi,Buzi,Bandua,446,1592,446,1592,0,0,48,32,18,80,80,241,563,482,32,16,741,851
2021-04-30 00:00:00,2021-03-18 00:00:00,20,Chibue,MOZ_R067,Manica,MZ04,Sussundenga,MZ0410,Dombe,MZ041001,Bunga,-19.965,33.54,Open,Yes,Manica,Sussundenga,Dombe,Mabaia,154,1514,152,1512,0,0,0,0,155,142,272,388,233,285,0,39,660,854
2021-04-30 00:00:00,2021-03-19 00:00:00,20,7 Abril - Cura,MOZ_R006,Sofala,MZ09,Nhamatanda,MZ0913,Nhamatanda,MZ091301,Vila De Nhamatanda,-19.501,34.204,Open,Yes,Sofala,Nhamatanda,Nhamatanda,Vila De Nhamatanda,164,830,164,830,0,0,14,14,41,54,170,204,150,156,14,13,389,441
2021-04-30 00:00:00,2021-03-19 00:00:00,20,Ndedja_1,MOZ_R015,Sofala,MZ09,Nhamatanda,MZ0913,Tica,MZ091302,Lamego,-19.351,34.372,Open,Yes,Sofala,Nhamatanda,Nhamatanda,Chirassicua,607,3035,462,2310,120,725,81,81,165,325,569,379,596,650,81,108,1492,1543
2021-04-30 00:00:00,2021-03-19 00:00:00,20,Bandua 2019,MOZ_R010,Sofala,MZ09,Buzi,MZ0901,Buzi,MZ090101,Bandua,-19.956,34.409,Open,Yes,Sofala,Buzi,Buzi,Bandua,1036,4483,866,3646,0,0,107,89,98,99,296,493,1527,1626,99,49,2127,2356
2021-04-30 00:00:00,2021-04-13 00:00:00,20,Guara-guara 2021( Chindo),MOZ_R099,Sofala,MZ09,Buzi,MZ0901,Buzi,MZ090101,Guara Guara,-19.863479,34.433104,Open,Yes,Sofala,Buzi,Buzi,Vila Do Buzi,2797,13985,0,0,0,0,207,518,311,725,1968,2072,3522,4144,311,207,6319,7666
2021-04-30 00:00:00,2021-03-19 00:00:00,20,Chicuaxa,MOZ_R004,Sofala,MZ09,Chibabava,MZ0905,Goonda,MZ090502,Hamamba,-19.885188,34.043823,Open,No,Sofala,Chibabava,Goonda,Hamamba,551,2755,551,2755,0,0,108,65,87,152,564,738,304,434,135,168,1198,1557
2021-04-30 00:00:00,2021-03-18 00:00:00,20,Machacuari,MOZ_R013,Manica,MZ04,Sussundenga,MZ0410,Dombe,MZ041001,Bunga,-20.105,33.301,Open,Yes,Manica,Sussundenga,Dombe,Bunga,22,115,22,115,0,0,0,0,3,4,30,36,20,21,0,1,53,62
2021-04-30 00:00:00,2021-03-18 00:00:00,20,Manhama 1,MOZ_R008,Manica,MZ04,Sussundenga,MZ0410,Dombe,MZ041001,Mabaia,-19.99,33.421,Open,Yes,Manica,Sussundenga,Dombe,Mabaia,90,430,90,430,0,0,0,0,25,51,72,133,61,82,3,3,161,269
2021-04-30 00:00:00,2021-03-18 00:00:00,20,Manhama 2,MOZ_R045,Manica,MZ04,Sussundenga,MZ0410,Dombe,MZ041001,Bunga,-19.994,33.428,Open,Yes,Manica,Sussundenga,Dombe,Mabaia,263,1202,263,1202,0,0,0,0,69,120,232,369,172,232,0,8,473,729
2021-04-30 00:00:00,2021-03-18 00:00:00,20,Tossene Choma,MOZ_R042,Manica,MZ04,Sussundenga,MZ0410,Dombe,MZ041001,Matarara,-19.918,33.607,Open,Yes,Manica,Sussundenga,Dombe,Matacara,339,2004,339,2004,0,0,12,30,87,240,261,327,436,545,44,22,840,1164
2021-04-30 00:00:00,2021-03-22 00:00:00,20,Panducani,MOZ_R034,Tete,MZ10,Mutarara,MZ1013,Nhamayabue,MZ101303,Sinjal,-16.924549,34.849293,Open,Yes,Tete,Mutarara,Nhamayabue,Sinjal,89,461,89,461,0,0,8,19,37,46,111,65,69,97,0,9,225,236
2021-04-30 00:00:00,2021-03-18 00:00:00,20,Gudza,MOZ_R054,Manica,MZ04,Sussundenga,MZ0410,Dombe,MZ041001,Bunga,-20.039,33.335,Open,Yes,Manica,Sussundenga,Dombe,Muoco,144,864,144,864,0,0,0,6,57,38,290,214,126,120,13,0,486,378
2021-04-30 00:00:00,2021-03-23 00:00:00,20,EPC Maquina,MOZ_R098,Manica,MZ04,Sussundenga,MZ0410,Dombe,MZ041001,Darue,-19.86419,33.322539,Open,Yes,Manica,Sussundenga,Dombe,Darue,270,970,0,0,270,970,8,8,58,23,271,271,135,173,15,8,487,483
2021-04-30 00:00:00,2021-03-18 00:00:00,20,Maxiquiri 2,MOZ_R081,Sofala,MZ09,Buzi,MZ0901,Buzi,MZ090101,Guara Guara,-19.877,34.346,Open,Yes,Sofala,Buzi,Buzi,Guara Guara,266,810,245,775,21,35,22,8,23,61,197,136,151,144,23,45,416,394
2021-04-30 00:00:00,2021-03-16 00:00:00,20,Namitangurini,MOZ_R031,Zambezia,MZ11,Nicoadala,MZ1122,Nicoadala,MZ112201,Munhonha,-17.575357,36.58067,Open,No,Zambezia,Nicoadala,Nicoadala,Munhonha,180,903,180,903,0,0,7,0,77,145,136,179,145,179,9,26,374,529
2021-04-30 00:00:00,2021-03-19 00:00:00,20,Nhamississua,MOZ_R065,Manica,MZ04,Sussundenga,MZ0410,Dombe,MZ041001,Mabaia,-20.054,33.307,Open,Yes,Manica,Sussundenga,Dombe,Muoco,46,182,46,182,0,0,0,0,8,21,36,55,23,28,2,9,69,113
2021-04-30 00:00:00,2021-03-20 00:00:00,20,Machonjova,MOZ_R095,Sofala,MZ09,Buzi,MZ0901,Buzi,MZ090101,Grudja,-19.776453,33.936459,Open,Yes,Sofala,Buzi,Buzi,Grudja,512,2259,0,0,512,2559,6,14,65,129,172,194,818,796,43,22,1104,1155
2021-04-30 00:00:00,2021-03-19 00:00:00,20,Muconja,MOZ_R023,Sofala,MZ09,Chibabava,MZ0905,Goonda,MZ090502,Hamamba,-19.94064,34.042271,Open,No,Sofala,Chibabava,Goonda,Hamamba,250,1250,250,1250,0,0,9,16,60,52,190,336,190,276,69,52,518,732
2021-04-30 00:00:00,2021-03-19 00:00:00,20,Tchetcha 1,MOZ_R089,Sofala,MZ09,Caia,MZ0902,Sena,MZ090203,Sena Sede,-17.570582,35.092741,Open,Yes,Sofala,Caia,Sena,Sena Sede,218,1125,218,1125,0,0,22,32,54,108,260,216,141,206,54,32,531,594
2021-04-30 00:00:00,2021-03-18 00:00:00,20,Brigodo,MOZ_R053,Zambezia,MZ11,Namacurra,MZ1120,Macuze,MZ112001,Macusse,-17.477695,37.005773,Open,Yes,Zambezia,Namacurra,Macuze,Mbaua,481,1575,138,262,343,1313,0,30,56,208,277,104,398,433,49,20,780,795
2021-04-30 00:00:00,2021-03-18 00:00:00,20,Mucombe,MOZ_R037,Manica,MZ04,Sussundenga,MZ0410,Dombe,MZ041001,Muoco,-19.951,33.46,Open,Yes,Manica,Sussundenga,Dombe,Matacara,134,602,100,320,0,0,13,31,32,57,63,95,127,165,13,6,248,354
