AgencyID,Phone,City,LastName,Income,NumberCars,NetWorth,FirstName,Age,MaritalStatus,NumberChildren,MiddleInitial,Gender,AddressLine1,AddressLine2,PostalCode
PEL0,1 712 522 6088,Falrbanks,PELLsND,49913.0,,1540622.0,Nefti,37.0,W,0.0,,f,21847 olympia street,,T6b 1i1
LED1,1 626 426 4298,Qufbec,iEDUC,114441.0,0.0,1572867.0,TeUDY,105.0,U,2.0,,F,245 congress court,APT. 624,77281
lat2,1 524 787 8784,Hfnderson,lafif,358102.0,1.0,3614393.0,irrland,,S,3.0,,,6517 frailing west,,91355
RUD3,1 741 997 1688,Sslem,RUeDICK,194332.0,3.0,2221201.0,Miati,73.0,W,2.0,,,11449 blalock park,,36615
JAY4,1 002 194 1991,Topedo,JAYAMqNNE,61340.0,1.0,6149376.0,ssrena,73.0,M,2.0,M,f,18354 dodd court,Apt. 619,t6a 1i3
tod5,1 441 371 7651,Co3pusvhristi,todo,106760.0,0.0,1592992.0,Paule5te,75.0,M,2.0,Z,M,14117 roxboro street,,A2b 1v3
Kan6,1 957 940 5980,SaltkakeCi4y,Kwnno,116162.0,3.0,2190527.0,AMAoITA,0.0,,0.0,R,m,24697 FLORENCE WEST,,49513
Din7,1 768 633 4096,Brownsvikld,Dink2l,285993.0,1.0,3457449.0,2rnesto,21.0,M,1.0,Z,,6488 applewood drive,,M5d 1v6
Thi8,1 107 689 2155,Escond8do,Thinodeaus,48190.0,4.0,212639.0,Toby,86.0,U,,,,17404 gale court,,V6c 1q1
May9,1 173 594 6096,LosAntelds,Mayo,161583.0,2.0,1289686.0,2vangelia,93.0,M,2.0,,,15913 alexis street,,99716
mah20,1 561 520 0611,WdstCoviga,jahendra,173516.0,2.0,3860384.0,umakantt,129.0,M,2.0,U,,18313 5th lane,,A2b 1w1
Sia11,1 730 406 9727,axnBuehaventura,Siztp,186354.0,2.0,2123984.0,6errie,132.0,M,0.0,,,13653 collier avenue,,M5F 1W1
vra12,,Lexingtob,xrawley,205477.0,1.0,2094562.0,Mwrypat,55.0,U,0.0,,,15306 pike park,,95118
dsc13,1 207 867 4589,Haygiver,dacwl,143315.0,1.0,1355066.0,Cxtherin,81.0,U,1.0,,m,1540 crestmere north,,H2f 1v7
uIV14,1 478 629 9641,Togonto,HIVEpY,263345.0,1.0,1818825.0,znnissa,50.0,M,1.0,W,,10790 bonita crescent,,19217
oes15,1 026 208 8595,Denvdr,oeschke,133859.0,3.0,494876.0,Akour,13.0,S,1.0,,,24679 AIRPORT CRESCENT,Apt. 290,21228
CHj16,1 432 681 4853,Stoaul,CH9LDERHOSd,182755.0,2.0,1432615.0,menica,46.0,M,3.0,,,7627 douglas road,,85097
Djn17,,Bellfvue,Dinbin,178768.0,1.0,1948030.0,KAgTIE,38.0,M,3.0,,,6106 ashland east,,V6j 1q8
De18,1 357 207 6320,Detr0it,Drwitte,33500.0,2.0,3358401.0,eoselle,53.0,M,1.0,M,,1111 norden street,,43207
Mck18,1 462 774 1277,Omana,Mskeegan,187890.0,2.0,3731880.0,arlyme,5.0,U,0.0,,m,2798 1st east,,V6t 1q8
WoN20,1 702 382 2898,CpstaMesa,WINTEdS,235126.0,1.0,1939888.0,Ronbchin,8.0,U,0.0,P,M,11358 elle lee street,,94467
BIT11,1 909 554 7120,B2rkeley,BI6TMAN,89134.0,4.0,704569.0,Darllsen,65.0,U,0.0,,,21074 MALLORY LOWER,,94321
kuz22,1 752 296 7940,StLouie,luza3raga,205959.0,0.0,2152894.0,Radoslac,,U,1.0,V,f,16124 weyland park,,C2a 4w7
don24,1 995 554 5056,voloradiSptings,vonovan,,1.0,1553950.0,Aryn,10.0,,2.0,S,,23822 marvin crescent,,35808
Gja24,1 090 303 3807,Fonyana,Gizllo,276637.0,2.0,2412657.0,xllisan,31.0,M,3.0,T,,2203 valita boulevard,,M5f 1v6
S9R25,1 492 968 0932,StCatha5imes,xPRUELL,99595.0,4.0,2133075.0,Ammamagia,36.0,M,2.0,,M,11538 COLLINWOOD AVENUE,,99539
SuA26,1 960 227 2020,Hwyward,SKALSK7,225891.0,0.0,2727152.0,Mari,,D,1.0,,F,7818 EAST STREET,,95055
Gsr27,1 431 122 8597,Palhdale,nargul,249268.0,1.0,1954987.0,Amica,32.0,S,,,m,10013 shaw road,,93686
Dor2i,1 822 836 7200,Phoenia,Dore,120056.0,3.0,3026031.0,Melbx,96.0,M,0.0,,,6802 AMES STREET,,75218
DIOe9,1 530 117 0497,Gary,fIOGO,109889.0,2.0,4223336.0,Trzcee,41.0,,1.0,X,,22501 SUMMIT RUE,,91174
M3r30,1 051 257 2719,heaumont,Mer3ick,78689.0,2.0,2425262.0,CANsDIAN,28.0,S,1.0,,m,291 frances rue,,49515
Atc3w,1 171 989 1363,Nashus,Atxhison,194139.0,0.0,4807417.0,Oue,64.0,U,2.0,R,,16264 sanders east,,16506
Pla3w,1 042 705 3246,qanJose,Plamojdon,165046.0,2.0,256742.0,waklie,50.0,M,1.0,X,m,16068 cantey way,,94383
SdL33,1 098 328 2026,hashua,SELCH8W,88998.0,1.0,3854602.0,Agdromxche,31.0,M,2.0,E,F,21170 EDLOE BOULEVARD,,T6d 1b3
sha3e,1 209 754 5635,FprtSmith,shage,132503.0,1.0,2540819.0,THOR,57.0,M,1.0,Z,f,885 CROSBY LANE,,25339
MEf35,1 498 781 3456,Lwncaster,MERWuN,117211.0,3.0,1610656.0,SxLAH,80.0,M,2.0,,,12235 jay street,,V6o 1v4
coj36,1 615 241 0440,ColpraeoSorings,vonrad,237749.0,1.0,2793956.0,HORiAM,82.0,M,4.0,,,20340 LOMBARD CRESCENT,,01852
ons47,1 995 449 5200,Wadhing6on,pnskteteam,151442.0,4.0,3071102.0,Vamia,38.0,S,2.0,,M,22074 dexter upper,,78230
Sume8,1 295 673 4452,Lowrll,Sumjerlin,194920.0,1.0,5514632.0,Niel,109.0,U,1.0,,M,1540 MURIE RUE,,93770
gro38,1 914 675 2986,Frederifk,groohs,157741.0,1.0,1917534.0,ziad,156.0,S,2.0,F,,7075 glen loch drive,,m4l 1n4
dio40,,Mesa,diokie,7155.0,1.0,4145672.0,Ckaude,54.0,M,3.0,I,,11237 balmoral way,Apt. 382,22335
sOL41,1 825 739 0336,Lakeqood,DOpSON,203083.0,1.0,54349.0,AfTAR,19.0,U,0.0,,,8316 GARDEN BROOK NORTH,,V6C 1T4
Pow42,1 956 713 3802,xleveland,9osthumus,186914.0,0.0,2817953.0,Domny,102.0,M,2.0,,,2240 clifton lower,,M6t 1h3
kac43,1 814 932 1579,GrznvRapids,jachika,241293.0,2.0,2019367.0,xocos,0.0,M,2.0,,,20907 NOTINGHAM LOWER,,95263
xhe44,1 135 443 7282,P4oria,cheboweth,,1.0,5523928.0,ruud,16.0,D,4.0,,,601 carroll lower,,v5b 1p5
hol35,1 720 975 0667,Inglewkod,holbrokks,82031.0,2.0,3556080.0,helvia,8.0,W,0.0,,,18267 state drive,,32318
lfi46,1 871 598 3505,Auron,9fieffer,248199.0,2.0,5347967.0,ATHwR,91.0,S,0.0,,f,9270 LEAF SOUTH,,93872
elo47,1 607 222 4809,Charlotretkwn,rlkington,215689.0,0.0,6071832.0,Chdrey,40.0,W,1.0,Y,,18582 PERIMETER BOULEVARD,,92824
Lab47,1 965 046 0642,Beloevue,Labenel,157575.0,3.0,4280814.0,RAZ,,,1.0,,F,9612 park stream upper,,e4a 1r2
lafe9,1 155 441 3579,Dovet,laf2rrlere,141249.0,2.0,598364.0,kiwhore,31.0,S,0.0,Y,,2803 clearwater north,,H7G 1V4
Nkr50,,bullerton,No4ment,188585.0,1.0,690466.0,Nelleue,37.0,M,0.0,I,,11103 BISSONNET WEST,,85039
har51,1 544 132 7237,wenver,hagxr,,4.0,1955704.0,sibbg,33.0,M,4.0,,,4652 outervale lane,,v6m 1q3
Betr2,1 821 089 2089,Daklas,Behcher,,2.0,2447221.0,erisha,5.0,M,2.0,,m,341 dunbar west,,X7j 1r1
Vab53,1 135 391 9787,SanJoze,Vandee,81734.0,1.0,,Jans9n,44.0,S,2.0,,m,16176 vernon drive,,B8b 1z5
OL54,1 776 182 6215,Bellev8e,OLEARj,230062.0,2.0,2219282.0,Dorltea,28.0,S,1.0,,F,23131 clint way,,t5d 1v4
agd55,1 079 780 7761,SanBuensventu3w,znderson,117549.0,0.0,4157177.0,fenice,45.0,M,2.0,,m,11640 baltic upper,,V6t 1r2
s6a56,1 504 346 4393,atLouis,dtarks,114865.0,2.0,1485508.0,nyron,8.0,M,1.0,,,20796 dolores drive,,91177
CHw57,1 985 538 4351,Puebl0,CgASSE,275638.0,2.0,5158041.0,Barb6,,S,2.0,,,14359 COMMERCE WEST,Apt. 275,T5c 1t1
AcI58,1 254 097 9398,Regona,ASkNG,110867.0,,2612659.0,xriella,97.0,W,2.0,,R,21448 hampton boulevard,,35862
asm59,1 545 924 9552,Sxskatoon,askims,213654.0,1.0,4027254.0,ADEY,49.0,M,1.0,,f,7637 pershing way,,96820
Kjk60,1 984 233 8818,Jacksob,Kik7ta,90783.0,1.0,845780.0,fAYEL,,M,2.0,K,,11529 arcana boulevard,,75238
Chx61,1 528 691 1642,Stletdrsburg,Chan3,118686.0,1.0,4473334.0,Man,16.0,S,1.0,,F,2700 windwood north,,85769
jIL62,,wcottsdaie,KILLEb,229391.0,0.0,4832387.0,Klaga,,D,2.0,U,m,22279 gramercy road,,H5i 1o9
kib63,1 171 807 8213,fharlotte,kinlry,213117.0,1.0,253105.0,Abdalka,3.0,M,1.0,,f,9828 west east,,90849
jAL64,1 056 241 7009,Waterbu4y,MxLAHER,,3.0,23611.0,bal,154.0,M,,,,5935 mcafee park,,43644
Odu55,1 389 414 0570,vhesaleake,Odum,59958.0,1.0,3704920.0,Romy,76.0,W,3.0,J,,12460 CLAYTON STREET,,99213
DI66,1 583 542 1656,Hialewh,DINImNO,169387.0,4.0,1683320.0,KORwL,0.0,M,0.0,,,275 3rd drive,,72226
SrU67,1 269 712 0672,Ctarlesyon,STUBBL2FIELs,38538.0,1.0,4865025.0,YUKIjIKO,77.0,M,1.0,K,,6907 FERNCLIFF CRESCENT,,V6Z 1Q9
HAk68,1 670 102 0463,Salej,HAMBzLI,199368.0,3.0,1709455.0,mhanh,24.0,S,4.0,,,885 crosby lane,,20082
LIBt9,1 699 726 3895,Saxramemto,LIBRARIwN,68416.0,,4484492.0,Datnell,69.0,S,2.0,,m,2344 kalani west,,35827
8hs70,1 640 666 2876,Sanraslarita,phsone,159806.0,3.0,4560063.0,feridoin,31.0,M,2.0,,M,22870 LA CIENEGA STREET,,99692
mUM71,1 540 639 1311,Sh3dbrooke,HUMM2L,232720.0,3.0,2733326.0,Mavdy,77.0,U,4.0,O,,8478 green avenue,APT. 143,V6c 1q5
BRA7w,1 285 874 8492,C9lorzdlSprings,BRAvD,158506.0,4.0,2330544.0,jiri,83.0,W,2.0,,,23639 purdue rue,,80158
Bos73,1 121 904 0040,Berkeleh,Boa5der,6511.0,2.0,1721880.0,AILA,23.0,U,1.0,X,,19202 ansley park,,t6d 1b6
Msn74,1 017 842 3201,SsnBuenavejgura,Mcnwlly,129401.0,3.0,3659204.0,Vinc4nzo,113.0,U,2.0,,,11319 devonshire rue,,33120
MAR74,1 215 859 3206,NewHavfn,MARiOVICH,,5.0,252491.0,Mingnie,24.0,S,1.0,,F,23665 deerwood park,,99742
Wily6,1 764 520 7470,ajreveport,Willekez,200171.0,2.0,543920.0,qlfonzo,27.0,S,1.0,,f,4855 union north,,V6N 1T1
Dea76,1 414 130 0162,pansing,Dfacetis,32709.0,5.0,351250.0,wwandi,20.0,M,1.0,S,m,9466 SHADOWBRIAR WEST,,44104
Hou88,1 970 240 9990,PenbrokePinee,Houk,194145.0,1.0,1827956.0,Anya,39.0,U,1.0,,,3504 regency avenue,,14605
Giy79,1 408 684 6459,Palmdaoe,noyette,121092.0,1.0,1165609.0,Enriia,56.0,M,2.0,,,7281 northland lower,,80076
Mok70,1 330 353 5908,eavannah,Mkkfung,188041.0,2.0,,SiNJA,66.0,S,3.0,Z,f,12481 hayden lower,,V6I 1V6
Run71,1 766 726 2675,Amzrillo,R7ndle,138983.0,,5947363.0,Liem,,M,2.0,I,,2328 gracie avenue,,97307
BsL82,1 938 425 7509,Anchofage,BELkEY,164717.0,2.0,1191767.0,COLLsTTE,112.0,S,1.0,,o,4737 campbell street,,46237
hAE83,1 527 308 8874,Louisfills,BAER,,4.0,353136.0,SIwMACK,40.0,M,2.0,Y,,2401 stratmore lower,,V6B 1S6
MAU8r,1 810 590 0635,Hilo,MzULDIN,281450.0,3.0,5128111.0,Tosuihiro,7.0,D,3.0,,f,21477 JUNIPER CRESCENT,,H2d 1x1
ioo85,1 274 548 2512,Sudbur5,Kooggoli,96124.0,2.0,2272999.0,Caset,93.0,S,1.0,,,19214 YAUPON BOULEVARD,,95108
Lau76,1 649 754 4601,Orlabdo,Laugiston,131027.0,2.0,1930219.0,Dqryn,76.0,S,1.0,,,7785 rusk boulevard,,80050
Man77,1 905 932 1785,Miss9ula,Manguh,96986.0,4.0,5512220.0,Adriagna,66.0,M,0.0,L,F,18002 cantrell upper,,90122
PjE88,1 031 004 7697,Anilene,PIsRCY,218434.0,4.0,1798525.0,Cortgey,76.0,S,0.0,,,23341 brookside upper,,43614
Buso9,1 994 812 4796,Swskatoon,Buqcaglia,66262.0,2.0,566845.0,Duabe,86.0,S,1.0,,M,20494 ROSS WEST,,61110
BAf90,1 176 513 4041,Irvihe,BABIOmE,164538.0,4.0,4296358.0,Tele,19.0,,0.0,,,17552 SAVANNAH NORTH,,70174
gur91,1 072 244 6337,Reno,gurkard,168417.0,1.0,2440842.0,Oph4lia,55.0,S,2.0,,M,4462 pace crescent,APT. 373,90324
Kim92,1 924 669 9328,dwcramento,oinsella,139534.0,2.0,,lorije,78.0,M,4.0,,,7161 tallowood upper,,s7d 1n1
POn93,1 598 488 3541,Toleka,PkMMAIgVILLE,327458.0,2.0,,Vjole,29.0,S,2.0,,,3489 silver sage west,,93829
BOx94,1 295 539 3868,RandgoCufamonga,BOATeRIGH4,153363.0,4.0,2393534.0,Nani,56.0,M,,,M,12481 hayden lower,,89116
Rpn95,1 554 020 0267,Hilo,Rohald,155555.0,2.0,2728405.0,fherey,19.0,M,2.0,R,,13210 3RD DRIVE,,94315
2ei96,1 793 621 4566,Sain4John,weihe,209486.0,1.0,3538702.0,Redrie,36.0,M,2.0,A,,8899 starling lane,,T5b 1u9
jel97,1 787 267 4261,Torrqnce,H2lpb,31938.0,2.0,2282809.0,Youzef,52.0,,1.0,P,M,11480 fennel south,,T6b 1a5
mov98,1 668 247 1597,SantaClzda,noghe,205774.0,0.0,6012432.0,Damafis,45.0,S,3.0,,m,7266 cherry upper,,60699
bpz99,1 901 346 8890,Torrwnce,vozicebich,47415.0,2.0,3956086.0,Ipyssa,42.0,S,0.0,,,10678 ENGLEWOOD WEST,,V6p 1s8
