miller2_FiscalYear,miller2_CountryRegionID,miller2_FSTCPercent,miller2_CountryRegionPercent,miller2_OrganisationSub-class,miller2_ProjectBrowserCountryID,miller2_DivisionName,miller2_MaximumCIDAContribution(project-level),miller2_SectorName,miller2_ProjectNumber,miller2_Biodiversity(marker),miller2_OrganisationClass,miller2_BilateralAid(internationalMarker),miller2_ContinentID,miller2_FundCentreName,miller2_ParticipatoryDevelopmentAndGoodGovernance,miller2_TradeDevelopment(marker),miller2_UrbanIssues(marker),miller2_ChildrenIssues(marker),miller2_YouthIssues(marker),miller2_IndigenousIssues(marker),miller2_DisabilityIssues(marker),miller2_ICTAsAToolForDevelopment(marker),miller2_KnowledgeForDevelopment(marker),miller2_GenderEquality(marker),miller2_OrganisationID,miller2_OrganisationName,miller2_OrganisationType,miller2_ContinentName,miller2_CountryRegionName,miller2_SectorID,miller2_SectorPercent,miller2_AmountSpent
2009/2010,X3,0.0,0.22,UNITED NATIONS,X3,MID International Organizations,2460000.0,Multilateral trade negotiations,M013170001,0,Multilateral,0,3,UN - CORE,1,0,0,0,0,0,0,1,1,0,1005967,IAEA - International Atomic Energy Agency Technical Cooperation Fund,Foreign Non-Profit Making,Asia,Asia MC,33140,0.14,75768.0
2009/2010,X3,0.0,0.22,UNITED NATIONS,X3,MID International Organizations,2460000.0,Sectors not specified,M013170001,0,Multilateral,0,3,UN - CORE,1,0,0,0,0,0,0,1,1,0,1005967,IAEA - International Atomic Energy Agency Technical Cooperation Fund,Foreign Non-Profit Making,Asia,Asia MC,99810,0.505,273306.0
2009/2010,X4,0.0,0.32,UNITED NATIONS,X4,MID International Organizations,2460000.0,Medical services,M013170001,0,Multilateral,0,5,UN - CORE,1,0,0,0,0,0,0,1,1,0,1005967,IAEA - International Atomic Energy Agency Technical Cooperation Fund,Foreign Non-Profit Making,Europe,Europe MC,12191,0.268,210969.6
2009/2010,X4,0.0,0.32,UNITED NATIONS,X4,MID International Organizations,2460000.0,Water resources conservation (including data collection),M013170001,0,Multilateral,0,5,UN - CORE,1,0,0,0,0,0,0,1,1,0,1005967,IAEA - International Atomic Energy Agency Technical Cooperation Fund,Foreign Non-Profit Making,Europe,Europe MC,14015,0.047,36998.4
2009/2010,X4,0.0,0.32,UNITED NATIONS,X4,MID International Organizations,2460000.0,Nuclear energy electric power plants,M013170001,0,Multilateral,0,5,UN - CORE,1,0,0,0,0,0,0,1,1,0,1005967,IAEA - International Atomic Energy Agency Technical Cooperation Fund,Foreign Non-Profit Making,Europe,Europe MC,23510,0.04,31488.0
2009/2010,X4,0.0,0.32,UNITED NATIONS,X4,MID International Organizations,2460000.0,Multilateral trade negotiations,M013170001,0,Multilateral,0,5,UN - CORE,1,0,0,0,0,0,0,1,1,0,1005967,IAEA - International Atomic Energy Agency Technical Cooperation Fund,Foreign Non-Profit Making,Europe,Europe MC,33140,0.14,110208.0
2009/2010,X4,0.0,0.32,UNITED NATIONS,X4,MID International Organizations,2460000.0,Sectors not specified,M013170001,0,Multilateral,0,5,UN - CORE,1,0,0,0,0,0,0,1,1,0,1005967,IAEA - International Atomic Energy Agency Technical Cooperation Fund,Foreign Non-Profit Making,Europe,Europe MC,99810,0.505,397536.0
2009/2010,SV,0.0,1.0,REGIONAL ORGANIZATION,SV,MHDInternational Humanitarian Assistance,300000.0,Material relief assistance and services,M013171001,0,Multilateral,1,1,MHI Non-Food INIT,0,0,0,0,0,0,0,0,0,0,1001300,PAHO - Pan American Health Organization,Foreign Non-Profit Making,America,El Salvador,72010,1.0,300000.0
2009/2010,X1,0.0,0.5,INTERNATIONAL NGO,X1,MHDInternational Humanitarian Assistance,3000000.0,Material relief assistance and services,M013172001,0,Civil Society,1,2,MHO Non Food - CORE,0,0,0,0,0,0,0,0,0,1,1014663,ICRC Appeals via CRCS,Canadian Non-Profit Making,Africa,Africa MC,72010,1.0,1500000.0
2009/2010,X2,0.0,0.15,INTERNATIONAL NGO,X2,MHDInternational Humanitarian Assistance,3000000.0,Material relief assistance and services,M013172001,0,Civil Society,1,1,MHO Non Food - CORE,0,0,0,0,0,0,0,0,0,1,1014663,ICRC Appeals via CRCS,Canadian Non-Profit Making,America,Americas MC,72010,1.0,450000.0
2009/2010,X3,0.0,0.3,INTERNATIONAL NGO,X3,MHDInternational Humanitarian Assistance,3000000.0,Material relief assistance and services,M013172001,0,Civil Society,1,3,MHO Non Food - CORE,0,0,0,0,0,0,0,0,0,1,1014663,ICRC Appeals via CRCS,Canadian Non-Profit Making,Asia,Asia MC,72010,1.0,900000.0
2009/2010,X4,0.0,0.05,INTERNATIONAL NGO,X4,MHDInternational Humanitarian Assistance,3000000.0,Material relief assistance and services,M013172001,0,Civil Society,1,5,MHO Non Food - CORE,0,0,0,0,0,0,0,0,0,1,1014663,ICRC Appeals via CRCS,Canadian Non-Profit Making,Europe,Europe MC,72010,1.0,150000.0
2009/2010,X1,0.0,0.5,INTERNATIONAL NGO,X1,MHDInternational Humanitarian Assistance,3000000.0,Material relief assistance and services,M013173001,0,Civil Society,1,2,MHO Non Food - CORE,0,0,0,0,0,0,0,0,0,1,1014663,ICRC Appeals via CRCS,Canadian Non-Profit Making,Africa,Africa MC,72010,1.0,1500000.0
2009/2010,X2,0.0,0.15,INTERNATIONAL NGO,X2,MHDInternational Humanitarian Assistance,3000000.0,Material relief assistance and services,M013173001,0,Civil Society,1,1,MHO Non Food - CORE,0,0,0,0,0,0,0,0,0,1,1014663,ICRC Appeals via CRCS,Canadian Non-Profit Making,America,Americas MC,72010,1.0,450000.0
2009/2010,X3,0.0,0.3,INTERNATIONAL NGO,X3,MHDInternational Humanitarian Assistance,3000000.0,Material relief assistance and services,M013173001,0,Civil Society,1,3,MHO Non Food - CORE,0,0,0,0,0,0,0,0,0,1,1014663,ICRC Appeals via CRCS,Canadian Non-Profit Making,Asia,Asia MC,72010,1.0,900000.0
2009/2010,X4,0.0,0.05,INTERNATIONAL NGO,X4,MHDInternational Humanitarian Assistance,3000000.0,Material relief assistance and services,M013173001,0,Civil Society,1,5,MHO Non Food - CORE,0,0,0,0,0,0,0,0,0,1,1014663,ICRC Appeals via CRCS,Canadian Non-Profit Making,Europe,Europe MC,72010,1.0,150000.0
2009/2010,LK,0.0,1.0,NGO,LK,MHDInternational Humanitarian Assistance,500000.0,Material relief assistance and services,M013174001,0,Civil Society,1,3,MHI Non-Food INIT,0,0,0,0,0,0,0,0,0,0,1015332,Mines Advisory Group,Foreign Non-Profit Making,Asia,Sri Lanka,72010,1.0,500000.0
2009/2010,LK,0.0,1.0,NGO,LK,MHDInternational Humanitarian Assistance,500000.0,Material relief assistance and services,M013175001,0,Civil Society,1,3,MHI Non-Food INIT,0,0,0,0,0,0,0,0,0,0,1015331,The Halo Trust,Foreign Non-Profit Making,Asia,Sri Lanka,72010,1.0,500000.0
2009/2010,X1,0.0,0.5,NGO,X1,MHDInternational Humanitarian Assistance,600000.0,Relief co-ordination; protection and support services,M013176001,0,Civil Society,1,2,MHO Inst Strengtherning,1,0,0,0,0,0,0,0,1,0,1002035,International Crisis Group,Foreign Non-Profit Making,Africa,Africa MC,72050,1.0,150000.0
2009/2010,X2,0.0,0.1,NGO,X2,MHDInternational Humanitarian Assistance,600000.0,Relief co-ordination; protection and support services,M013176001,0,Civil Society,1,1,MHO Inst Strengtherning,1,0,0,0,0,0,0,0,1,0,1002035,International Crisis Group,Foreign Non-Profit Making,America,Americas MC,72050,1.0,30000.0
2009/2010,X3,0.0,0.3,NGO,X3,MHDInternational Humanitarian Assistance,600000.0,Relief co-ordination; protection and support services,M013176001,0,Civil Society,1,3,MHO Inst Strengtherning,1,0,0,0,0,0,0,0,1,0,1002035,International Crisis Group,Foreign Non-Profit Making,Asia,Asia MC,72050,1.0,90000.0
2009/2010,X4,0.0,0.1,NGO,X4,MHDInternational Humanitarian Assistance,600000.0,Relief co-ordination; protection and support services,M013176001,0,Civil Society,1,5,MHO Inst Strengtherning,1,0,0,0,0,0,0,0,1,0,1002035,International Crisis Group,Foreign Non-Profit Making,Europe,Europe MC,72050,1.0,30000.0
2009/2010,YE,0.0,1.0,UNITED NATIONS,YE,MHDInternational Humanitarian Assistance,1800000.0,Emergency food aid,M013177001,0,Multilateral,1,3,MHI Food INIT,0,0,0,0,0,0,0,0,0,0,1001721,WFP - World Food Programme,Foreign Non-Profit Making,Asia,Yemen,72040,1.0,500000.0
2009/2010,CO,0.0,1.0,UNITED NATIONS,CO,MHDInternational Humanitarian Assistance,3000000.0,Emergency food aid,M013178001,0,Multilateral,1,1,MHI Food INIT,0,0,0,0,0,0,0,0,0,0,1001721,WFP - World Food Programme,Foreign Non-Profit Making,America,Colombia,72040,1.0,1500000.0
2009/2010,TD,0.0,1.0,UNITED NATIONS,TD,MHDInternational Humanitarian Assistance,6500000.0,Emergency food aid,M013180001,0,Multilateral,1,2,MHI Food INIT,0,0,0,0,0,0,0,0,0,1,1001721,WFP - World Food Programme,Foreign Non-Profit Making,Africa,Chad,72040,1.0,6500000.0
2009/2010,SD,0.0,1.0,UNITED NATIONS,SD,MHDInternational Humanitarian Assistance,22450000.0,Emergency food aid,M013181001,0,Multilateral,1,2,MHI Food INIT,0,0,0,0,0,0,0,0,0,0,1001721,WFP - World Food Programme,Foreign Non-Profit Making,Africa,Sudan,72040,1.0,3950000.0
2009/2010,X1,0.0,0.45,UNITED NATIONS,X1,MHDInternational Humanitarian Assistance,14000000.0,Material relief assistance and services,M013182001,0,Multilateral,0,2,MHO Non Food - CORE,0,0,0,0,0,0,0,0,0,1,1001730,UNHCR - United Nations High Commissioner for Refugees,Foreign Non-Profit Making,Africa,Africa MC,72010,1.0,6300000.0
2009/2010,X2,0.0,0.05,UNITED NATIONS,X2,MHDInternational Humanitarian Assistance,14000000.0,Material relief assistance and services,M013182001,0,Multilateral,0,1,MHO Non Food - CORE,0,0,0,0,0,0,0,0,0,1,1001730,UNHCR - United Nations High Commissioner for Refugees,Foreign Non-Profit Making,America,Americas MC,72010,1.0,700000.0
2009/2010,X3,0.0,0.45,UNITED NATIONS,X3,MHDInternational Humanitarian Assistance,14000000.0,Material relief assistance and services,M013182001,0,Multilateral,0,3,MHO Non Food - CORE,0,0,0,0,0,0,0,0,0,1,1001730,UNHCR - United Nations High Commissioner for Refugees,Foreign Non-Profit Making,Asia,Asia MC,72010,1.0,6300000.0
2009/2010,X4,0.0,0.05,UNITED NATIONS,X4,MHDInternational Humanitarian Assistance,14000000.0,Material relief assistance and services,M013182001,0,Multilateral,0,5,MHO Non Food - CORE,0,0,0,0,0,0,0,0,0,1,1001730,UNHCR - United Nations High Commissioner for Refugees,Foreign Non-Profit Making,Europe,Europe MC,72010,1.0,700000.0
2009/2010,X3,0.0,1.0,INTERNATIONAL NGO,X3,MHDInternational Humanitarian Assistance,500000.0,Material relief assistance and services,M013183001,0,Civil Society,1,3,MHI Non-Food INIT,0,0,0,0,0,0,0,0,0,0,1014663,ICRC Appeals via CRCS,Canadian Non-Profit Making,Asia,Asia MC,72010,1.0,500000.0
2009/2010,X1,0.0,0.5,UNITED NATIONS,X1,MHDInternational Humanitarian Assistance,2700000.0,Relief co-ordination; protection and support services,M013184001,0,Multilateral,1,2,MHI Non-Food INIT,0,0,0,0,0,0,0,0,0,0,1003586,OCHA - Office for the Coordination of Humanitarian Affairs,Foreign Non-Profit Making,Africa,Africa MC,72050,1.0,1350000.0
2009/2010,X2,0.0,0.15,UNITED NATIONS,X2,MHDInternational Humanitarian Assistance,2700000.0,Relief co-ordination; protection and support services,M013184001,0,Multilateral,1,1,MHI Non-Food INIT,0,0,0,0,0,0,0,0,0,0,1003586,OCHA - Office for the Coordination of Humanitarian Affairs,Foreign Non-Profit Making,America,Americas MC,72050,1.0,405000.0
2009/2010,X3,0.0,0.3,UNITED NATIONS,X3,MHDInternational Humanitarian Assistance,2700000.0,Relief co-ordination; protection and support services,M013184001,0,Multilateral,1,3,MHI Non-Food INIT,0,0,0,0,0,0,0,0,0,0,1003586,OCHA - Office for the Coordination of Humanitarian Affairs,Foreign Non-Profit Making,Asia,Asia MC,72050,1.0,810000.0
2009/2010,X4,0.0,0.05,UNITED NATIONS,X4,MHDInternational Humanitarian Assistance,2700000.0,Relief co-ordination; protection and support services,M013184001,0,Multilateral,1,5,MHI Non-Food INIT,0,0,0,0,0,0,0,0,0,0,1003586,OCHA - Office for the Coordination of Humanitarian Affairs,Foreign Non-Profit Making,Europe,Europe MC,72050,1.0,135000.0
2009/2010,AF,0.1,0.0065,IFI,AF,MED Economic Development,30000000.0,Agricultural policy and administrative management,M013185001,0,Multilateral,1,3,*World Bank Group,0,1,0,0,0,0,0,0,0,1,1001306,World Bank,Foreign Non-Profit Making,Asia,Afghanistan,31110,0.2,39000.0
2009/2010,AF,0.1,0.0065,IFI,AF,MED Economic Development,30000000.0,Agricultural development,M013185001,0,Multilateral,1,3,*World Bank Group,0,1,0,0,0,0,0,0,0,1,1001306,World Bank,Foreign Non-Profit Making,Asia,Afghanistan,31120,0.2,39000.0
2009/2010,AF,0.1,0.0065,IFI,AF,MED Economic Development,30000000.0,Agricultural inputs,M013185001,0,Multilateral,1,3,*World Bank Group,0,1,0,0,0,0,0,0,0,1,1001306,World Bank,Foreign Non-Profit Making,Asia,Afghanistan,31150,0.1,19500.0
2009/2010,AF,0.1,0.0065,IFI,AF,MED Economic Development,30000000.0,Food crop production,M013185001,0,Multilateral,1,3,*World Bank Group,0,1,0,0,0,0,0,0,0,1,1001306,World Bank,Foreign Non-Profit Making,Asia,Afghanistan,31161,0.1,19500.0
2009/2010,AF,0.1,0.0065,IFI,AF,MED Economic Development,30000000.0,Agricultural extension,M013185001,0,Multilateral,1,3,*World Bank Group,0,1,0,0,0,0,0,0,0,1,1001306,World Bank,Foreign Non-Profit Making,Asia,Afghanistan,31166,0.1,19500.0
2009/2010,AF,0.1,0.0065,IFI,AF,MED Economic Development,30000000.0,Agricultural research,M013185001,0,Multilateral,1,3,*World Bank Group,0,1,0,0,0,0,0,0,0,1,1001306,World Bank,Foreign Non-Profit Making,Asia,Afghanistan,31182,0.1,19500.0
2009/2010,AF,0.1,0.0065,IFI,AF,MED Economic Development,30000000.0,Agricultural services,M013185001,0,Multilateral,1,3,*World Bank Group,0,1,0,0,0,0,0,0,0,1,1001306,World Bank,Foreign Non-Profit Making,Asia,Afghanistan,31191,0.1,19500.0
2009/2010,AF,0.1,0.0065,IFI,AF,MED Economic Development,30000000.0,Agricultural financial services,M013185001,0,Multilateral,1,3,*World Bank Group,0,1,0,0,0,0,0,0,0,1,1001306,World Bank,Foreign Non-Profit Making,Asia,Afghanistan,31193,0.1,19500.0
2009/2010,BD,0.1,0.105,IFI,BD,MED Economic Development,30000000.0,Agricultural policy and administrative management,M013185001,0,Multilateral,1,3,*World Bank Group,0,1,0,0,0,0,0,0,0,1,1001306,World Bank,Foreign Non-Profit Making,Asia,Bangladesh,31110,0.2,630000.0
2009/2010,BD,0.1,0.105,IFI,BD,MED Economic Development,30000000.0,Agricultural development,M013185001,0,Multilateral,1,3,*World Bank Group,0,1,0,0,0,0,0,0,0,1,1001306,World Bank,Foreign Non-Profit Making,Asia,Bangladesh,31120,0.2,630000.0
2009/2010,BD,0.1,0.105,IFI,BD,MED Economic Development,30000000.0,Agricultural inputs,M013185001,0,Multilateral,1,3,*World Bank Group,0,1,0,0,0,0,0,0,0,1,1001306,World Bank,Foreign Non-Profit Making,Asia,Bangladesh,31150,0.1,315000.0
2009/2010,BD,0.1,0.105,IFI,BD,MED Economic Development,30000000.0,Food crop production,M013185001,0,Multilateral,1,3,*World Bank Group,0,1,0,0,0,0,0,0,0,1,1001306,World Bank,Foreign Non-Profit Making,Asia,Bangladesh,31161,0.1,315000.0
2009/2010,BD,0.1,0.105,IFI,BD,MED Economic Development,30000000.0,Agricultural extension,M013185001,0,Multilateral,1,3,*World Bank Group,0,1,0,0,0,0,0,0,0,1,1001306,World Bank,Foreign Non-Profit Making,Asia,Bangladesh,31166,0.1,315000.0
2009/2010,BD,0.1,0.105,IFI,BD,MED Economic Development,30000000.0,Agricultural research,M013185001,0,Multilateral,1,3,*World Bank Group,0,1,0,0,0,0,0,0,0,1,1001306,World Bank,Foreign Non-Profit Making,Asia,Bangladesh,31182,0.1,315000.0
2009/2010,BD,0.1,0.105,IFI,BD,MED Economic Development,30000000.0,Agricultural services,M013185001,0,Multilateral,1,3,*World Bank Group,0,1,0,0,0,0,0,0,0,1,1001306,World Bank,Foreign Non-Profit Making,Asia,Bangladesh,31191,0.1,315000.0
2009/2010,BD,0.1,0.105,IFI,BD,MED Economic Development,30000000.0,Agricultural financial services,M013185001,0,Multilateral,1,3,*World Bank Group,0,1,0,0,0,0,0,0,0,1,1001306,World Bank,Foreign Non-Profit Making,Asia,Bangladesh,31193,0.1,315000.0
2009/2010,BI,0.1,0.0081,IFI,BI,MED Economic Development,30000000.0,Agricultural policy and administrative management,M013185001,0,Multilateral,1,2,*World Bank Group,0,1,0,0,0,0,0,0,0,1,1001306,World Bank,Foreign Non-Profit Making,Africa,Burundi,31110,0.2,48600.0
2009/2010,BI,0.1,0.0081,IFI,BI,MED Economic Development,30000000.0,Agricultural development,M013185001,0,Multilateral,1,2,*World Bank Group,0,1,0,0,0,0,0,0,0,1,1001306,World Bank,Foreign Non-Profit Making,Africa,Burundi,31120,0.2,48600.0
2009/2010,BI,0.1,0.0081,IFI,BI,MED Economic Development,30000000.0,Agricultural inputs,M013185001,0,Multilateral,1,2,*World Bank Group,0,1,0,0,0,0,0,0,0,1,1001306,World Bank,Foreign Non-Profit Making,Africa,Burundi,31150,0.1,24300.0
2009/2010,BI,0.1,0.0081,IFI,BI,MED Economic Development,30000000.0,Food crop production,M013185001,0,Multilateral,1,2,*World Bank Group,0,1,0,0,0,0,0,0,0,1,1001306,World Bank,Foreign Non-Profit Making,Africa,Burundi,31161,0.1,24300.0
2009/2010,BI,0.1,0.0081,IFI,BI,MED Economic Development,30000000.0,Agricultural extension,M013185001,0,Multilateral,1,2,*World Bank Group,0,1,0,0,0,0,0,0,0,1,1001306,World Bank,Foreign Non-Profit Making,Africa,Burundi,31166,0.1,24300.0
2009/2010,BI,0.1,0.0081,IFI,BI,MED Economic Development,30000000.0,Agricultural research,M013185001,0,Multilateral,1,2,*World Bank Group,0,1,0,0,0,0,0,0,0,1,1001306,World Bank,Foreign Non-Profit Making,Africa,Burundi,31182,0.1,24300.0
2009/2010,BI,0.1,0.0081,IFI,BI,MED Economic Development,30000000.0,Agricultural services,M013185001,0,Multilateral,1,2,*World Bank Group,0,1,0,0,0,0,0,0,0,1,1001306,World Bank,Foreign Non-Profit Making,Africa,Burundi,31191,0.1,24300.0
2009/2010,BI,0.1,0.0081,IFI,BI,MED Economic Development,30000000.0,Agricultural financial services,M013185001,0,Multilateral,1,2,*World Bank Group,0,1,0,0,0,0,0,0,0,1,1001306,World Bank,Foreign Non-Profit Making,Africa,Burundi,31193,0.1,24300.0
2009/2010,BJ,0.1,0.0073,IFI,BJ,MED Economic Development,30000000.0,Agricultural policy and administrative management,M013185001,0,Multilateral,1,2,*World Bank Group,0,1,0,0,0,0,0,0,0,1,1001306,World Bank,Foreign Non-Profit Making,Africa,Benin,31110,0.2,43800.0
2009/2010,BJ,0.1,0.0073,IFI,BJ,MED Economic Development,30000000.0,Agricultural development,M013185001,0,Multilateral,1,2,*World Bank Group,0,1,0,0,0,0,0,0,0,1,1001306,World Bank,Foreign Non-Profit Making,Africa,Benin,31120,0.2,43800.0
2009/2010,BJ,0.1,0.0073,IFI,BJ,MED Economic Development,30000000.0,Agricultural inputs,M013185001,0,Multilateral,1,2,*World Bank Group,0,1,0,0,0,0,0,0,0,1,1001306,World Bank,Foreign Non-Profit Making,Africa,Benin,31150,0.1,21900.0
2009/2010,BJ,0.1,0.0073,IFI,BJ,MED Economic Development,30000000.0,Food crop production,M013185001,0,Multilateral,1,2,*World Bank Group,0,1,0,0,0,0,0,0,0,1,1001306,World Bank,Foreign Non-Profit Making,Africa,Benin,31161,0.1,21900.0
2009/2010,BJ,0.1,0.0073,IFI,BJ,MED Economic Development,30000000.0,Agricultural extension,M013185001,0,Multilateral,1,2,*World Bank Group,0,1,0,0,0,0,0,0,0,1,1001306,World Bank,Foreign Non-Profit Making,Africa,Benin,31166,0.1,21900.0
2009/2010,BJ,0.1,0.0073,IFI,BJ,MED Economic Development,30000000.0,Agricultural research,M013185001,0,Multilateral,1,2,*World Bank Group,0,1,0,0,0,0,0,0,0,1,1001306,World Bank,Foreign Non-Profit Making,Africa,Benin,31182,0.1,21900.0
2009/2010,BJ,0.1,0.0073,IFI,BJ,MED Economic Development,30000000.0,Agricultural services,M013185001,0,Multilateral,1,2,*World Bank Group,0,1,0,0,0,0,0,0,0,1,1001306,World Bank,Foreign Non-Profit Making,Africa,Benin,31191,0.1,21900.0
2009/2010,BJ,0.1,0.0073,IFI,BJ,MED Economic Development,30000000.0,Agricultural financial services,M013185001,0,Multilateral,1,2,*World Bank Group,0,1,0,0,0,0,0,0,0,1,1001306,World Bank,Foreign Non-Profit Making,Africa,Benin,31193,0.1,21900.0
2009/2010,CF,0.1,0.0057,IFI,CF,MED Economic Development,30000000.0,Agricultural policy and administrative management,M013185001,0,Multilateral,1,2,*World Bank Group,0,1,0,0,0,0,0,0,0,1,1001306,World Bank,Foreign Non-Profit Making,Africa,Central Afr.Rep,31110,0.2,34200.0
2009/2010,CF,0.1,0.0057,IFI,CF,MED Economic Development,30000000.0,Agricultural development,M013185001,0,Multilateral,1,2,*World Bank Group,0,1,0,0,0,0,0,0,0,1,1001306,World Bank,Foreign Non-Profit Making,Africa,Central Afr.Rep,31120,0.2,34200.0
2009/2010,CF,0.1,0.0057,IFI,CF,MED Economic Development,30000000.0,Agricultural inputs,M013185001,0,Multilateral,1,2,*World Bank Group,0,1,0,0,0,0,0,0,0,1,1001306,World Bank,Foreign Non-Profit Making,Africa,Central Afr.Rep,31150,0.1,17100.0
2009/2010,CF,0.1,0.0057,IFI,CF,MED Economic Development,30000000.0,Food crop production,M013185001,0,Multilateral,1,2,*World Bank Group,0,1,0,0,0,0,0,0,0,1,1001306,World Bank,Foreign Non-Profit Making,Africa,Central Afr.Rep,31161,0.1,17100.0
2009/2010,CF,0.1,0.0057,IFI,CF,MED Economic Development,30000000.0,Agricultural extension,M013185001,0,Multilateral,1,2,*World Bank Group,0,1,0,0,0,0,0,0,0,1,1001306,World Bank,Foreign Non-Profit Making,Africa,Central Afr.Rep,31166,0.1,17100.0
2009/2010,CF,0.1,0.0057,IFI,CF,MED Economic Development,30000000.0,Agricultural research,M013185001,0,Multilateral,1,2,*World Bank Group,0,1,0,0,0,0,0,0,0,1,1001306,World Bank,Foreign Non-Profit Making,Africa,Central Afr.Rep,31182,0.1,17100.0
2009/2010,CF,0.1,0.0057,IFI,CF,MED Economic Development,30000000.0,Agricultural services,M013185001,0,Multilateral,1,2,*World Bank Group,0,1,0,0,0,0,0,0,0,1,1001306,World Bank,Foreign Non-Profit Making,Africa,Central Afr.Rep,31191,0.1,17100.0
2009/2010,CF,0.1,0.0057,IFI,CF,MED Economic Development,30000000.0,Agricultural financial services,M013185001,0,Multilateral,1,2,*World Bank Group,0,1,0,0,0,0,0,0,0,1,1001306,World Bank,Foreign Non-Profit Making,Africa,Central Afr.Rep,31193,0.1,17100.0
2009/2010,DJ,0.1,0.004,IFI,DJ,MED Economic Development,30000000.0,Agricultural policy and administrative management,M013185001,0,Multilateral,1,2,*World Bank Group,0,1,0,0,0,0,0,0,0,1,1001306,World Bank,Foreign Non-Profit Making,Africa,Djibouti,31110,0.2,24000.0
2009/2010,DJ,0.1,0.004,IFI,DJ,MED Economic Development,30000000.0,Agricultural development,M013185001,0,Multilateral,1,2,*World Bank Group,0,1,0,0,0,0,0,0,0,1,1001306,World Bank,Foreign Non-Profit Making,Africa,Djibouti,31120,0.2,24000.0
2009/2010,DJ,0.1,0.004,IFI,DJ,MED Economic Development,30000000.0,Agricultural inputs,M013185001,0,Multilateral,1,2,*World Bank Group,0,1,0,0,0,0,0,0,0,1,1001306,World Bank,Foreign Non-Profit Making,Africa,Djibouti,31150,0.1,12000.0
2009/2010,DJ,0.1,0.004,IFI,DJ,MED Economic Development,30000000.0,Food crop production,M013185001,0,Multilateral,1,2,*World Bank Group,0,1,0,0,0,0,0,0,0,1,1001306,World Bank,Foreign Non-Profit Making,Africa,Djibouti,31161,0.1,12000.0
2009/2010,DJ,0.1,0.004,IFI,DJ,MED Economic Development,30000000.0,Agricultural extension,M013185001,0,Multilateral,1,2,*World Bank Group,0,1,0,0,0,0,0,0,0,1,1001306,World Bank,Foreign Non-Profit Making,Africa,Djibouti,31166,0.1,12000.0
2009/2010,DJ,0.1,0.004,IFI,DJ,MED Economic Development,30000000.0,Agricultural research,M013185001,0,Multilateral,1,2,*World Bank Group,0,1,0,0,0,0,0,0,0,1,1001306,World Bank,Foreign Non-Profit Making,Africa,Djibouti,31182,0.1,12000.0
2009/2010,DJ,0.1,0.004,IFI,DJ,MED Economic Development,30000000.0,Agricultural services,M013185001,0,Multilateral,1,2,*World Bank Group,0,1,0,0,0,0,0,0,0,1,1001306,World Bank,Foreign Non-Profit Making,Africa,Djibouti,31191,0.1,12000.0
2009/2010,DJ,0.1,0.004,IFI,DJ,MED Economic Development,30000000.0,Agricultural financial services,M013185001,0,Multilateral,1,2,*World Bank Group,0,1,0,0,0,0,0,0,0,1,1001306,World Bank,Foreign Non-Profit Making,Africa,Djibouti,31193,0.1,12000.0
2009/2010,ET,0.1,0.222,IFI,ET,MED Economic Development,30000000.0,Agricultural policy and administrative management,M013185001,0,Multilateral,1,2,*World Bank Group,0,1,0,0,0,0,0,0,0,1,1001306,World Bank,Foreign Non-Profit Making,Africa,Ethiopia,31110,0.2,1332000.0
2009/2010,ET,0.1,0.222,IFI,ET,MED Economic Development,30000000.0,Agricultural development,M013185001,0,Multilateral,1,2,*World Bank Group,0,1,0,0,0,0,0,0,0,1,1001306,World Bank,Foreign Non-Profit Making,Africa,Ethiopia,31120,0.2,1332000.0
2009/2010,ET,0.1,0.222,IFI,ET,MED Economic Development,30000000.0,Agricultural inputs,M013185001,0,Multilateral,1,2,*World Bank Group,0,1,0,0,0,0,0,0,0,1,1001306,World Bank,Foreign Non-Profit Making,Africa,Ethiopia,31150,0.1,666000.0
2009/2010,ET,0.1,0.222,IFI,ET,MED Economic Development,30000000.0,Food crop production,M013185001,0,Multilateral,1,2,*World Bank Group,0,1,0,0,0,0,0,0,0,1,1001306,World Bank,Foreign Non-Profit Making,Africa,Ethiopia,31161,0.1,666000.0
2009/2010,ET,0.1,0.222,IFI,ET,MED Economic Development,30000000.0,Agricultural extension,M013185001,0,Multilateral,1,2,*World Bank Group,0,1,0,0,0,0,0,0,0,1,1001306,World Bank,Foreign Non-Profit Making,Africa,Ethiopia,31166,0.1,666000.0
2009/2010,ET,0.1,0.222,IFI,ET,MED Economic Development,30000000.0,Agricultural research,M013185001,0,Multilateral,1,2,*World Bank Group,0,1,0,0,0,0,0,0,0,1,1001306,World Bank,Foreign Non-Profit Making,Africa,Ethiopia,31182,0.1,666000.0
2009/2010,ET,0.1,0.222,IFI,ET,MED Economic Development,30000000.0,Agricultural services,M013185001,0,Multilateral,1,2,*World Bank Group,0,1,0,0,0,0,0,0,0,1,1001306,World Bank,Foreign Non-Profit Making,Africa,Ethiopia,31191,0.1,666000.0
2009/2010,ET,0.1,0.222,IFI,ET,MED Economic Development,30000000.0,Agricultural financial services,M013185001,0,Multilateral,1,2,*World Bank Group,0,1,0,0,0,0,0,0,0,1,1001306,World Bank,Foreign Non-Profit Making,Africa,Ethiopia,31193,0.1,666000.0
2009/2010,GN,0.1,0.0081,IFI,GN,MED Economic Development,30000000.0,Agricultural policy and administrative management,M013185001,0,Multilateral,1,2,*World Bank Group,0,1,0,0,0,0,0,0,0,1,1001306,World Bank,Foreign Non-Profit Making,Africa,Guinea,31110,0.2,48600.0
2009/2010,GN,0.1,0.0081,IFI,GN,MED Economic Development,30000000.0,Agricultural development,M013185001,0,Multilateral,1,2,*World Bank Group,0,1,0,0,0,0,0,0,0,1,1001306,World Bank,Foreign Non-Profit Making,Africa,Guinea,31120,0.2,48600.0
2009/2010,GN,0.1,0.0081,IFI,GN,MED Economic Development,30000000.0,Agricultural inputs,M013185001,0,Multilateral,1,2,*World Bank Group,0,1,0,0,0,0,0,0,0,1,1001306,World Bank,Foreign Non-Profit Making,Africa,Guinea,31150,0.1,24300.0
2009/2010,GN,0.1,0.0081,IFI,GN,MED Economic Development,30000000.0,Food crop production,M013185001,0,Multilateral,1,2,*World Bank Group,0,1,0,0,0,0,0,0,0,1,1001306,World Bank,Foreign Non-Profit Making,Africa,Guinea,31161,0.1,24300.0
2009/2010,GN,0.1,0.0081,IFI,GN,MED Economic Development,30000000.0,Agricultural extension,M013185001,0,Multilateral,1,2,*World Bank Group,0,1,0,0,0,0,0,0,0,1,1001306,World Bank,Foreign Non-Profit Making,Africa,Guinea,31166,0.1,24300.0
2009/2010,GN,0.1,0.0081,IFI,GN,MED Economic Development,30000000.0,Agricultural research,M013185001,0,Multilateral,1,2,*World Bank Group,0,1,0,0,0,0,0,0,0,1,1001306,World Bank,Foreign Non-Profit Making,Africa,Guinea,31182,0.1,24300.0
2009/2010,GN,0.1,0.0081,IFI,GN,MED Economic Development,30000000.0,Agricultural services,M013185001,0,Multilateral,1,2,*World Bank Group,0,1,0,0,0,0,0,0,0,1,1001306,World Bank,Foreign Non-Profit Making,Africa,Guinea,31191,0.1,24300.0
2009/2010,GN,0.1,0.0081,IFI,GN,MED Economic Development,30000000.0,Agricultural financial services,M013185001,0,Multilateral,1,2,*World Bank Group,0,1,0,0,0,0,0,0,0,1,1001306,World Bank,Foreign Non-Profit Making,Africa,Guinea,31193,0.1,24300.0
2009/2010,GW,0.1,0.004,IFI,GW,MED Economic Development,30000000.0,Agricultural policy and administrative management,M013185001,0,Multilateral,1,2,*World Bank Group,0,1,0,0,0,0,0,0,0,1,1001306,World Bank,Foreign Non-Profit Making,Africa,Guinea-Bissau,31110,0.2,24000.0
