musician,musicianLabel,genderLabel,cityLabel,fatherLabel,motherLabel,partner,genreLabel,ethnicityLabel,religionLabel,activityStart,twitterNameLabel,geniusNameLabel,recordLabelLabel
http://www.wikidata.org/entity/Q6096,Snoop Dogg,male,Long Beach,,,,West Coast hip hop,African Americans,Islam,1991-01-01T00:00:00Z,snoopdogg,Snoop-dogg,Death Row Records
http://www.wikidata.org/entity/Q5977,Buddy Holly,male,Lubbock,,,María Elena Holly,beat music,,Baptists,1952-01-01T00:00:00Z,,Buddy-holly,Brunswick
http://www.wikidata.org/entity/Q8349,"""Weird Al"" Yankovic",male,Downey,Nick Yankovic,Mary Yankovic,Suzanne Yankovic,nerdcore,,Christianity,1976-01-01T00:00:00Z,alyankovic,Weird-al-yankovic,Volcano Entertainment
http://www.wikidata.org/entity/Q1779,Louis Armstrong,male,New Orleans,,,Lil Hardin Armstrong,jazz,African Americans,,1914-01-01T00:00:00Z,,,Decca
http://www.wikidata.org/entity/Q4270,Tom DeLonge,male,Poway,,,Jennifer DeLonge,pop punk,,,1992-01-01T00:00:00Z,tomdelonge,Tom-delonge,DGC Records
http://www.wikidata.org/entity/Q4491,Anna Faris,female,Baltimore,,,Chris Pratt,,,,1991-01-01T00:00:00Z,AnnaKFaris,Anna-faris,
http://www.wikidata.org/entity/Q6107,Tupac Shakur,male,East Harlem,Billy Garland,Afeni Shakur,Keisha Morris,West Coast hip hop,African Americans,,1989-01-01T00:00:00Z,2pac,2pac,Death Row Records
http://www.wikidata.org/entity/Q633,Neil Young,male,Toronto,Scott Young,,Carrie Snodgress,grunge,,,1961-01-01T00:00:00Z,Neilyoung,,Warner Bros. Records
http://www.wikidata.org/entity/Q7542,Prince,male,Minneapolis,John L. Nelson,Mattie Shaw,Manuela Testolini,rhythm and blues,African Americans,Jehovah's Witnesses,1978-01-01T00:00:00Z,prince,Prince,Arista
http://www.wikidata.org/entity/Q714,Stevie Wonder,male,Saginaw,,Lula Mae Hardaway,Syreeta Wright,soul music,African Americans,,1961-01-01T00:00:00Z,,Stevie-wonder,Motown
http://www.wikidata.org/entity/Q1744,Madonna,female,Bay City,,,Carlos Leon,jazz,French Canadian,,1979-01-01T00:00:00Z,Madonna,Madonna,Maverick
http://www.wikidata.org/entity/Q1768,Ella Fitzgerald,female,Newport News,,,Ray Brown,jazz,African Americans,,1934-01-01T00:00:00Z,,Ella-fitzgerald,Decca
http://www.wikidata.org/entity/Q11627,Black Francis,male,Boston,,,,alternative country,,,1986-01-01T00:00:00Z,,,American Recordings
http://www.wikidata.org/entity/Q11975,Britney Spears,female,McComb,,Lynne Spears,Justin Timberlake,teen pop,,Southern Baptist Convention,1992-01-01T00:00:00Z,britneyspears,Britney-spears,Legacy
http://www.wikidata.org/entity/Q1514,Janis Joplin,female,Port Arthur,,,,acid rock,White American,,1962-01-01T00:00:00Z,janisjoplin,,Columbia Records
http://www.wikidata.org/entity/Q303,Elvis Presley,male,Tupelo,Vernon Elvis Presley,Gladys Presley,Priscilla Presley,rhythm and blues,,,1954-01-01T00:00:00Z,elvispresley,,Sun Records
http://www.wikidata.org/entity/Q4616,Marilyn Monroe,female,Los Angeles,,,Joe DiMaggio,,,Christianity,1947-01-01T00:00:00Z,,Marilyn-monroe,RCA Records
http://www.wikidata.org/entity/Q1545,Cyndi Lauper,female,New York City,,,David Thornton,new wave,,,1977-01-01T00:00:00Z,cyndilauper,,Epic
http://www.wikidata.org/entity/Q12006,Dave Grohl,male,Warren,,,,alternative rock,White American,,1981-01-01T00:00:00Z,foofightersdave,Dave-grohl,Geffen Records
http://www.wikidata.org/entity/Q11637,Judy Garland,female,Grand Rapids,,,David Rose,,,Episcopal Church,1924-01-01T00:00:00Z,,,Decca
http://www.wikidata.org/entity/Q4636,Barbra Streisand,female,Brooklyn,,,James Brolin,jazz,Jewish people,,1960-01-01T00:00:00Z,BarbraStreisand,Barbra-streisand,Decca
http://www.wikidata.org/entity/Q11901,Beck,male,Los Angeles,David Campbell,Bibbe Hansen,Marissa Ribisi,alternative rock,,Scientology,1989-01-01T00:00:00Z,beck,,XL Recordings
http://www.wikidata.org/entity/Q8446,Kurt Cobain,male,Aberdeen,,,Courtney Love,grunge,,,1982-01-01T00:00:00Z,,Kurt-cobain,Sub Pop
http://www.wikidata.org/entity/Q5921,Chuck Berry,male,St. Louis,,,,rock and roll,African Americans,Baptists,1953-01-01T00:00:00Z,,Chuck-berry,Mercury Records
http://www.wikidata.org/entity/Q2680,Bruce Willis,male,Idar-Oberstein,,,Emma Heming Willis,,,atheism,1979-01-01T00:00:00Z,,,Motown
http://www.wikidata.org/entity/Q6060,50 Cent,male,South Jamaica,,,,East Coast hip hop,African Americans,,1998-01-01T00:00:00Z,50cent,,Universal Records
http://www.wikidata.org/entity/Q4061,Woody Guthrie,male,Okemah,,,Marjorie Guthrie,contemporary folk music,,,1930-01-01T00:00:00Z,,,Folkways Records
http://www.wikidata.org/entity/Q4028,Paul Simon,male,Newark,Louis Simon,Belle (?),Kathleen Mary Chitty,soft rock,,Judaism,1957-01-01T00:00:00Z,paulsimonmusic,Paul-simon,Warner Bros. Records
http://www.wikidata.org/entity/Q557,Patti Smith,female,Chicago,,,Fred Smith,punk rock,,,1967-01-01T00:00:00Z,,Patti-smith,Arista
http://www.wikidata.org/entity/Q4337,Rodger Bumpass,male,Little Rock,,,,,,,1977-01-01T00:00:00Z,,,
http://www.wikidata.org/entity/Q4612,Marlene Dietrich,female,Rote Insel,Louis Erich Otto Dietrich,Wilhelmina Elisabeth Joséphine Felsing,Yul Brynner,,Germans,state atheism,1919-01-01T00:00:00Z,,Marlene-dietrich,Liberty
http://www.wikidata.org/entity/Q5928,Jimi Hendrix,male,Seattle,,,,acid rock,Cherokee,Lapsed Catholic,1965-01-01T00:00:00Z,JimiHendrix,Jimi-hendrix,MCA Inc.
http://www.wikidata.org/entity/Q8160,Carly Rose Sonenclar,female,New York City,,,,contemporary R&B,,,,CarlyRoseMusic,,Syco Music
http://www.wikidata.org/entity/Q4029,Tara Strong,female,Toronto,Syd Charendoff,Lucy Charendoff,Craig Strong,,Ashkenazi Jews,Judaism,1986-01-01T00:00:00Z,tarastrong,,
http://www.wikidata.org/entity/Q6078,Dr. Dre,male,Compton,,,,West Coast hip hop,African Americans,,1984-01-01T00:00:00Z,drdre,Dr-dre,Death Row Records
http://www.wikidata.org/entity/Q4042,CeeLo Green,male,Atlanta,,,,soul music,African Americans,,1994-01-01T00:00:00Z,CeeLoGreen,Ceelo-green,Arista
http://www.wikidata.org/entity/Q11617,Aaliyah,female,Brooklyn,,,R. Kelly,rhythm and blues,African Americans,Catholicism,1991-01-01T00:00:00Z,AaliyahHaughton,Aaliyah,Virgin Records
http://www.wikidata.org/entity/Q11930,Kevin Costner,male,Lynwood,,,Christine Baumgartner,country music,,Baptists,1974-01-01T00:00:00Z,,,Show Dog-Universal Music
http://www.wikidata.org/entity/Q5104,Miranda Cosgrove,female,Los Angeles,,,,pop music,,,2001-01-01T00:00:00Z,MirandaBuzz,Miranda-cosgrove,Epic
http://www.wikidata.org/entity/Q4070,Kim Carnes,female,Pasadena,,,,pop rock,,,1967-01-01T00:00:00Z,,,A&M Records
http://www.wikidata.org/entity/Q4271,Mark Hoppus,male,Ridgecrest,,,,alternative rock,,,1988-01-01T00:00:00Z,MarkHoppus,,BMG Rights Management
http://www.wikidata.org/entity/Q4473,Jennette McCurdy,female,Long Beach,,,,pop music,,,2000-01-01T00:00:00Z,jennettemccurdy,,Capitol Records
http://www.wikidata.org/entity/Q5950,James Brown,male,Barnwell,,,,soul music,African Americans,,1954-01-01T00:00:00Z,,James-brown,Federal
http://www.wikidata.org/entity/Q2274,Chet Baker,male,Yale,,,,jazz,,,1949-01-01T00:00:00Z,,Chet-baker,Columbia Records
http://www.wikidata.org/entity/Q4350,Melissa Fahn,female,New York City,,,Joel Alpers,,,,,melissafahn,,
http://www.wikidata.org/entity/Q5969,Eddie Cochran,male,Albert Lea,,,Sharon Sheeley,country music,,,1952-01-01T00:00:00Z,,Eddie-cochran,Liberty
http://www.wikidata.org/entity/Q4039,Art Garfunkel,male,Forest Hills,,,,rock music,,,1956-01-01T00:00:00Z,,,Columbia Records
http://www.wikidata.org/entity/Q8876,David Cicero,male,Greenport,,,,synth-pop,,,1988-01-01T00:00:00Z,,David-cicero,Spaghetti Records
http://www.wikidata.org/entity/Q11885,Axl Rose,male,Lafayette,,,Erin Everly,heavy metal,,,1995-01-01T00:00:00Z,axlrose,,Uzi Suicide
http://www.wikidata.org/entity/Q12003,Cher,female,El Centro,,Georgia Holt,Richie Sambora,dance music,Irish people,,1963-01-01T00:00:00Z,cher,Cher,Imperial
http://www.wikidata.org/entity/Q392,Bob Dylan,male,Duluth,,,Joan Baez,country rock,,,1962-01-01T00:00:00Z,bobdylan,Bob-dylan,Asylum Records
http://www.wikidata.org/entity/Q11907,Mark Oliver Everett,male,Virginia,Hugh Everett III,,,rock music,,atheism,1985-01-01T00:00:00Z,,,DreamWorks Records
http://www.wikidata.org/entity/Q2709,Sasha Grey,female,North Highlands,,,,,White people,atheism,,sashagrey,,
http://www.wikidata.org/entity/Q4617,Corbin Bleu,male,Brooklyn,David Reivers,,Sasha Clements,pop music,African Americans,,1996-01-01T00:00:00Z,corbinbleu,Corbin-bleu,Walt Disney Records
http://www.wikidata.org/entity/Q36301,Anne Hathaway,female,New York City,,,Adam Shulman,,,,1999-01-01T00:00:00Z,,Anne-hathaway,
http://www.wikidata.org/entity/Q54858,Savannah Outen,female,Hillsboro,,,,pop music,,,2007-01-01T00:00:00Z,therealsavannah,Savannah-outen,
http://www.wikidata.org/entity/Q46080,Victoria Jackson,female,Miami,,,,,,,1982-01-01T00:00:00Z,VictoriaJackson,,
http://www.wikidata.org/entity/Q120533,LeAnn Rimes,female,Jackson,,,Eddie Cibrian,pop music,,,1991-01-01T00:00:00Z,leannrimes,,Curb Records
http://www.wikidata.org/entity/Q44707,Fred Durst,male,Jacksonville,,,,rap metal,,,1993-01-01T00:00:00Z,FredDurst,,Shrapnel Records
http://www.wikidata.org/entity/Q15079,Louis C.K.,male,Tecámac Municipality,,,Alix Bailey,,,,,louisck,,
http://www.wikidata.org/entity/Q49847,Ray William Johnson,male,Oklahoma City,,,,,,,2007-01-01T00:00:00Z,RayWJ,Ray-william-johnson,
http://www.wikidata.org/entity/Q45001,Blind Lemon Jefferson,male,Coutchman,,,,blues,African Americans,,1900-01-01T00:00:00Z,,Blind-lemon-jefferson,Paramount
http://www.wikidata.org/entity/Q19201,Mike Shinoda,male,Panorama City,,,,alternative rock,German Americans,,1994-01-01T00:00:00Z,m_shinoda,Mike-shinoda,Machine Shop Records
http://www.wikidata.org/entity/Q24632,John Barrowman,male,"Mount Vernon\, Glasgow",,,Scott Gill,musical,Scottish American,,1985-01-01T00:00:00Z,,,
http://www.wikidata.org/entity/Q49319,Aloe Blacc,male,Newport Beach,,,,soul music,,,1995-01-01T00:00:00Z,aloeblacc,Aloe-blacc,Stones Throw Records
http://www.wikidata.org/entity/Q26539,Lisa Zane,female,Chicago,,,,,,,1984-01-01T00:00:00Z,,,
http://www.wikidata.org/entity/Q42180,Israel Kamakawiwoʻole,male,Honolulu,,,,contemporary folk music,,,1976-01-01T00:00:00Z,,,Mountain Apple Company
http://www.wikidata.org/entity/Q34389,Whitney Houston,female,Newark,,Cissy Houston,Bobby Brown,rhythm and blues,African Americans,Baptists,1977-01-01T00:00:00Z,,Whitney-houston,Arista
http://www.wikidata.org/entity/Q49735,Johnny Nash,male,Houston,,,,reggae,African Americans,,1956-01-01T00:00:00Z,,,Epic
http://www.wikidata.org/entity/Q117139,Wiz Khalifa,male,Minot,,,Amber Rose,pop music,African Americans,Catholicism,2005-01-01T00:00:00Z,wizkhalifa,,Warner Bros. Records
http://www.wikidata.org/entity/Q41594,Christina Aguilera,female,Staten Island,Fausto Xavier Aguilera,,Jordan Bratman,contemporary R&B,,,1991-01-01T00:00:00Z,xtina,Christina-aguilera,RCA Records
http://www.wikidata.org/entity/Q40422,Keak da Sneak,male,Oakland,,,,hyphy,,,1992-01-01T00:00:00Z,KeakDaSneak,,Entertainment One Music
http://www.wikidata.org/entity/Q30896,Lalaine Vergara-Paras,female,Burbank,,,,pop music,,,1999-01-01T00:00:00Z,,,Reprise Records
http://www.wikidata.org/entity/Q47899,Paris Hilton,female,New York City,Richard Hilton,Kathy Hilton,Jason Shaw,pop music,,,1997-01-01T00:00:00Z,ParisHilton,Paris-hilton,Warner Bros. Records
http://www.wikidata.org/entity/Q20178,Joe Pesci,male,Newark,,,,drama,,,1961-01-01T00:00:00Z,,Joe-pesci,
http://www.wikidata.org/entity/Q14538,Sharon Van Etten,female,Belleville,,,,pop music,,,2007-01-01T00:00:00Z,sharonvanetten,Sharon-van-etten,Jagjaguwar
http://www.wikidata.org/entity/Q39574,Candice King,female,Houston,,,Joe King,pop music,,,2006-01-01T00:00:00Z,CandiceAccola,,
http://www.wikidata.org/entity/Q49575,Dizzy Gillespie,male,Cheraw,,,,jazz,African Americans,Bahá'í Faith,1935-01-01T00:00:00Z,,Dizzy-gillespie,Savoy Records
http://www.wikidata.org/entity/Q44855,Jackie Jackson,male,Gary,Joe Jackson,Katherine Jackson,Paula Abdul,rhythm and blues,African Americans,,1962-01-01T00:00:00Z,,,Epic
http://www.wikidata.org/entity/Q26625,Marc Anthony,male,New York City,,,Jennifer Lopez,Latin American music,,,1988-01-01T00:00:00Z,MarcAnthony,,RMM Records & Video
http://www.wikidata.org/entity/Q24064,Amanda Somerville,female,Flushing,,,,pop music,,,1997-01-01T00:00:00Z,amsomerville,,
http://www.wikidata.org/entity/Q44414,Trey Parker,male,Conifer,,,,,,,1989-01-01T00:00:00Z,,,
http://www.wikidata.org/entity/Q38875,Mos Def,male,Brooklyn,,,,hip hop music,,Islam,1994-01-01T00:00:00Z,MosDefOfficial,,Downtown Records
http://www.wikidata.org/entity/Q44721,Wes Borland,male,Richmond,,,,nu metal,,,1994-01-01T00:00:00Z,wesborland,,independent record label
http://www.wikidata.org/entity/Q37150,Lana Del Rey,female,New York City,,,,baroque pop,,,2005-01-01T00:00:00Z,LanaDelRey,Lana-del-rey,Interscope Records
http://www.wikidata.org/entity/Q26695,Lionel Richie,male,Tuskegee,,,Brenda Harvey-Richie,soul music,,,1968-01-01T00:00:00Z,lionelrichie,,Motown
http://www.wikidata.org/entity/Q38150,David McWane,male,Beverly,,,,ska,,,1995-01-01T00:00:00Z,,,
http://www.wikidata.org/entity/Q26058,James Maslow,male,New York City,,,,pop music,,,2008-01-01T00:00:00Z,jamesmaslow,,Nick Records
http://www.wikidata.org/entity/Q45362,Bijou Phillips,female,Greenwich,John Phillips,Geneviève Waïte,Danny Masterson,pop music,,Scientology,1994-01-01T00:00:00Z,,Bijou-phillips,
http://www.wikidata.org/entity/Q35912,Emmy Rossum,female,New York City,,,Sam Esmail,pop music,,,1993-01-01T00:00:00Z,emmyrossum,,Warner Bros. Records
http://www.wikidata.org/entity/Q39224,Hoodie Allen,male,Plainview,,,,hip hop music,,,,HoodieAllen,,
http://www.wikidata.org/entity/Q44833,JJ Cale,male,Oklahoma City,,,Christine Lakeland,folk music,,,1958-01-01T00:00:00Z,,,Shelter Records
http://www.wikidata.org/entity/Q55497,Jamie Lynn Spears,female,McComb,,Lynne Spears,,country pop,,Christianity,2002-01-01T00:00:00Z,jamielynnspears,,
http://www.wikidata.org/entity/Q36290,Diana Ross,female,Detroit,,,Berry Gordy,jazz,African Americans,,1959-01-01T00:00:00Z,iamdianaross,,RCA
http://www.wikidata.org/entity/Q44570,John Lee Hooker,male,Clarksdale,,,,blues,African Americans,,1942-01-01T00:00:00Z,,,Charly Records
http://www.wikidata.org/entity/Q46677,Melissa Benoist,female,Littleton,,,Chris Wood,pop music,,,2008-01-01T00:00:00Z,MelissaBenoist,Melissa-benoist,
http://www.wikidata.org/entity/Q41342,Mary Tyler Moore,female,Brooklyn,,,Grant Tinker,,,Catholicism,1958-01-01T00:00:00Z,,,
http://www.wikidata.org/entity/Q18804,Rebecca Black,female,Irvine,,,,pop music,,,2010-01-01T00:00:00Z,MsRebeccaBlack,Rebecca-black,ARK Music Factory
http://www.wikidata.org/entity/Q44903,Lindsay Lohan,female,The Bronx,Michael Lohan,Dina Lohan,,dance music,,,1989-01-01T00:00:00Z,lindsaylohan,Lindsay-lohan,Casablanca Records
http://www.wikidata.org/entity/Q50608,Trent Lott,male,Grenada,,,,,,Southern Baptist Convention,,,,
