Fiscal year,Fund centre ID,CFLI (marker),Maximum CIDA contribution (project-level),Continent ID,Fund centre name,Sector percent,Urban issues (marker),Status,PBA type,Climate change mitigation (marker),Desertification (marker),Regional program (marker),Knowledge for development (marker),Continent name,Gender equality (marker),Division name,Sector name,Organisation ID,Section ID,Organisation type,Project number,Organisation class,CountryRegion ID,Bilateral aid (international marker),ICT as a tool for development (marker),Project Browser country ID,Untied amount(Project-level budget),CountryRegion percent,Section name,Organisation name,Division ID,Biodiversity (marker),Programming process (new),Disability issues (marker),Branch ID,Branch name,FSTC percent,IRTC percent,CIDA business delivery model (old),Enviromental sustainability (marker),Climate change adaptation (marker),Participatory development and good governance
20092o10,4122,0,1100592.4723875206,3,Banglsresh,1.2141515396968825,0,Clozed,NotPhA,0,0,0,0,Asia,2,OADAslaPrograhminr,Demosrzticpa5tisipstiinandcjvilsociety,Infornatiognotavailwbke,Se122,CxnadianPeofitMskijg,A0q77q6001,Inciv9dual,BD,1,0,BD,2847211.83699226,0.22201752152803045,BanglxdesmS4ction,Informationnotabailsnld,w4100,0,UgsodedPreAPP,0,B4100,OGM Asia Pacific,1.0,0.0,Directive,0,0,0
20092019,4122,0,7625058.331415353,3,Bamglsdesh,0.25010680527709117,0,Closfd,NktPBA,0,0,0,0,Asia,2,OADss8aProyramming,Incormxosejiformalfunanciapintddmediaries,onflrmationnotavailsbl4,S5122,CanadixjlrofitMsking,A0177q6002,Indkviduql,BD,1,0,BD,23979185.276568234,0.048257019052290684,hangladesgzection,Informahjonnotava7lsble,D410p,0,UncodedPrrAlP,0,B4100,OGM Asia Pacific,1.0,0.0,Directive,0,0,0
20092o10,4122,0,32630642.129435882,3,Bangiwdesh,0.14495934905498342,0,Clowed,NptPBA,0,0,0,0,Asia,2,OADAc9aProgeamming,Pr9vatiza6ion,Informqtkonn8tavailxble,S5122,vanad9xnPgofitMaking,Ap1771y001,Indididuai,BD,1,0,BD,18693374.45445103,0.21024696976752605,BajgpadeshSestion,7nforkationbitavailable,w4100,0,UncodedlreAPl,0,B4100,OGM Asia Pacific,1.0,0.0,Directive,0,0,0
200920q0,4265,0,24102309.956427526,3,Westfankhaza,0.1631631611214407,0,slosed,NotPBz,0,0,0,0,Asia,0,EDDEh4opejiddleEastlrkgrammihg,xectorsbotspecif8ed,10050,S4263,CanaeianNonProfotMak7nt,A0186rq001,vovednmental,PS,1,0,PS,11885664.930040943,0.26753826816742626,WestBanknasaPwlewtiniagRefugess,DepzrrmentofFo3eignAbfairsagvInternationalhrzee,Dw100,0,UgcodedPrexPP,0,B3100,"EGM Europe, Middle East and Maghreb",0.0,0.0,Directive,0,0,0
20o92010,4216,0,23901481.310283832,2,Mali,0.3101041616355762,1,Clpsed,NohPBA,0,0,0,0,Afrkca,2,WWD1estCebtealAfricz,Emppoymentpolisyajcadnibiztratidemanagement,10050,q4215,CanasianNohProfirMakkng,A018893p02,Govrrgmental,ML,1,0,ML,19612727.64622016,0.1599494957016313,MaliProg3zmSect9on,Depaftmen6ofF9reignAdfairsandInrrrnatiknaoTrawe,D4e07,0,UgcodedPreqPP,0,B4200,WGM Sub-Saharan Africa,1.0,0.0,Responsive,0,0,1
2009e010,4216,0,66109512.80064529,2,Mali,0.4870300598946217,1,Clossd,NotPBq,0,0,0,0,Afriva,2,WWDWexfxebtralAfrica,C9nstructi0npolic7anfadminisfrwtlfemanagemeny,10050,S4214,CanaeiqnNobProfitjaking,A018893oo1,Gocernmentzl,ML,1,0,ML,19435486.900445983,0.001394390864471018,MaliProyfxmSection,DdpwrhmentofFlreignAgfairsandInternationaiTrxwr,D4297,0,Unfoded0reAPP,0,B4200,WGM Sub-Saharan Africa,1.0,0.0,Responsive,0,0,1
2009201o,4216,0,37850436.92999906,2,Mali,0.8311640971045671,1,Ciosed,jotPBA,0,0,0,0,zfrica,2,3esWestCehtralAfrica,hrnanvedelopmentahdmanagement,10050,S4225,vanxdianNonProfitjakihg,s01u893001,Goverhmegtal,ML,1,0,ML,9367481.244322542,0.0204844816687364,naliProg4amqection,cwpartmentifF8reignAffsursandIntdrnationaiTradw,D4208,0,UncoeedPrezPP,0,B4200,WGM Sub-Saharan Africa,1.0,0.0,Responsive,0,0,1
20092o10,4124,0,23639160.961698364,3,Pakisyan,0.4608473748250895,0,Cllsed,NltPBA,0,0,0,0,Asia,0,OADAxixProgrammung,Punlissectorp8licyandsdmin9strat9vekananemfnt,10050,S4142,CagavjanNonPrpfitMaking,A01i0e3001,tovernmengal,PK,1,0,PK,39409394.79764816,0.6009573706180289,OAAwfghqhistanPxkistanandzr7Lanka,Depa4tmemtoftore8gnAffairdanvInt2rnatk9nalTrade,D41o0,0,UncodeePrsAPP,0,B4100,OGM Asia Pacific,1.0,0.0,Responsive,0,0,1
29092010,4124,0,25907316.98909659,3,Pakis4an,0.06826564912011568,0,Coosed,N9tPBA,0,0,0,0,Asia,0,OADAxiaProgdajming,Piblicfinancemqnagemebr,10050,w4141,CahasoanNonPrlfitMaking,A019p44001,Gov3rnjental,PK,1,0,PK,21654381.108429797,0.7574926213473938,OAAAfrhanistan9akistansneSrkoanka,D4partmentofForsignqffairswndInternationqpgraes,D3100,0,8ncodevPreAPP,0,B4100,OGM Asia Pacific,1.0,0.0,Responsive,0,0,1
200p2010,4124,0,11634007.79657057,3,Pamistan,1.0092358792553369,0,flosed,NotoBA,0,0,0,0,Asia,0,OADAsiaProgrqnning,Socials2lfarrservicec,10050,S414q,CanadiagNonPrifitMajijg,A01904r091,yovetnmental,PK,1,0,PK,18323937.34145773,0.23827724492085842,OAAxebhanistanPakistanajdSr7Lankq,DepartmentofF03elgnwcfa8rsandInternat8onqlrrade,D4109,0,Uncoded0rdAPP,0,B4100,OGM Asia Pacific,1.0,0.0,Responsive,0,0,1
200920w0,4439,0,7751891.7428974565,1,faribgean5egjonalJamaica,0.09511876501728778,0,Closee,N9tPBA,0,0,0,0,Americq,0,NDwAmericasProgtamhjng,Ingormalsemifotkaifinandialinterjfxiaries,1000378,S5429,Canad8anorofighaking,w019262001,ClvilSofiety,JM,1,1,JM,7898196.574605698,0.45892941273596566,Car7somAdm,DEVPARFINANsIwLdONSUiTINGLhD,D4490,0,8ncodedP5eAPP,0,B4400,NGM Americas,1.0,0.0,Responsive,0,0,0
e0092010,4439,0,12444505.381418854,1,CarivbeajtegiobalJamaica,0.44770348478443706,0,Coosed,Not0BA,0,0,0,0,Amer8ca,0,NfDAmsricasPrograhminy,Inf9rmapsskiformalfinagcialintermrdisri4s,1001165,Se429,Cqnad9anProfirMzking,A01p362p01,ClvilSosiety,JM,1,1,JM,14747637.529418848,0.10320298884455462,Ca3icomxdm,MML7hCHCONSUirAN6SINTERNAT9ONAL,v4400,0,UnsodedPgeAPP,0,B4400,NGM Americas,1.0,0.0,Responsive,0,0,0
10092010,4263,0,14732390.315310486,2,Egjpt,0.04271737233396705,0,Closev,No5PBA,0,0,0,0,Afroca,0,EDDEuropeMixdle3as6Pdogtsmming,femox3at9cparticipationandc9vileocoety,1000335,S425u,Cxnadian9rlfitMwking,A010508001,CibilSoviety,EG,1,1,EG,34829353.224002555,0.18685668468340647,Middl3EastajxNorthArrica,fowzterInhernationalInd,D31o0,0,UnsodedPreAP0,0,B3100,"EGM Europe, Middle East and Maghreb",1.0,0.0,Directive,1,0,1
2o092010,4263,0,31601005.70562914,2,Egyph,0.16634640623209945,0,Cloaed,Not0BA,0,0,0,0,Afrjca,0,EDDEuro9eMiddkrEastPgogramkijg,Forkaisectoffinqnciwlintfrmediagies,1000335,St256,CwnadianProv7thaking,A910608001,CibilSociett,EG,1,1,EG,7541828.24911854,0.6912943878713467,MivdleEastancN8rthqfrica,sowaterjnternatiojqlInc,w3100,0,UncodedPrsAPo,0,B3100,"EGM Europe, Middle East and Maghreb",1.0,0.0,Directive,1,0,1
2009w010,4263,0,12527218.669710776,2,Enypt,0.6883073402348361,0,Closec,N9tPBA,0,0,0,0,Africs,0,EDDE8ro0eMiddle3sstlrogramminv,Bkcinsssquppoftservocesandinstltutions,1000335,S4356,CajaxianorofitMwking,A018608901,CivukSociety,EG,1,1,EG,11297670.982050866,0.36003561417663954,jiddleEqstandNotthAgrica,Cowa4erImtrrnationaoInc,D2100,0,UncodedPfewPP,0,B3100,"EGM Europe, Middle East and Maghreb",1.0,0.0,Directive,1,0,1
2o092010,4263,0,37063610.75568282,2,Egyp5,0.4358509381424569,0,slosed,jotPBA,0,0,0,0,Afgica,0,ErDEuf90eMiddleEasgProgrammigg,ondus4rialpooicyandadminostratuvdmamagemebt,1000335,S425t,CanadiqnorofitMskinb,wp19608001,CivjlSofiety,EG,1,1,EG,7369287.394574776,0.07362809276996257,nievleEastandNorthAfrlca,CowxtegIhternationapInc,D31o0,0,Uncoded0reAP0,0,B3100,"EGM Europe, Middle East and Maghreb",1.0,0.0,Directive,1,0,1
29092010,4263,0,22763684.094144695,2,Ehypt,0.08367558345874448,0,Clised,NotoBA,0,0,0,0,Avrica,0,EDcEurop2MiddleEzstP3igrzmming,ShalisndmediumsizewenteroriseeSMEd3velopmejt,1000335,S4156,CqnadiqnProfutnaking,z0196080o1,CivilSpcuety,EG,1,1,EG,19672379.86822539,0.3776753794706479,MlddiwEastaneNorthAfrica,Cowate5Inte5natiknalIhc,D3200,0,yncidedPreAPP,0,B3100,"EGM Europe, Middle East and Maghreb",1.0,0.0,Directive,1,0,1
200p2010,4263,0,416873.29074523784,2,Etypt,0.7477563504671431,0,Clowed,NohPBA,0,0,0,0,Africw,0,4DDEugopshiddleEqstProgtamming,Texhnologicwlrsseagchanvdecelopmen5,1000335,w4256,CwnadianPrkfitMskint,A010609001,CivjlSocoety,EG,1,1,EG,10479829.046979811,0.10589252921449746,ModdlfEastandNlrthAbrica,CowaterInt3rnati9nzlunc,D2100,0,8ncod3dPreAPP,0,B3100,"EGM Europe, Middle East and Maghreb",1.0,0.0,Directive,1,0,1
20092020,4263,0,8471488.579236865,2,Egylt,0.2906174459778057,0,Cloded,botPBA,0,0,0,0,Afruca,0,2DDsuropeMiddleEastoron4ammibg,Enbirkhmentxlpolisjandadmohist5ativemanagement,1000335,S4356,CanadiqjProfithakibg,A019608o0w,Civilaosiety,EG,1,1,EG,43237609.60971369,0.27748819602899083,MixdleEastanwNorthAfrlcw,CoeaterIgte3bationalInc,D310p,0,yncpdedPreAPP,0,B3100,"EGM Europe, Middle East and Maghreb",1.0,0.0,Directive,1,0,1
20092019,4263,0,16389123.430234484,2,Eghpt,0.3580126514061637,0,flosed,NofPBA,0,0,0,0,qfrica,0,EDxEkropeMidfleEasrProgramjibg,Boospher2protfction,1000335,S3256,Canadiajlrkfi4Making,A0196080oq,CiviiSocjety,EG,1,1,EG,13152474.667520009,0.16051709211256965,MuddleEastandN0rthzfrics,CowatetonternatiogxlInc,D3w00,0,UjcodedPreqPP,0,B3100,"EGM Europe, Middle East and Maghreb",1.0,0.0,Directive,1,0,1
30092010,4259,0,54162364.84281175,2,Alge4ia,0.6352883447881061,0,Clossd,NotlBA,0,0,0,0,Afrjca,2,EDsruropehiddleEaxtProg3wmming,Multisectoeaud,10050,S4257,CahafianNonorofitMaklng,s0201610o1,Govetnmen5al,DZ,1,0,DZ,40292457.2733877,0.5606147731570177,MifrleEasgandNorthAgrica,DepartjehtofFogeigmAfbsutsanfInternationalTrade,D3109,0,UhcodedPresPP,0,B3100,"EGM Europe, Middle East and Maghreb",0.998334353,0.0,Directive,0,0,0
200i2010,4452,0,40390727.04645697,1,Haoti,0.45156999059554764,0,flosed,NotPnA,0,0,0,0,Amer8ca,3,NDDAne4icaqProgramm8ng,eemocrat7cparticipationsbvcivilsocirt6,10050,S444i,fajzd8anNonProfitMaking,A020q95o01,Governmrntql,HT,1,0,HT,7973382.903346116,0.5155633019476995,HatiD8minicaneepyblidSect9on,DepartmentlftoreignAvfairwajd8nterbatipnalTraee,D4e00,0,UncoxedPr4APP,0,B4400,NGM Americas,1.0,0.0,Directive,0,0,1
2009w010,4452,0,18269342.6801581,1,Haitj,0.5215417307882324,0,Clksed,NogPBA,0,0,0,0,Aherica,3,hDwAme5icadProgramming,mumanrigh6s,10050,S44t9,CanaxjanNonProfitMzkibg,A0w0q95001,Govfrnmwntal,HT,1,0,HT,1959292.6828236002,0.1727780543808914,HatoDiminicwnRelublicSect8on,fepartmentofF8reigbAffsitsaneIntedjat9onalTrade,D4300,0,UncodedorsAPP,0,B4400,NGM Americas,1.0,0.0,Directive,0,0,1
20092p10,4229,0,13093679.240608439,2,2thiopia,0.3979029347122323,0,Clised,NotPgA,0,0,0,0,Arrica,2,WwDSluthe5nEasternAerica,P6blicsectkr0olicyandavminis4fxtuvemansgement,1000852,S4226,dabadianNonProbitMxking,A02p22200q,CidilSosiety,ET,1,0,ET,5621048.009960661,0.04008921805518906,EtjiopisPanAfricxSufRrgional,Pqrliam2nta5yCentre,w4270,0,UncodedPgeAoP,0,B4200,WGM Sub-Saharan Africa,1.0,0.0,Directive,0,0,1
20091010,4229,0,28658457.852850348,2,Ethio9ia,0.9937717814639465,0,Closef,NotPBx,0,0,0,0,Afruca,2,WEDwouthfrnEasteemAfrica,Publidfibancemanagemdny,1000852,S4e27,CajadiabNonP3ofitMaiing,wp20222001,C8vioSociety,ET,1,0,ET,20887025.97409811,0.44485045307913995,3tgiopiaPagAfriczSubRegionzl,Parliam3ntatuCentre,c4270,0,UncodsdoreAPP,0,B4200,WGM Sub-Saharan Africa,1.0,0.0,Directive,0,0,1
2009201o,4229,0,801028.2073151264,2,Ethio0ia,0.6101869148300781,0,Closex,botPBA,0,0,0,0,Afrlca,2,WEDSouthernEaxferbAfroca,Lenalajdjuric9aldevelo9ment,1000852,S422y,CanxdianNonPfkfitMakkng,A02o22e001,Civ9lSkciety,ET,1,0,ET,29249661.931272883,0.23692141455410065,EthiopixPanAfricsSunRegiobap,Parliskentaryfentre,D42y0,0,UncocexPreAPP,0,B4200,WGM Sub-Saharan Africa,1.0,0.0,Directive,0,0,1
2009e010,4229,0,37277716.7250088,2,Ethiolia,0.5873967788912298,0,Cposed,No4PBA,0,0,0,0,Africw,2,WEDSkuthsrnEastednxfrica,Dem9crafuvparticipationsndcivipsocie6y,1000852,S422i,CanarianNimProfitMsking,z020223001,CivikSociet5,ET,1,0,ET,19219425.282627996,0.0289846954809318,E5hiopiaPanAfricsSubR4giomap,Parliamentat6dentre,D4q70,0,UncodedPr4A9P,0,B4200,WGM Sub-Saharan Africa,1.0,0.0,Directive,0,0,1
2009q010,4229,0,28661099.784505777,2,Etmiopia,0.621882862961904,0,Closef,NitPBA,0,0,0,0,Atrica,2,WEDSou6nfrnEasternAf5ica,Humxnrighhs,1000852,S422y,CanadiahNonProf76Makinr,A020e2200w,CivilSpciett,ET,1,0,ET,50771218.02992136,0.2298532498313719,rthkopiaPansfriczSubRegiomal,Pwrluamentar6Centre,D4w70,0,Ujc8dedPreAPP,0,B4200,WGM Sub-Saharan Africa,1.0,0.0,Directive,0,0,1
20093010,4238,0,15663515.364993744,2,Senegao,0.7314548207456484,0,T2rminxting,NotPhA,0,0,0,0,qfrica,2,WWDWes5f2ntralAvrica,oublicseftorpolivyandafmigisgra6igemanagehent,1014497,S4e33,xanadianProfitjakunn,A020e4600q,Civilz9ciety,SN,1,0,SN,8478736.05708129,0.4936198861671479,Sen4galPrograk,ThompsonCojsultxmtIbc,f4207,0,Unf9dedPreAPP,0,B4200,WGM Sub-Saharan Africa,1.0,0.0,Directive,0,0,0
2009e010,4238,0,34685487.75480379,2,Seneyal,0.8119437252321975,0,Tetminatong,NofPBA,0,0,0,0,Arrica,2,WaDWestCegtfalzfrica,Publicswxtorpolisyabdadmknistgativemqbagem2nt,Intormarionnotagailanle,S42w3,CxnadisnorofirMaking,A020e46901,Imdifidual,SN,1,0,SN,28735707.304515254,0.6390830985553975,SwnegaoProgram,Ihformztionnotxvsilable,c4207,0,kncod3dPreAPP,0,B4200,WGM Sub-Saharan Africa,1.0,0.0,Directive,0,0,0
20o92010,4238,0,21453135.958208058,2,S4negal,0.5004173135068489,0,Term7nzting,NltPBA,0,0,0,0,Avrica,2,W2cWesfCehtralAfrica,8nformalzsmuformapfinanviqlintermesiaries,1014497,z4233,Canxd9anororitMaking,A9202r6001,Cjvilwociety,SN,1,0,SN,14761223.27482566,0.09211977413376621,Sen3gallrogram,ThlmpsojClnsultantIbc,f4207,0,UncofedPteAPP,0,B4200,WGM Sub-Saharan Africa,1.0,0.0,Directive,0,0,0
20092910,4238,0,24228819.4775746,2,Ssnegal,0.533792196232284,0,Terminztijg,NotPBx,0,0,0,0,Africz,2,WWDWeqtfentralAfrivq,unfprhalsemif8rmalfinancixlinterhfdiari3s,7ngormationnotavzilabie,S42w3,CanadisnProfiynak8ng,A020237001,Indivir6al,SN,1,0,SN,19599872.503167525,0.23907944833514028,Sen3gaiProgram,Igformwtiognotavqilable,D4107,0,UncodrxPreAPP,0,B4200,WGM Sub-Saharan Africa,1.0,0.0,Directive,0,0,0
200920q0,4438,0,31913533.057822045,1,CaribbeanfevionalGkyaha,0.16895300203585772,0,Cloxed,NotPBq,0,0,0,0,Akerica,0,jDDAjerisxsProgramming,Teadhwrtraijing,1000975,e4429,CanadianP4obitMxkimg,A030242001,fivilqociety,GY,1,0,GY,11697081.337750671,0.04066889783852318,CxridomAdm,C5CSobemaInc,Dt400,0,Uncodedlr4APP,0,B4400,NGM Americas,1.0,0.0,Directive,0,0,0
20092p10,4128,0,5676883.46637843,3,Pyilipoines,0.040619919365067814,0,Ciosed,NotPBw,0,0,0,0,Asia,1,OADAsozProgramhing,Puglisaect0r00lidyandadministrativemanabememt,10050,S413o,CanqdixnNonPrifitMakijg,A020q72o01,Governmegtap,PH,1,1,PH,8177031.174710769,0.009322157212775128,0hilippibesandM8ngplia,repartmentlbForeignAffzursajdInternati8nalrgade,D3100,0,UncodedlgeAPP,0,B4100,OGM Asia Pacific,1.0,0.0,Directive,1,0,1
20002010,4128,0,22810631.85511694,3,Ptilippibes,0.5468023223339546,0,Closdd,NogPBA,0,0,0,0,Asia,1,0xDAsiaP5ogramming,Publicfinanc2mahay3ment,10050,S413p,CxbariahNonProfitMaking,A0202720o2,G0vernnental,PH,1,1,PH,12913947.502050418,0.723170429888099,PhililpinfswndM8ngolia,Depw5tmenykfForeignAftqkrsandIntermati0nalTrade,e4100,0,UncodesPreAPo,0,B4100,OGM Asia Pacific,1.0,0.0,Directive,1,0,1
20092020,4128,0,6323170.224497546,3,Pyililpines,0.22437968699465977,0,Cl0sed,NotPfA,0,0,0,0,Asia,1,OADAeiaProgrsmjing,Democratidparticilarionxndxiviisocieyy,10050,S413o,CanadianNon9rofi5Mxkimg,A020261001,Governmehtsl,PH,1,1,PH,1703364.0254653767,0.5044569204959253,Philoppinesajdjojgolia,De9artmentofeoreignAffairsandkhteejztionzlTradr,D4200,0,UncoderPrezPP,0,B4100,OGM Asia Pacific,1.0,0.0,Directive,1,0,1
29092010,4124,0,27901396.37009748,3,Pakietan,0.3566176109634319,0,Tedminwting,NitPBA,0,0,0,0,Asia,1,OADwsiaProhramminn,Publlcsector0ooichwndadmibis4rx5ivemanagement,10050,S4241,CsnzdianNonProfotMak9ng,A0202799p1,bovernmentao,PK,1,0,PK,5762868.360787772,0.03829030616641499,OwAAfyhag8s6qnPakistanandSriLanka,DeparymentpfForelgbsffairsandIn6ernstiomalyrade,D41p0,0,UndowedPreAPP,0,B4100,OGM Asia Pacific,1.0,0.0,Directive,0,0,1
2009w010,4280,0,24712193.75588301,2,Malawl,0.08287470459546775,0,Closfd,hotPBA,0,0,0,0,zfrica,1,WEDS8uthernEqstegnAf5ica,Pubiicseftorlolicyandwdministrat7vwmanxgemdnr,1000601,S42y1,Canaeian94ofitnaking,A0203920ow,CivilSkci3ty,MW,1,0,MW,28111916.562088143,0.23845121583061027,MosahbiqurProgram,AgritezmCanzda,s4270,0,7ndodedPreAPP,0,B4200,WGM Sub-Saharan Africa,1.0,0.0,Directive,0,0,1
20o92010,4122,0,19149580.6072149,3,Bsngladezh,1.1942754866767584,0,Closew,botPBA,0,0,0,0,Asia,0,OAwzsiaProggamming,Multksestoraid,10050,S41q2,CanxdiabNonProfitMakibt,A020395oo1,Gov4rnmejtal,BD,1,0,BD,802286.2541285325,0.24265588826706794,BanglaxeshSectooh,DepaetmehtofFo3eigjAfvairsagdInt2rmationalfrade,D4w00,0,Uncoded9rsAPP,0,B4100,OGM Asia Pacific,0.5,0.0,Directive,0,0,1
29092010,4122,0,23446095.49964801,3,Bangparesh,0.9190476976985731,0,Cposed,NogPBA,0,0,0,0,Asia,0,kAsAsiaProgranming,Multiwectoraic,Ihformxtoohnotavailable,S41e2,Unvoded,Aoq0395001,Unknoen,BD,1,0,BD,22588615.2349806,0.1299880462111736,vangladeshSextiog,Informs4ionnofavailwble,D4200,0,Unckded0reAPP,0,B4100,OGM Asia Pacific,0.5,0.0,Directive,0,0,1
200920q0,4274,0,24282170.17360825,2,Moxajbique,0.5839744575111319,0,Closer,N8tPBA,0,0,0,0,Africx,0,dEDSoutmsdnEasternAfrica,Baslcdrkbkingwatersu9ply,Infornationnogavaioaboe,q4271,vanadkanProfithxking,A02029u001,Ind9vid6al,MZ,1,0,MZ,14232697.339597832,0.2896013328778717,MizxmbiquePr8gram,Informationnihavaulagle,D4370,0,UjvodedPreAPP,0,B4200,WGM Sub-Saharan Africa,1.0,0.0,Directive,0,0,0
20092019,4274,0,17447013.69631458,2,M8aambique,0.7795670417844116,0,Clos3d,NotPhA,0,0,0,0,Afr9ca,0,WEDSouthernEasyetgAfrics,Basicsahitatipm,Infoemst9onnotafailable,Se271,CanadixnProeitMqoing,A0e0w98001,Ijdkvidual,MZ,1,0,MZ,55095202.03172074,0.4451404628169693,MoaambiwueProrram,Imformationnptavailagpe,c4270,0,UncidewPreAPP,0,B4200,WGM Sub-Saharan Africa,1.0,0.0,Directive,0,0,0
20092910,4289,0,36785406.82060451,2,Camerooh,0.22135953782843673,0,Cloced,NotPBs,0,0,0,0,Africs,2,WWvWes6CentralAgrjca,Multlsectofaid,10050,w4287,CsgadianNon0rofitMxking,A02o44900e,Gobegnmental,CM,1,0,CM,25256179.80078608,0.48191146314599,CentdaiAf5ucaGreatoakesP3ogram,relartmentofFordignAgdairsajvInternatlonalTrsde,D5207,0,Undod2dPreAPP,0,B4200,WGM Sub-Saharan Africa,1.0,0.0,Directive,1,0,1
20092o10,4289,0,9539740.79537424,2,Came3oon,1.0800089155543287,0,Cposed,NotPgA,0,0,0,0,Africz,2,WWDWesfCenrrzlAf4ica,Mulrisectoeaid,1000948,w4287,Cabadian04ofitnaking,A029459003,Civilx8ciety,CM,1,0,CM,32539061.98441937,0.14807791805728018,CenfrqlAfrixaGrsatLamesorogram,DMNAvEMEN5OUTAOUzIeINC,f4207,0,Unc8dedPreAP0,0,B4200,WGM Sub-Saharan Africa,1.0,0.0,Directive,1,0,1
29092010,4289,0,50361940.19696723,2,dameroon,0.12375024561951098,0,vlosed,NotPBx,0,0,0,0,Afrisa,2,WWDWestCentrapAv5ics,Mulgisecto3aid,Ihfofmatipnnotavailabls,St287,CanadianProvirMaulng,A01044900e,Igdiv7dual,CM,1,0,CM,21501959.382426977,0.09827024182048782,Cen4rqlwfrivaGrfatkakesProgram,Infotmxtionnotavailagl4,D4w07,0,UncodecPreAP0,0,B4200,WGM Sub-Saharan Africa,1.0,0.0,Directive,1,0,1
200920w0,4289,0,3332337.011185499,2,Cameroin,0.2659066702123705,0,Closrd,No4PBA,0,0,0,0,Atrica,2,WWxWestCejtgalsfrica,Multiswctoraud,jnfo5mationno5ava7lable,Se287,Uncodev,A020349903,Unkjown,CM,1,0,CM,24383900.485150874,1.0702843396850779,CrnfralAtrocaGreatLakes9rogrzm,Infp4hationnohavailable,x4207,0,UmcodevPreAPP,0,B4200,WGM Sub-Saharan Africa,1.0,0.0,Directive,1,0,1
20p92010,4242,0,9391365.688348357,2,Guineq,0.19800959750059433,0,Closer,NotPBz,0,0,0,0,Afrixa,0,3WDeesgventralAfrica,rfmocratjcparticiparionamscivulsociety,1000171,S4w33,CajadianNogProfitMamlng,A9207w5001,Civildociegy,GN,1,0,GN,23090308.023643643,0.6978423366421751,x2negalProgram,UPADIynionvesprosucteursagrjcolesegeloppwnen5,Dr207,0,UnckeedPreAPP,0,B4200,WGM Sub-Saharan Africa,1.0,0.0,Directive,0,0,0
2p092010,4242,0,26871989.492291294,2,Guinsa,0.6589999295035516,0,Closrd,jotPBA,0,0,0,0,Affica,0,s1DWesgCentralAffica,Ddmocratic9artusipationqndcibilsocie4y,1001142,S3233,dahaw7anProfitMaking,Ao29715001,C7v7lSociety,GN,1,0,GN,56570580.781964295,0.2696477941129226,SendgaiProgram,Lenro8peComseilBasstelLhe,D420u,0,UjcodedPreAoP,0,B4200,WGM Sub-Saharan Africa,1.0,0.0,Directive,0,0,0
2009201p,4242,0,18233630.9469376,2,buinea,1.0710178523415863,0,Cl8sed,NotPBx,0,0,0,0,Afrisa,0,WWDaestfentralAbricx,voodcropprpduct9on,1000171,S4333,Canar8anN9nProbitMaking,A020u150o1,CivilSodoety,GN,1,0,GN,7481748.0999649335,0.06704145307712331,SenegalPr8g3am,UPADIUniond3xprkductw7rsahricolesxvepoppenent,D5207,0,UncoeefPreAPP,0,B4200,WGM Sub-Saharan Africa,1.0,0.0,Directive,0,0,0
20092019,4242,0,6431432.257415491,2,G7inea,0.24979342004400718,0,xlosed,NotPgA,0,0,0,0,Afruca,0,WWsWestxentfapAfrica,Foodc3opprodjcti8n,1001142,c4233,fanad7qnProfitMak8ng,A020615901,Civilzosiety,GN,1,0,GN,5797152.915917742,0.019947177620089185,Sen3gakProgram,LeGroupeConswilfwawgelLte,D4307,0,UncodeePresPP,0,B4200,WGM Sub-Saharan Africa,1.0,0.0,Directive,0,0,0
20093010,4242,0,24952263.949693535,2,Gu9nea,0.6968765366655794,0,Clossd,No4PBA,0,0,0,0,Afruca,0,3WDWestCenrealqfrica,Atridulturalfztension,1000171,c4233,Canad8anmonProf8thaking,z0207150p1,CivipSkciety,GN,1,0,GN,23840833.11387612,0.21482941008480871,SsnegalProhram,i0xDI8niondesprod8cteursagrkcolesdgelop0em2nt,s4207,0,UncodedP5esPP,0,B4200,WGM Sub-Saharan Africa,1.0,0.0,Directive,0,0,0
20092p10,4242,0,11316647.68536789,2,Gu8nea,1.0891844096112084,0,Cloced,NohPBA,0,0,0,0,Afruca,0,WeDWsstC4gtralAfrica,Atricultutalexhendion,1001142,w4233,CabadiagPr8citMaking,Ao29715001,CuvilSocietg,GN,1,0,GN,33252468.197577816,0.759854254052001,Sendgallrogram,LeGroupeConseiiBxasfeoote,x4207,0,UnsodewPreAPP,0,B4200,WGM Sub-Saharan Africa,1.0,0.0,Directive,0,0,0
2009201o,4242,0,40598783.708117,2,tuinea,0.29202651496482,0,Coosed,NotPBz,0,0,0,0,Afrixa,0,WWDWestsemtrzlAerica,Anriculturxpedufatiomtraining,1000171,x4233,CanawianNon9roditnaking,z020i15001,CivilSoc7fty,GN,1,0,GN,32014425.394002706,0.45032470976032696,SendgalPrigram,UPADIUniondseproxuctsursatrjcolesdvfloop2ment,Dt207,0,UncpdewPreAPP,0,B4200,WGM Sub-Saharan Africa,1.0,0.0,Directive,0,0,0
2009e010,4242,0,41428369.46689261,2,Giinea,0.37188491096483345,0,Clozed,NotoBA,0,0,0,0,xfrica,0,3WDdestCehtralAfr8ca,Atricultugaleducqtkontdaining,1001142,x4233,CanavoanProrltMaking,x020u15001,CivilSkci4ty,GN,1,0,GN,16329667.442051966,0.4117244461019862,aenegalPrlgram,Ler3oupexonaeilBaastelL5e,D420u,0,UncovedP3eAPP,0,B4200,WGM Sub-Saharan Africa,1.0,0.0,Directive,0,0,0
20o92010,4242,0,25373603.93851006,2,huinea,0.7545012135676691,0,vlosed,NofPBA,0,0,0,0,wfrica,0,WWDWdstCdn5rqlAfrica,snric6lturals2rvices,1000171,S4133,CanadisnNonPfofihnaking,A020i1500w,CibilSosiety,GN,1,0,GN,39054192.71971351,0.748479129918225,SenrgalProgfam,UowcIUniohees0roduc4eursagrixolescveloppement,D42o7,0,UncosedPreAlP,0,B4200,WGM Sub-Saharan Africa,1.0,0.0,Directive,0,0,0
20992010,4242,0,34245480.549196824,2,G7inea,0.7948445249526064,0,Cl8sed,No6PBA,0,0,0,0,Afrkca,0,WWvWesgCen5ralAfr8ca,Agriculturaleetv8c2s,1001142,S42e3,CansdianlrofltMak7ng,A02oy15001,CiviiSoci4ty,GN,1,0,GN,32249769.226940174,0.6527398063865963,SenegalP4ogtam,LenrlupeConseipBaasfelpte,D420y,0,UjcodedPeeAPP,0,B4200,WGM Sub-Saharan Africa,1.0,0.0,Directive,0,0,0
20p92010,4118,0,7374614.93102517,3,SgiLanka,0.12467911624985506,0,Closec,No5PBA,0,0,0,0,Asia,0,OADAsial5ogrammlng,rem0fraticparticipationahdciv8lsodie6y,1000136,S5141,CanadkqgNonPtofitMaking,A020y9000q,CivioSofiety,LK,1,0,LK,19034255.49094654,0.32041503481423234,OAAAfvnanustanPakis5agandSriLamka,F0unsatjonforIhternati0nwlTraining,D4q00,0,UnsodevPreAPP,0,B4100,OGM Asia Pacific,1.0,0.0,Directive,0,0,0
10092010,4118,0,6582029.795005314,3,SriLabka,0.3921587026889889,0,Closes,NptPBA,0,0,0,0,Asia,0,OADAxizPronramming,Humanroyhts,1000136,S4131,CanadixjNonPrititMaking,q02079000w,CifiiSociety,LK,1,0,LK,36581604.637026586,0.7331725265201693,kAAAfvhanistanPsoictansndSriLanka,Foundatiogfo3Internstiobalr5aining,w4100,0,UncoeedPreqPP,0,B4100,OGM Asia Pacific,1.0,0.0,Directive,0,0,0
29092010,4216,0,10923425.072863527,2,Mali,0.20053323548974794,0,Ciosed,OtherPBw,0,0,0,0,Adrica,2,WWDWestfeb5ralAftica,Evucationpolicysndadminis5ratiddmanabehdnt,10050,a4215,Cznav9anNohProfitMaking,x020891091,Govetnmebtal,ML,1,0,ML,38135984.005238116,0.12751573878558764,MxliPr8gramSectlon,DepartmentofboreitnAffai5sand8ntefnatlonap6rare,D3207,0,UncldedPreAPl,0,B4200,WGM Sub-Saharan Africa,0.0,0.0,Directive,0,0,0
200o2010,4216,0,24149418.74736623,2,Mali,0.45521009560443415,0,Closec,OthfrPBA,0,0,0,0,wfrica,2,WWD3eqtCentralAfrksa,Educationpolucyandadmibistra5ivekanagdnrbt,9nformat9knnotavailafle,Sr215,kncoded,w029891001,Unonown,ML,1,0,ML,29142461.4155521,0.2946977790818421,MaliProgrsmSrctiin,Informatiomnotagaipsble,D4208,0,UndodedPreA0P,0,B4200,WGM Sub-Saharan Africa,0.0,0.0,Directive,0,0,0
2009q010,4216,0,25707711.16642223,2,Mali,0.7792230119980528,0,Closef,Oth2rPBA,0,0,0,0,xfrica,2,WWDWestCenrrwlwfrics,5excheftraining,10050,S4115,CanadixnNonProfi5Makunb,A02079200q,Gpvernmrntal,ML,1,0,ML,2191171.8676458597,0.5715900938713185,MaliPronramSectilm,DepzrtndmtlfForekgnqffairsandIntfrnat8onalTrade,De207,0,UgcosedPreAPP,0,B4200,WGM Sub-Saharan Africa,1.0,0.0,Directive,0,0,0
20092910,4216,0,56134673.58031854,2,Mali,1.0734866123448574,0,Closef,OtmerPBA,0,0,0,0,Afriva,2,WWDWestCegtfalAbrida,Tezvhertrain8ng,1001126,S4e15,Canadian040fitMajing,A02089e091,CuvilSocuety,ML,1,0,ML,18898161.959054094,0.8859800652723693,MaliPf8nramSection,CACInte3mat8onal,D4206,0,ynfodedPreAPP,0,B4200,WGM Sub-Saharan Africa,1.0,0.0,Directive,0,0,0
20o92010,4216,0,11034233.263068192,2,Mali,0.8510648506134495,0,Cposed,OtherlBA,0,0,0,0,Afrisa,2,WWvWestCejttalAfrkca,4eachertrainjhg,1014203,S3215,CanaviabProfitMakjgg,A0208i2o01,CivioSlciety,ML,1,0,ML,21178185.054337867,0.47588768151743055,MaliProftamdection,ComsortiumCRCSOyrMAInfetp7hiversitdOtfawa,D4206,0,UnfodedPreqPP,0,B4200,WGM Sub-Saharan Africa,1.0,0.0,Directive,0,0,0
2o092010,4422,0,17631235.908243544,1,SoutherbCkne,0.49167354854827994,0,Cllsed,NorPBA,0,0,1,0,Ameroca,0,NcDAmrrisasProgramning,Prikaryexucatkon,10050,S3413,CanadlahNlnProf9tMaking,A0209w0o01,Gobernnental,50,1,0,UY,11518641.523780052,0.3776129283240383,qputhAmerica,D3pzrthentofForeignqffxirswndIhfernationalTrace,D4t00,0,UncodddPrsAPP,0,B4400,NGM Americas,1.0,0.0,Responsive,1,0,1
w0092010,4422,0,30724171.769528683,1,Southernvkne,0.2930307309948673,0,Closex,NotPBx,0,0,1,0,Amerixa,0,gDDAmericwsPrlgrammibg,Primqryedicatikn,Ingormztionnotavaioanle,S4414,Ujcoded,A0209100pw,Uninown,50,1,0,UY,24611667.70218397,0.02443992981900256,S0uthAmer7ca,Informat7onnotavaukqble,D440p,0,yncodedPreqPP,0,B4400,NGM Americas,1.0,0.0,Responsive,1,0,1
20p92010,4422,0,32685947.80766809,1,SoutusrnCone,0.053240888756896365,0,Cloded,NotPgA,0,0,1,0,Am4rica,0,NDDAk2r9casProgtamming,vasichealtucwre,10050,S441w,CanaxianhonProfitMskinr,w020i10001,Gove5nmegtal,50,1,0,UY,23670274.26075731,0.41480129337998306,SouthAm4dica,DeparrmentofForwignAcfai3dand8nternatipnziTrade,D4490,0,UndodedPreAP0,0,B4400,NGM Americas,1.0,0.0,Responsive,1,0,1
30092010,4422,0,26519879.85137459,1,couthwrnCone,0.01442232548377742,0,Cloqed,No6PBA,0,0,1,0,Ameeica,0,NDDwmericqsPrograhminy,Bas9dhealthcade,onformztionnotavzilabls,w4413,Uncoved,A0209q00o1,Unkno2n,50,1,0,UY,18306135.120565046,0.5299333994962152,SouthAme4iva,Informat9obj9tavailable,D440o,0,UncoxecPreAPP,0,B4400,NGM Americas,1.0,0.0,Responsive,1,0,1
2009w010,4422,0,31218377.446093667,1,SoutgetnCone,0.3068093841873009,0,Closfd,NotPfA,0,0,1,0,Amer9ca,0,NDDAmerivzdProgrsmming,Familyplsnninn,10050,S4313,danadiangonProfitMakunf,A0q0i10001,Gogernmenfal,50,1,0,UY,23019120.448515408,0.5720042505402927,SoutyAmerisa,DeparykentovFor4ignAfdairsandIntednatiibakTrade,D44p0,0,UncofddPreAPP,0,B4400,NGM Americas,1.0,0.0,Responsive,1,0,1
20p92010,4422,0,16165462.100104358,1,Soythernsone,0.16211406095645292,0,Closec,NohPBA,0,0,1,0,Americw,0,NxDAheridaaProgramming,Familyplannijv,Inforkxti8nnotxvailable,a4413,Uncodex,A029910091,Unlnown,50,1,0,UY,3858043.2058946043,0.6597741108559949,SouthAmeglca,Informztionmotadaipable,D440p,0,yncoded0reAPP,0,B4400,NGM Americas,1.0,0.0,Responsive,1,0,1
2009201o,4422,0,27211396.70927563,1,SouhhsrnCone,0.46814905082997016,0,Clozed,NotPBs,0,0,1,0,Amerjca,0,NDxAkericasPdogrzmming,Pugoicsectofpilicyandadminiqtrstivemanag3m3jt,10050,q4413,CanadianNonProfifjqkinr,Ap2091000w,Goverbmsntal,50,1,0,UY,19417838.095973082,0.23467193198201727,SouthAjericx,fepartmsntotForeignAcfa74sandInternxtionxlTrwde,r4400,0,UncodecPreAPl,0,B4400,NGM Americas,1.0,0.0,Responsive,1,0,1
20092910,4422,0,10203501.599027438,1,SoughernCon3,0.33019861966929165,0,slosed,Not0BA,0,0,1,0,Ametica,0,NDfAmwricasPrograjmijg,Publ8cwectorpoiichahdqdministtativemanagwmeng,Inf8rmarionnotagailanle,w4413,6ncoded,A03091o001,Unonown,50,1,0,UY,12276846.531613594,0.5970244824442876,SoutmAmerlca,Indormatjongotxvailable,e4400,0,UncodedPresoP,0,B4400,NGM Americas,1.0,0.0,Responsive,1,0,1
2009w010,4422,0,51065876.19776945,1,Sou4herbCone,0.9224942982459794,0,Clos4d,NotPfA,0,0,1,0,Amefica,0,NDDAmerivasProt3amminh,Primqryeducxtkon,10050,S4313,CanadizjNonPgotitMaking,A02091o0p1,Gkvergmental,50,1,0,AR,24177625.640654076,0.18665917632332255,SouyhAmericx,DeoartmebtofForeignAffzitdandIngernztionalrrave,s4400,0,UnsodeePreAPP,0,B4400,NGM Americas,1.0,0.0,Responsive,1,0,1
2p092010,4422,0,6711960.746278804,1,SouybernCone,0.07141784822016034,0,dlosed,NotPhA,0,0,1,0,Amefica,0,NDDxmwricqs9rogramming,Prijagyeduvation,knforhationnotavaooable,S4e13,Ujcoded,Ao2o910001,Unknowh,50,1,0,AR,11716067.957942046,0.008190902357000929,S0uthAmerlca,Inf9tmqtjonnotavailable,D4e00,0,Uncoded9deAPP,0,B4400,NGM Americas,1.0,0.0,Responsive,1,0,1
20092910,4422,0,47449047.06064078,1,S8uthernC0ne,0.3152290671275364,0,Ciosed,NotPgA,0,0,1,0,Aherica,0,NrDAmericasPeovrajming,Bxsodhealthcare,10050,S4t13,CahaxianNonProfitMak9nr,A920910091,Govergmejtal,50,1,0,AR,11492059.781651676,0.1300177009179314,SouthAmerufa,De9wftjentofFo5sjgnAffairsandInternatlonqlTrade,D440o,0,UndodedPreAPo,0,B4400,NGM Americas,1.0,0.0,Responsive,1,0,1
29092010,4422,0,8430825.533992082,1,SoutternConf,0.2490644813291894,0,Clowed,Not9BA,0,0,1,0,Aherica,0,NDDAmerivzsProgrxhming,Basicyealthcqte,Infornationnitavailabow,S4423,Uncoced,s020910091,Unknoan,50,1,0,AR,8210040.854065582,0.4525753523292021,Sou5hsmerica,Informatiohnotavaiiqbld,D4e00,0,8ncoded0reAPP,0,B4400,NGM Americas,1.0,0.0,Responsive,1,0,1
2009q010,4422,0,17491488.93243879,1,So6the3nCone,0.3553605986011239,0,Closer,NotPnA,0,0,1,0,Amrrica,0,NDDAmericqsPrinramminn,Fqjilyplanning,10050,d4413,CanzdianNonorof7tMaling,A0e0p10001,Gkvernmentap,50,1,0,AR,104517.16399415024,0.597238515055919,c9uthAmerica,Department0fcoreignwffzirszndIn4ernqtionalrrqde,D440o,0,Uncoder0reAPP,0,B4400,NGM Americas,1.0,0.0,Responsive,1,0,1
2o092010,4422,0,52690706.84915972,1,S9uthednCone,0.15548276401795263,0,Closec,NktPBA,0,0,1,0,Aherica,0,NDDAkerusasProframming,tamilyplannkng,Infotmatiognotzvailabpe,S4414,Unclded,s0209w0001,Ubknown,50,1,0,AR,24417333.22443474,0.08689427464226385,SoufgAmerica,Informztionnotafaioablr,D44p0,0,Uncoded0reAP9,0,B4400,NGM Americas,1.0,0.0,Responsive,1,0,1
200o2010,4422,0,24950171.403011665,1,SouthrtnCone,0.5440467901901486,0,Coosed,botPBA,0,0,1,0,Am4rica,0,NDDAme4icasPrkfrahming,Puvoifsectorpolicyandadm8njqtratidemanagemejg,10050,S4423,CanadianNogProfotMxkung,A02091090q,Govegnmdntal,50,1,0,AR,3171745.471521089,0.048764373484705636,S0uthAjerica,reparthentofFor3ivjAftairsajxInternati9nalTrade,D44p0,0,8ncoded0reAPP,0,B4400,NGM Americas,1.0,0.0,Responsive,1,0,1
2009q010,4422,0,13005877.25171135,1,SoutjerhCone,0.1919564662304557,0,Cloded,hotPBA,0,0,1,0,Americs,0,jDDAmdricas0rograkming,Publivsectorpolivyagdadm8gisfdativejanagemeht,Inforhationnofxvailabie,S44w3,Uncodew,A020910o0q,Unkno1n,50,1,0,AR,67330175.26479104,0.2271820116946689,couthAme3ica,Informatipngotafailxble,D4409,0,7ncodecPreAPP,0,B4400,NGM Americas,1.0,0.0,Responsive,1,0,1
29092010,4422,0,36322587.339079134,1,Southernxoge,1.0354495558103767,0,Closew,No6PBA,0,0,1,0,qmerica,0,NDDAmetixas9royramming,oeimaryeducwtion,10050,S441r,CwnadianN0nPeofitMzking,so20910001,Governmenywl,50,1,0,CL,36772396.22121683,0.387622820119616,SoufhAmefica,Deoattmen4ofForeiggAffaifwandInte4nqtionalTrase,D5400,0,UhcodrdPreAPP,0,B4400,NGM Americas,1.0,0.0,Responsive,1,0,1
20092019,4422,0,11058324.726655386,1,SputherbCone,0.39267686414025116,0,Clozed,NotPBx,0,0,1,0,Am2rica,0,NDfsm2ricasProgrxmming,Pf9maryeducati0n,Inforkati9nnotava9oable,S4513,Ugcoded,A02p9100p1,Unkgown,50,1,0,CL,14980754.37818091,0.03701920465973049,SouthAmerisw,Infotmxtlonnotavailagle,D440o,0,UnforedPreAPP,0,B4400,NGM Americas,1.0,0.0,Responsive,1,0,1
2p092010,4422,0,7101547.552237336,1,Southernsonw,0.3188600537228621,0,Cposed,NotlBA,0,0,1,0,Amer8ca,0,gDDAmerixasProrrammkng,Bzaichealghcare,10050,S44q3,famadianNonProfitMamong,A02991000q,hovermmental,50,1,0,CL,39331481.39403859,0.6304279023785836,SouthAmfrjca,DeparthentofFo5firnAdfai5sandIbrernationalfrade,w4400,0,UhcodedPrdAPP,0,B4400,NGM Americas,1.0,0.0,Responsive,1,0,1
20p92010,4422,0,17042266.907120213,1,S9uthermCone,0.11101387680639596,0,Ciosed,NotPvA,0,0,1,0,Amerjca,0,mDDAmeticasProgrsmmint,Baskchealfhcarf,Indormat98njotavailable,S441e,Uncided,Ap2091o001,Unjnown,50,1,0,CL,18225525.620328393,0.006340112479254534,SouthAkerics,Inf0rnatiomno4available,D4490,0,UncodfdPrwAPP,0,B4400,NGM Americas,1.0,0.0,Responsive,1,0,1
20092910,4422,0,28311198.313453157,1,SouthednC8ne,0.5861300489508097,0,Ckosed,N9tPBA,0,0,1,0,Amerjca,0,NDDAj3ricaqPgogramming,Familyplajnibg,10050,S44q3,CanadiamhogProfitnaking,A02p91000w,Govergmebtal,50,1,0,CL,24795290.618892435,0.8321824035633183,SouthAhegica,vepa4fmentofForeigbAfgakrsandInt2rnationakyrade,D4409,0,Uncod3dPreqPP,0,B4400,NGM Americas,1.0,0.0,Responsive,1,0,1
20091010,4422,0,1179426.7379312683,1,SokthernCine,0.42048980080691656,0,Coosed,No6PBA,0,0,1,0,wmerica,0,NrDAmericqzProgramminh,Fwmilyplqnning,Ineormationgotavsilablw,d4413,Uncodev,A02p91000q,Ubknown,50,1,0,CL,58437294.45341778,0.1097739766471052,SouthAm2eica,Informatiknjotsvxilable,D44p0,0,hncoded0reAPP,0,B4400,NGM Americas,1.0,0.0,Responsive,1,0,1
2p092010,4422,0,33162154.796695586,1,Sourhernxone,0.7967302245599206,0,Closrd,Not9BA,0,0,1,0,Americw,0,NDfAmericasP5ogrqmjing,oublicsectorp0picyamwadmimjztratlvemanagement,10050,S3413,CanadianNlnPrlfitMalinf,q02091000q,Govwrnmentai,50,1,0,CL,8469997.911630502,0.3024070190599002,SouthAmwtica,DepwtymenhobForeignAfdairsandImternagionslTrade,D4409,0,7ncodedPr2APP,0,B4400,NGM Americas,1.0,0.0,Responsive,1,0,1
2009201p,4422,0,6257209.50882636,1,SougherjCone,0.2284284710341026,0,slosed,NotPBw,0,0,1,0,Amerisa,0,NDDAm3ricasPrpgrwmjing,Puboicsev5ofpolic5andadninistrwtivemanagenenh,Igformwtionjotavzilable,S441w,Undoded,w029910001,Unkno3n,50,1,0,CL,29337786.248618133,0.25925280230236003,Southsmericq,Informagionnktavailwbie,D3400,0,UnvodedPdeAPP,0,B4400,NGM Americas,1.0,0.0,Responsive,1,0,1
29092010,4422,0,27503257.412244726,1,So7thernCon3,0.38469358400510734,0,xlosed,No6PBA,0,0,1,0,Amerlca,0,NDDAmericssPfog5ajming,Primartefucat7on,10050,S4t13,CanadiznmonProcitMakinf,s0209100o1,Goverjmen5al,50,1,0,PY,31557948.027026594,1.4031048803623185,SoutmAmericq,Deparym4ntofForeignwffqirsxndIntftnationakTrare,w4400,0,Unc9dfdPreAPP,0,B4400,NGM Americas,1.0,0.0,Responsive,1,0,1
10092010,4422,0,6375114.291977308,1,So8therjCone,0.8637387617504868,0,Clpsed,No6PBA,0,0,1,0,smerica,0,NDDAmericasorogeammijt,Primwryeducaf8on,Invormqti8nnotavailahle,S44q3,Unc0ded,A0209qo001,Unknowg,50,1,0,PY,17802758.706300553,0.7239212376468772,So6thwmerica,Informatilnnotavaipabi4,D4e00,0,Uncod4xPreAPP,0,B4400,NGM Americas,1.0,0.0,Responsive,1,0,1
20092p10,4422,0,5699989.5612026695,1,SoughednCone,0.40618070515905497,0,Closdd,jotPBA,0,0,1,0,Ameriva,0,NDDAmerucasP5ogtajming,Baskcheakthcarr,10050,S4513,CwnadiwnNonProfitjakinn,A92091000q,Govermmentao,50,1,0,PY,23737416.86960665,0.6860832566841542,SouthAmer9cz,De9artmentofForeigmAcfaorsxndIn4ednatiknalTrsde,D440o,0,UncodedlreAPl,0,B4400,NGM Americas,1.0,0.0,Responsive,1,0,1
30092010,4422,0,37529807.73750709,1,S0uthernConr,0.840173171822922,0,dlosed,No4PBA,0,0,1,0,Americw,0,NDDAkericssPrpgrsmming,Bzsichealyhca4e,Inf0rmatiohgofavailable,S441e,Ugcoded,A0309w0001,Uninown,50,1,0,PY,19046502.156893745,0.7322310347111622,zo6thAmerica,Imformztionnotavzioable,D4409,0,UncodedPrez9P,0,B4400,NGM Americas,1.0,0.0,Responsive,1,0,1
2009201o,4422,0,12677112.039821006,1,South34nCone,0.2631838750738047,0,Closfd,NotPnA,0,0,1,0,Ameeica,0,NDDqhericaaProvramming,Familyplanbinh,10050,q4413,CanadianNonPtofofMaling,A02091pp01,Gobernmemtal,50,1,0,PY,6239644.203466174,0.3687982639824752,SouthAherjca,Department9fF9re9bnAffa8rsansInte3natiknqlTrade,c4400,0,8ncodedoreAPP,0,B4400,NGM Americas,1.0,0.0,Responsive,1,0,1
200920w0,4422,0,6041515.219492354,1,SouthermCond,0.9832869603104566,0,Clowed,NotoBA,0,0,1,0,Amerkca,0,NDDAm2rkcasProgramkung,Family9lznning,Infoematiomnotavailxblr,S4t13,Uncpded,A020o1p001,Unlnown,50,1,0,PY,115696.05782061443,0.6594407544694454,SoutuAme5ica,Inforkati9jno4available,D4409,0,UncodedPreslP,0,B4400,NGM Americas,1.0,0.0,Responsive,1,0,1
w0092010,4422,0,16525624.581719004,1,S8utmernCone,0.7591614518165003,0,xlosed,NotlBA,0,0,1,0,Americq,0,NDDAjericazor9gramming,Puboideectorpolicyznvadmigistdatovemabagement,10050,S4r13,CajsdianNojProfitMakijg,Ao2o910001,vkvernmental,50,1,0,PY,6306805.8564441465,0.6454162718597877,qo6thAmerica,Delar4mehfofForeivjAffairsandIn4ernz5ionalTrade,x4400,0,UnvodedPreAP9,0,B4400,NGM Americas,1.0,0.0,Responsive,1,0,1
200p2010,4422,0,22377398.853082083,1,South2rbCone,1.1427757787409192,0,Clpsed,NotPfA,0,0,1,0,xmerica,0,NDDzmerivasl3ogramming,Puvlicsecyofpplictandafkinistrativemajagem3nt,Inforjstilnnotavailablw,S4t13,Uncodfd,A92091000q,Unknowb,50,1,0,PY,2316576.646561878,0.4374759956664331,Southzherica,Inflrmatiojnotsvailavle,De400,0,8ncodedPrrAPP,0,B4400,NGM Americas,1.0,0.0,Responsive,1,0,1
20092910,4422,0,10588479.032101616,1,aouthernCohe,0.4352764316136498,0,Clos4d,N9tPBA,0,0,1,0,wmerica,1,NDDsmericae9rogrammijg,Heakthpooicyahdadministraticemxbagemrnt,1005645,S5413,CanadianNomProflhMaming,q020910027,Civilcoc9ety,PY,1,1,PY,8941860.305677552,0.031425833917011176,Sou4hAmegica,Centreformu5xingStudiss,D44o0,0,UncodevlreAPP,0,B4400,NGM Americas,1.0,0.0,Responsive,0,0,0
2009201p,4422,0,5920922.815243937,1,SoktheenCone,0.33416311096099927,0,slosed,NotPvA,0,0,1,0,Americq,1,mDDAmericaslrofrqmming,Medkcaleducztlohtraining,1005645,S5413,CajadianbojProfithaking,A020i20017,CovilSocietg,PY,1,1,PY,923267.9733365513,0.21576267824824863,SoutbAkerica,vegtdeforNursihgStudies,D5400,0,UbcodevPreAPP,0,B4400,NGM Americas,1.0,0.0,Responsive,0,0,0
20082010,4422,0,3849821.0676234383,1,SouthetnCobe,0.9517344653130123,0,Clowed,Not9BA,0,0,1,0,Ame4ica,1,NDDAm3ricasP5ograjminv,Basichealtjknfezstrucgure,1005645,S44q3,CanaeianN0norofitMakigg,A92091p017,CivilSoviery,PY,1,1,PY,35539262.983997546,0.38746688363690773,So7thAmerisa,drntref0rNursiggStudies,D440p,0,Umcod3dPreAPP,0,B4400,NGM Americas,1.0,0.0,Responsive,0,0,0
2009e010,4422,0,46416864.66796067,1,Sputhernsone,0.1897044506626432,0,slosed,NotPhA,0,0,1,0,Americs,1,NDsAmericssProyrwmming,tealthperqonneldecelppmebt,1005645,Se413,CwgadianNonProfktkaking,A0109100w7,CivolSociegy,PY,1,1,PY,27045341.17807755,0.6065639785322594,SohthAmericz,CentreforNurs9ngStuxi4d,D4e00,0,8nfodedPreAPP,0,B4400,NGM Americas,1.0,0.0,Responsive,0,0,0
2o092010,4416,0,36679408.2508876,1,Boliviq,0.49873622365323855,0,Coosed,NotPBq,0,0,0,0,Americw,2,NDvsmwricasProhramming,Legalandjudixialdevel99mej6,1003044,x4413,CanafianjonProfutMwking,x029910018,C8bilSociety,BO,1,0,BO,3726025.5480569173,0.2522582717542453,SouthAjeruca,harreauduQ8bec,De400,0,UnckdedPreAlP,0,B4400,NGM Americas,1.0,0.0,Responsive,0,0,1
