,Country,Country code,Reported date,admin_1_code,admin_1_label,admin_2_code,admin_2_label,date_enquete,hh_IDP_presents_36_mois,ind_IDP_presents_36_mois,hh_RETs_presents_36mo,ind_RETs_presents_36mo
Report Date,0.019868739,0.016441222,0.968672,0.111429505,0.022676148,0.0024877803,0.0017395224,0.99403024,0.00044296565,0.00037264053,0.0005950875,0.0005043043
Country,0.99980086,0.24536186,0.004663217,0.0026354347,0.005854991,0.0005610803,0.0006645409,0.017914485,0.00011067771,0.000104026556,0.00014115407,0.00012480335
Country code,0.24536186,0.99980086,0.07679616,0.5266553,0.11916637,0.012254734,0.0038768877,0.015515551,0.0003093517,0.00012333006,0.00067934865,0.00030885905
admin_1_code,0.0022699635,0.61582017,0.13134465,0.9998021,0.41886395,0.9150405,0.05086111,0.113098025,0.0005132572,0.00070690206,0.000404054,0.00077721244
admin_1_label,0.0020442605,0.20631135,0.05571769,0.7289848,0.96981883,0.10540483,0.97287446,0.032667518,0.00030060875,0.0005235324,0.00031246338,0.0006133341
admin_2_code,0.0004679217,0.012254734,0.0061676665,0.91495776,0.15854251,0.9997778,0.091046855,0.0024877803,0.0038602068,0.0032374088,0.0025220583,0.0058785174
admin_2_label,0.00043312117,0.0062360424,0.001556368,0.10538922,0.7604571,0.061328728,0.9987138,0.0021563102,0.00013285063,0.00059005857,0.00015250861,0.0007540229
date_enquete,0.016954685,0.015515551,0.6627408,0.113098025,0.02206474,0.0024877803,0.0018057533,0.9998083,0.0005895947,0.0005054524,0.0006370172,0.0005677391
hh_IDP_presents_36_mois,7.4891665e-05,0.00023922822,0.0009163749,0.0005140799,0.00043584872,0.0038602068,0.00014975954,0.00041668135,0.9997736,0.9743181,0.9324749,0.93623203
ind_IDP_presents_36_mois,7.052232e-05,8.309021e-05,0.00069872005,0.00053464726,0.00044888782,0.0026995554,0.00025648673,0.00033621275,0.9921407,0.9997757,0.56474155,0.9584479
hh_RETs_presents_36mo,9.544308e-05,0.00036219382,0.0013863626,0.00040115658,0.00042683177,0.0025220583,0.00014349421,0.00057931273,0.8802495,0.5814539,0.9997736,0.9456329
ind_RETs_presents_36mo,8.425674e-05,0.00016945167,0.0009704859,0.0007786433,0.0005684454,0.0060701473,0.0004192031,0.0005186096,0.9217467,0.91968817,0.88920176,0.99977255
