assay_id,curated_by,assay_test_type,assay_strain,assay_type,relationship_type,doc_id,description,assay_category,assay_organism,assay_tax_id,assay_tissue,assay_cell_type,assay_subcellular_fraction
1,Autocuration,,,B,H,11087,The compound was tested for the in vitro inhibition of platelet 12-lipoxygenase at a concentration of 30 uM,,,,,,
2,Autocuration,,,F,U,684,Compound was evaluated for its ability to mobilize calcium in 1321NI cells,,,,,,
3,Autocuration,,,B,U,15453,,,,,,,
4,Autocuration,,,B,H,17841,Binding affinity against A2 adenosine receptor in bovine striatal membranes using [3H]CGS-21680,,Bos taurus,9913.0,,,
5,Intermediate,,,F,N,17430,In vitro cell cytotoxicity against 143-B cell lines (Human osteosarcoma cell line),,Homo sapiens,9606.0,,143B,
6,Intermediate,,,F,N,17430,In vitro cell cytotoxicity against 143-B cell lines (Human osteosarcoma cell line),,Homo sapiens,9606.0,,143B,
7,Intermediate,,,F,N,13799,Cytotoxic Activity was evaluated against 143B (TK-) tumor cells,,Mus musculus,10090.0,,143B,
8,Expert,,,F,N,17774,In vitro cell cytotoxicity was determined against 143B cell line,,Homo sapiens,9606.0,,143B,
9,Intermediate,,,F,N,3801,Inhibitory activity against tumor osteosarcoma cell line 143B after 72 hr continuous exposure to compound,,Homo sapiens,9606.0,,143B,
10,Intermediate,,,F,N,17430,In vitro cell cytotoxicity against 143B-LTK cell lines expressed in HSV-1 TK,,Homo sapiens,9606.0,,143B,
11,Intermediate,,,F,N,17430,In vitro cell cytotoxicity against 143B-LTK cell lines expressed in HSV-1 TK,,Homo sapiens,9606.0,,143B,
12,Expert,,,F,N,17774,In vitro cell cytotoxicity was determined against 143B-LTK cell line,,Homo sapiens,9606.0,,143B,
13,Intermediate,,,F,N,11324,"The compound was tested for minimum inhibitory concentration in Staphylococcus aureus,147N penicillin sensitive Staphylococcus aureus",,Staphylococcus aureus,1280.0,,,
14,Intermediate,,,F,N,11324,"The compound was tested for minimum inhibitory concentration in Staphylococcus aureus,147N penicillin sensitive Staphylococcus aureus",,Staphylococcus aureus,1280.0,,,
15,Intermediate,,,F,N,11324,"The compound was tested for minimum inhibitory concentration in Staphylococcus aureus,147N penicillin sensitive Staphylococcus aureus",,Staphylococcus aureus,1280.0,,,
16,Intermediate,,,F,N,11324,"The compound was tested for minimum inhibitory concentration in Staphylococcus aureus,147N penicillin sensitive Staphylococcus aureus",,Staphylococcus aureus,1280.0,,,
17,Expert,,,A,D,11347,Inhibition of cytochrome P450 progesterone 15-alpha hydroxylase,,Rattus norvegicus,10116.0,,,
18,Autocuration,,,B,H,16474,Concentration that cause 50% activation of human reticulocyte 15-lipoxygenase (15-HLO),,,,,,
19,Autocuration,,,B,H,10091,Inhibition of partially purified 15-lipoxygenase from human leukocytes,,,,,,
20,Autocuration,,,B,H,16474,Inhibitory activity against human reticulocyte 15-lipoxygenase (15-HLO),,,,,,
21,Autocuration,,,B,H,16474,Compound was evaluated for the percent increase in activation concentration of human reticulocyte 15-lipoxygenase (15-HLO),,,,,,
22,Autocuration,,,B,H,16474,Inhibitory activity against human reticulocyte 15-lipoxygenase (15-HLO),,,,,,
23,Autocuration,,,B,H,16474,Inhibitory activity against human reticulocyte 15-lipoxygenase (15-HLO); NI is no inhibition,,,,,,
24,Autocuration,,,B,H,16474,Inhibitory activity against human reticulocyte 15-lipoxygenase (15-HLO); NI is no inhibition,,,,,,
25,Autocuration,,,B,U,14352,"Inhibitory concentration against 15-lipoxygenase, by inhibiting 15-HETE production by human umbilical vein endothelial cells (HUVEC) stimulated by calcium ionophore A 23187 at concentration of 10e-5 M.",,,,,,
26,Autocuration,,,B,H,5646,In vitro inhibitory activity of compound on rabbit reticulocyte 15-lipoxygenase,,Oryctolagus cuniculus,9986.0,,,
27,Autocuration,,,B,H,5646,Inhibition of rabbit reticulocyte 15-lipoxygenase by compound (30 uM),,Oryctolagus cuniculus,9986.0,,,
28,Autocuration,,,B,H,10997,Inhibitory activity against 15-lipoxygenase in rat polymorphonuclear leukocytes,,,,,,
29,Autocuration,,,B,H,6309,Inhibitory activity against 15-lipoxygenase was determined obtained from soya bean,,soya bean,3847.0,,,
30,Autocuration,,,B,H,167,Inhibitory activity against soybean 15-lipoxygenase was evaluated,,Glycine max,3847.0,,,
31,Autocuration,,,B,H,167,Inhibitory activity against soybean 15-lipoxygenase was evaluated at 100 uM,,Glycine max,3847.0,,,
32,Autocuration,,,B,H,11087,The compound was tested for the in vitro inhibition of 15-lipoxygenase of soybean at a concentration of 10 uM,,Glycine max,3847.0,,,
33,Autocuration,,,B,H,11087,The compound was tested for the in vitro inhibition of 15-lipoxygenase of soybean at a concentration of 100 uM,,Glycine max,3847.0,,,
34,Autocuration,,,B,H,13622,Compound was tested in vitro for inhibition of 15-lipoxygenase soybean,,Glycine max,3847.0,,,
35,Autocuration,,,B,H,13622,Compound at 100 uM was tested in vitro for inhibition of 15-lipoxygenase soybean,,Glycine max,3847.0,,,
36,Autocuration,,,A,U,11347,Inhibition of cytochrome P450 progesterone 16-alpha hydroxylase,,Rattus norvegicus,10116.0,,,
37,Autocuration,,,B,U,5926,Binding affinity against bacterial 16S rRNA using mass spectrometry based assay,,Escherichia coli,562.0,,,
38,Autocuration,,,B,U,4567,Dissociation constant with dimeric 16S rRNA RNA construct B,,,,,,
39,Intermediate,,,B,M,3782,Dissociation constant towards 16S rRNA construct A,,,,,,
40,Intermediate,,,B,M,3782,Dissociation constant towards 16S rRNA construct B,,,,,,
41,Expert,,,B,M,4466,Binding affinity of aminoglycoside to 16S ribosomal RNA A-site in Escherichia coli,,Escherichia coli,562.0,,,
42,Expert,,,B,M,6592,Binding affinity for the 16S ribosomal RNA A-site of Escherichia coli,,Escherichia coli,562.0,,,
43,Autocuration,,,B,H,898,Inhibitory activity against human placenta 17-beta-hydroxysteroid dehydrogenase type 2 (17-beta-HSD type 2),,,,,,
44,Autocuration,,,B,H,898,Inhibitory constant against human placenta 17-beta-hydroxysteroid dehydrogenase type 2 (17-beta-HSD type 2),,,,,,
45,Autocuration,,,B,H,13163,The compound was tested at a concentration of 1 uM for inhibitory activity against 17 beta-hydroxysteroid dehydrogenase from human placental microsomes,,Homo sapiens,9606.0,,,
46,Autocuration,,,B,H,13163,The compound was tested at a concentration of 1 uM for inhibitory activity against 17 beta-hydroxysteroid dehydrogenase from human placental microsomes,,Homo sapiens,9606.0,,,
47,Expert,,,B,D,10691,"Inhibition of 17-alpha-hydroxylase/17,20 lyase from rat testes microsomal preparation",,Rattus norvegicus,10116.0,,,
48,Expert,,,B,D,10691,"Inhibition of 17-alpha-hydroxylase/17,20 lyase from rat testes microsomal preparation",,Rattus norvegicus,10116.0,,,
49,Expert,,,B,D,10691,"Percent inhibition of 17-alpha-hydroxylase/17,20 lyase of rat testes microsomes at 100 uM",,Rattus norvegicus,10116.0,,,
50,Expert,,,B,D,10691,"Percent inhibition of Steroid 17-alpha-hydroxylase/17,20 lyase of rat testes microsomes at 100 uM",,Rattus norvegicus,10116.0,,,
51,Autocuration,,,B,H,898,Inhibitory activity against human placenta 17-beta-hydroxysteroid dehydrogenase type 2 (17-beta-HSD type 2),,,,,,
52,Autocuration,,,B,H,912,Compound was tested for the inhibition of 17-beta-hydroxysteroid dehydrogenase type 1(17-beta-HSD type 1),,,,,,
53,Autocuration,,,B,H,912,Compound was tested for the inhibition of 17-beta-hydroxysteroid dehydrogenase type 1(17-beta-HSD type 1) at 1 uM concentration,,,,,,
54,Autocuration,,,B,H,912,Compound was tested for the inhibition of 17-beta-hydroxysteroid dehydrogenase type 1(17-beta-HSD type 1) at 10 uM concentration,,,,,,
55,Autocuration,,,B,D,15103,Selectivity ratio of binding affinity towards mu to delta receptors of rat brain membranes,,Rattus norvegicus,10116.0,,,Membranes
56,Intermediate,,,F,N,5116,Cytotoxicity against ovarian cancer cell line (1A-9) of humans was determined,,Homo sapiens,9606.0,,1A9,
57,Autocuration,,,F,D,14578,Functional antagonism by electrical assays in Xenopus oocytes expressing 1A/2A NMDA receptor subtype,,Rattus norvegicus,10116.0,,Oocytes,
58,Autocuration,,,F,D,14578,Functional antagonism by electrical assays in Xenopus oocytes expressing the 1A/2B NMDA receptor,,Rattus norvegicus,10116.0,,Oocytes,
59,Autocuration,,,F,D,14578,Functional antagonism by electrical assays in Xenopus oocytes expressing the 1A/2C NMDA receptor,,Rattus norvegicus,10116.0,,Oocytes,
60,Expert,,,F,N,4787,In vitro effective concentration required to reduce the number of human ovarian cancer (1A9) after 3-day incubation,,Homo sapiens,9606.0,,1A9,
61,Intermediate,,,F,N,4787,In vitro effective concentration required to reduce the number of human ovarian cancer cells (1A9) after 3-day incubation,,Homo sapiens,9606.0,,1A9,
62,Intermediate,,,F,N,3547,Cytotoxic activity against human ovarian cancer (1A9) cell line,,Homo sapiens,9606.0,,1A9,
63,Intermediate,,,F,N,3547,Cytotoxic activity against human ovarian cancer (1A9) cell line; ND=Not determined,,Homo sapiens,9606.0,,1A9,
64,Intermediate,,,F,N,6726,Effective dose of compound against replication of 1A9 cell line was evaluated,,Homo sapiens,9606.0,,1A9,
65,Expert,,,F,N,3455,In vitro cytotoxic activity was determined against ovarian cancer (1A9) cell line,,Homo sapiens,9606.0,,1A9,
66,Intermediate,,,F,N,5726,In vitro cytotoxicity evaluated against human ovarian cancer (1A9 cell line),,Homo sapiens,9606.0,,1A9,
67,Intermediate,,,F,N,5726,In vitro cytotoxicity evaluated against human ovarian cancer (1A9 cell line); NA is not active,,Homo sapiens,9606.0,,1A9,
68,Intermediate,,,F,N,5726,In vitro percent inhibition evaluated against human ovarian cancer (1A9 cell line) at >20 ug/mL,,Homo sapiens,9606.0,,1A9,
69,Intermediate,,,F,N,3395,Inhibitory activity against Taxol resistant 1A9 cell lines,,Homo sapiens,9606.0,,1A9,
70,Expert,,,F,N,3415,Cytotoxicity against human ovarian cancer (1A9) cell lines.,,Homo sapiens,9606.0,,1A9,
71,Expert,,,F,N,3415,Percentage inhibition of human ovarian cancer (1A9) cell lines.,,Homo sapiens,9606.0,,1A9,
72,Expert,,,F,N,17099,Effective dose required for inhibitory activity against 1A9 human tumor cell line.,,Homo sapiens,9606.0,,1A9,
73,Intermediate,,,F,N,17099,Percent inhibition against 1A9 human tumor cell line at 0.10 ug/mL,,Homo sapiens,9606.0,,1A9,
74,Intermediate,,,F,N,17099,Percent inhibition against 1A9 human tumor cell line at <0.00008 ug/mL,,Homo sapiens,9606.0,,1A9,
75,Intermediate,,,F,N,17099,Percent inhibition against 1A9 human tumor cell line at >10 ug/mL,,Homo sapiens,9606.0,,1A9,
76,Intermediate,,,F,N,17721,Inhibitory concentration against Jurkat cells,,Homo sapiens,9606.0,,Jurkat,
77,Intermediate,,,F,U,1229,In vitro anticancer activity against 2 NCI SCLC cell lines; inactive,,,,,,
78,Expert,,,A,D,11347,Inhibition of cytochrome P450 progesterone 2-alpha-hydroxylase,,Rattus norvegicus,10116.0,,,
79,Expert,,,B,H,17117,"In vitro inhibition of human 2,3-oxidosqualene cyclase.",,,,,,
80,Expert,,,B,H,17117,"In vitro inhibition of human 2,3-oxidosqualene cyclase.",,,,,,
81,Expert,,,B,H,17117,"In vitro inhibition of human 2,3-oxidosqualene cyclase at 100 nM.",,,,,,
82,Autocuration,,,B,H,11375,"Compound was evaluated for the inhibition of microsomal 2,3-oxidosqualene cyclase in Candida albicans microsomes",,Candida albicans,5476.0,,,Microsomes
83,Autocuration,,,B,H,11375,"Compound was evaluated for the inhibition of microsomal 2,3-oxidosqualene-lanosterol cyclase in Candida albicans microsomes",,Candida albicans,5476.0,,,Microsomes
84,Autocuration,,,B,H,11375,"Compound was evaluated for the inhibition of microsomal 2,3-oxidosqualene cyclase in Saccharomyces cerevisiae microsomes",,Saccharomyces cerevisiae,4932.0,,,Microsomes
85,Autocuration,,,B,H,11375,"Compound was evaluated for the inhibition of microsomal 2,3-oxidosqualene-lanosterol cyclase in Saccharomyces cerevisiae microsomes",,Saccharomyces cerevisiae,4932.0,,,Microsomes
86,Autocuration,,,B,H,11375,"Compound was evaluated for the inhibition of microsomal 2,3-oxidosqualene-lanosterol cyclase in pig liver microsomes",,Sus scrofa,9823.0,Liver,,Microsomes
87,Autocuration,,,B,H,791,"Concentration required to inhibit rat liver 2,3-oxidosqualene-lanosterol cyclase",,Rattus norvegicus,10116.0,,,
88,Autocuration,,,B,H,791,"Concentration required to inhibit rat liver 2,3-oxidosqualene-lanosterol cyclase (OSC)",,Rattus norvegicus,10116.0,,,
89,Autocuration,,,B,H,791,"Evaluated for its activity to inhibit rat liver 2,3-oxidosqualene-lanosterol cyclase, activity expressed as Ki",,Rattus norvegicus,10116.0,,,
90,Autocuration,,,B,D,11375,"Compound was evaluated for the inhibition of microsomal 2,3-oxidosqualene cyclase in rat liver microsomes",,Rattus norvegicus,10116.0,Liver,,Microsomes
91,Autocuration,,,B,D,11375,"Compound was evaluated for the inhibition of microsomal 2,3-oxidosqualene-lanosterol cyclase in rat liver microsomes",,Rattus norvegicus,10116.0,Liver,,Microsomes
92,Autocuration,,,B,D,153,"Compound was evaluated for inhibitory activity against 2,3-oxidosqualene-lanosterol cyclase in rat liver microsomes",,Rattus norvegicus,10116.0,Liver,,Microsomes
93,Expert,,,B,H,8269,Molar concentration needed to give 50% prevention of 2-5A (Adenosine dependent endoribonuclease),,,,,,
94,Expert,,,B,H,8269,Molar concentration required to displace 50% of the radiolabeled probe from 2-5A (Adenosine dependent endoribonuclease) in endonuclease-nitrocellulose complex,,,,,,
95,Expert,,,F,N,17653,In vitro cytotoxic concentration required to inhibit hepatitisB virus (HBV) replication in 2.2.15 cell line,,Homo sapiens,9606.0,,HepG2,
96,Intermediate,,,F,N,14277,50% Effective concentration of compound required for inhibiting intracellular viral replicative intermediate DNA in HBV-transfected 2.2.15 cell line.,,Homo sapiens,9606.0,,HepG2,
97,Intermediate,,,F,N,1717,Antiviral activity against Hepatitis B virus in 2.2.15 cell line,,Homo sapiens,9606.0,,HepG2,
98,Intermediate,,,F,N,14091,In vitro effective concentration against hepatitis B virus was determined in 2.2.15 cells,,Homo sapiens,9606.0,,HepG2,
99,Intermediate,,,F,N,14091,In vitro effective concentration against hepatitis B virus was determined in 2.2.15 cells; Not determined,,Homo sapiens,9606.0,,HepG2,
100,Expert,,,F,N,17653,In vitro effective concentration required to inhibit hepatitisB virus (HBV) replication in 2.2.15 cell line,,Hepatitis B virus,10407.0,,,
