AgencyID,Phone,CreditRating,FirstName,Age,OwnOrRentFlag,Country,Income,NumberCars,NumberChildren,MaritalStatus,Employer,NumberCreditCards,NetWorth
Iok7501,1-637-119-9996,580.0,wbwsqgtaa,7.0,U,United States of America,94490.0,3.0,,U,FM Global,,321776.0
tia7502,1-560-405-0048,683.0,QGJWCPAPZMWHYHZTNOYSSOQBI,48.0,R,Canada,7037.0,4.0,4.0,S,MGIC Investment,2.0,2292324.0
AOI7503,1-261-306-5079,411.0,BHGXDDPUMBESLQMNEPREPTZNNKM,14.0,O,,419269.0,1.0,5.0,M,Ross Stores,2.0,969707.0
PJQ7504,1-642-299-6655,818.0,Xgnvppcxgfnmawlupgfa,29.0,U,United States of America,76681.0,4.0,5.0,W,,9.0,3899461.0
SDV7505,,370.0,Tfiozpstcftslqtwkgngiiwo,69.0,R,United States of America,209116.0,2.0,4.0,U,Alliance One International,7.0,3749223.0
Hga7506,1-388-257-4273,833.0,fbcahlrhhjoslfzqvvwwvhk,47.0,O,,212203.0,0.0,0.0,U,Sally Beauty Holdings,6.0,3658531.0
Beo7507,,536.0,Dcgkohfcwyoaxckalqnkrzwq,0.0,U,Canada,42018.0,5.0,5.0,M,Wisconsin Energy,2.0,1738460.0
Qum7508,1-632-118-1891,775.0,Vmnmcsinflxxmmifydckncc,46.0,R,United States of America,90446.0,0.0,0.0,S,Carpenter Technology,0.0,3307296.0
Hud7509,1-853-806-4986,765.0,Vrkbkkxkddtximspigmlbwzt,6.0,R,United States of America,16274.0,1.0,1.0,M,Liberty Mutual Insurance Group,3.0,1816419.0
jba7510,1-220-687-2027,555.0,RMWCTFTLSVTMCBI,22.0,O,Canada,22215.0,5.0,2.0,M,Black & Decker,6.0,2599250.0
dgc7511,,,Zaijioc,72.0,O,United States of America,210038.0,5.0,1.0,M,Interstate Bakeries,3.0,490443.0
lql7512,1-268-630-3843,318.0,Mdwdjpdfmbqjaygkfqzqx,40.0,O,Canada,307402.0,4.0,5.0,M,eBay,9.0,3348923.0
Wsk7513,1-915-548-9541,613.0,Ccbccgvldfvoqtzestvkwunn,8.0,R,United States of America,,4.0,1.0,D,Boise,4.0,331799.0
Ffs7514,1-536-880-0961,786.0,nyakrhdyxravdnhgbtol,10.0,R,,432425.0,4.0,1.0,U,MDU Resources Group,4.0,1167013.0
Kvv7515,1-494-335-6022,,NDNBTVCLKSC,24.0,O,United States of America,122041.0,0.0,3.0,U,Freescale Semiconductor,10.0,3960216.0
mpz7516,1-814-158-3550,623.0,Zmstbluqkipzaojfsomtbdddguq,18.0,O,United States of America,302205.0,1.0,4.0,M,Superior Energy Services,5.0,242246.0
Jhc7517,1-420-580-0795,845.0,dpqgvuaoijmkxsesvililpxcrwqe,79.0,O,United States of America,367555.0,1.0,1.0,S,Monsanto,1.0,1217660.0
dbq7518,1-924-305-1666,645.0,IHUGYGSRDWILVOFBAKUR,36.0,U,United States of America,106025.0,4.0,5.0,M,Newfield Exploration,7.0,1229655.0
Xch7519,1-450-082-2122,495.0,aefotdcronamhkzsfpvifmobgchmsp,21.0,O,Canada,106690.0,2.0,2.0,W,Loews,1.0,1157831.0
oir7520,1-573-009-1404,371.0,jdeyqkerjerjpht,4.0,O,Canada,29373.0,2.0,2.0,M,Apache,8.0,
Fqb7521,1-603-897-9894,462.0,Lwihnxoihqqrvjydsijd,72.0,R,United States of America,168189.0,2.0,3.0,S,Robert Half International,1.0,
qex7522,1-947-161-6502,375.0,nmnervucuk,1.0,U,United States of America,264756.0,,,S,Viacom,7.0,3467922.0
Hpi7523,1-586-826-9847,516.0,hgjkxxbf,98.0,U,Canada,44480.0,1.0,2.0,S,Robert Half International,10.0,46859.0
Fjd7524,1-217-243-2668,703.0,Zangtryzlhmxo,35.0,R,Canada,87207.0,1.0,5.0,,CSX,,2937668.0
Cgt7525,1-857-211-5728,734.0,FFJGEQD,99.0,O,United States of America,238434.0,4.0,2.0,W,Country Financial Services,7.0,2388613.0
Lwx7526,1-089-966-6281,469.0,Pdcxrihnl,49.0,U,United States of America,,0.0,2.0,M,Procter & Gamble,4.0,3116283.0
epy7527,,595.0,Zckhcacwaelzutaodqalxyjrkh,72.0,O,United States of America,391354.0,3.0,0.0,S,Ingles Markets,2.0,2671950.0
Aff7528,1-231-342-6874,410.0,sqrosgqnpifxjx,41.0,O,United States of America,419165.0,3.0,0.0,U,Forest Laboratories,1.0,3899593.0
mfc7529,,475.0,Erqzkkllazeobgthnmgsbtj,54.0,O,Canada,396509.0,3.0,2.0,W,Dentsply International,10.0,2537332.0
Slf7530,1-602-637-1838,,Lcziayaozecoqqluasolkmmcldm,11.0,R,United States of America,145161.0,0.0,2.0,,RadioShack,2.0,733236.0
Cxu7531,1-003-982-8627,519.0,Gcnczmuxviqaxtsdzmzhtro,0.0,O,United States of America,263206.0,2.0,5.0,W,Century Aluminum,3.0,
GZO7532,1-136-358-6852,841.0,Rsoobsqytvjycob,27.0,U,United States of America,190371.0,3.0,3.0,D,,5.0,3397276.0
DRW7533,1-123-528-2965,540.0,Pjvadgt,95.0,O,United States of America,203968.0,3.0,1.0,U,FPL Group,6.0,2444257.0
set7534,1-136-565-2501,540.0,GUBKOKITTSKVYM,35.0,R,United States of America,428323.0,1.0,3.0,U,Lockheed Martin,10.0,71520.0
Pyo7535,1-317-986-1984,,NDIVVVBOQBDHPTNVKBVCBEIUSNBIZU,96.0,O,United States of America,159980.0,4.0,1.0,M,Sanmina-SCI,6.0,1911091.0
FSH7536,1-265-603-1262,424.0,Kuteauo,96.0,O,Canada,266852.0,0.0,0.0,W,Iron Mountain,6.0,988775.0
Tdx7537,,623.0,Hkfofpndygljbeo,49.0,R,United States of America,206973.0,5.0,5.0,M,OfficeMax,2.0,3919363.0
Sbn7538,1-156-668-6882,792.0,Kengxgsu,,O,Canada,258221.0,5.0,1.0,S,AMR,4.0,428918.0
Piq7539,1-164-648-3203,718.0,Plywuoa,27.0,O,United States of America,428508.0,4.0,4.0,S,Kohl's,6.0,58134.0
IXD7540,1-839-795-1027,401.0,zfcwsxpjzyqelkxg,98.0,O,,,4.0,0.0,M,Cigna,6.0,3703767.0
wsn7541,1-958-412-4252,557.0,Yxvczhqjwgnhowiu,,R,United States of America,58953.0,4.0,5.0,M,West,2.0,433859.0
Jkp7542,1-392-335-1020,393.0,Grkknjyfgbhtyrhxzeaoeoyirwfa,56.0,O,United States of America,409682.0,5.0,5.0,W,Monsanto,7.0,3002044.0
CCF7543,1-912-050-7605,557.0,Vfrdst,94.0,,United States of America,340191.0,2.0,4.0,M,Reliant Energy,10.0,1124168.0
ylj7544,1-075-551-9919,465.0,Hqcswumjvwbemosmy,98.0,O,United States of America,238216.0,4.0,5.0,U,Idearc,5.0,2081541.0
ZBB7545,1-013-611-2674,,Ectbhkmbvwkwdbn,8.0,O,Canada,113171.0,0.0,1.0,M,Neiman Marcus,6.0,1897076.0
fqe7546,1-656-865-7544,485.0,Bdbgqpllbnrmiirpct,90.0,,United States of America,234797.0,5.0,,W,O'Reilly Automotive,10.0,235172.0
Wpw7547,1-879-870-7379,303.0,Ftszluaxcsoxdfbmdd,34.0,,United States of America,225322.0,4.0,2.0,M,Cliffs Natural Resources,2.0,639573.0
vpz7548,1-366-625-9813,846.0,Qrdnpjquwnixfocqhsrlkcxmelwijl,25.0,O,Canada,192689.0,1.0,2.0,W,Health Management Associates,4.0,2667082.0
Yfz7549,1-359-462-7089,621.0,Kkiolpmrgzmnjanqc,50.0,O,Canada,348685.0,5.0,4.0,,Chevron,1.0,2598634.0
dou7550,,331.0,unzegilpp,85.0,O,United States of America,401229.0,3.0,4.0,D,Exide Technologies,,1074671.0
FDJ7551,1-153-396-8333,401.0,xetqkitwlh,60.0,R,United States of America,38597.0,5.0,4.0,M,Convergys,9.0,2272997.0
ufu7552,1-144-623-1308,644.0,TWRRGULRYKYUWZYBQQFMIFFKVK,95.0,R,United States of America,,2.0,2.0,S,Dominion Resources,0.0,702000.0
bbg7553,1-269-220-8046,769.0,Yqfljvgkfucafpjpamdtcppiipc,8.0,R,United States of America,161204.0,4.0,1.0,M,Sentry Insurance Group,5.0,1289800.0
Znk7554,1-052-524-0130,481.0,mjeasoritwctufyojamzbeeoo,31.0,O,,202650.0,3.0,4.0,M,Cintas,2.0,1007390.0
CGQ7555,1-335-871-6660,732.0,Udxaujgiratgthwkvdibgvwfo,51.0,O,Canada,,1.0,2.0,U,Medtronic,7.0,124290.0
add7556,1-637-394-8083,802.0,GHFUKZPOKMXWZF,24.0,O,United States of America,492433.0,4.0,4.0,M,Pride International,2.0,1820002.0
Anw7557,1-706-795-4208,329.0,ybtkiifyhbgchnuctnhnqspk,78.0,O,Canada,344858.0,2.0,4.0,M,A. Schulman,5.0,2200347.0
Hvt7558,1-622-347-5699,839.0,Fhkymmgjsbmpduuffgavhfcxm,56.0,R,United States of America,197290.0,5.0,0.0,W,Oneok,0.0,3669569.0
Yqj7559,1-042-017-9368,539.0,DEZDTMSMWKALBRPALCFIME,50.0,,United States of America,283654.0,2.0,,U,Danaher,,2140537.0
Ztn7560,1-829-935-5979,561.0,phoxfeiqoldgmnojmzunmargkla,52.0,R,United States of America,317423.0,4.0,5.0,M,Del Monte Foods,4.0,3258909.0
bni7561,1-076-726-5283,814.0,Upuabfflh,14.0,O,United States of America,399126.0,4.0,5.0,W,American Electric Power,2.0,1825422.0
swx7562,,305.0,owagfolbfwjzeg,29.0,R,United States of America,398180.0,5.0,0.0,M,TJX,7.0,1845263.0
DSA7563,1-284-129-5920,457.0,Qdmppehqxloc,50.0,O,United States of America,,2.0,4.0,S,Philip Morris International,4.0,1463114.0
BXZ7564,1-128-308-8886,349.0,jqbetxkci,67.0,O,United States of America,485429.0,4.0,1.0,U,Cincinnati Financial,8.0,2354683.0
pcz7565,1-145-469-5971,590.0,Wsmywgbvwspgdwhmdxsqjwqb,22.0,O,United States of America,118018.0,2.0,0.0,M,Stryker,0.0,436677.0
Zqa7566,1-727-684-7767,533.0,ocgwi,20.0,O,United States of America,309693.0,5.0,4.0,U,Kansas City Southern,0.0,2383335.0
Htl7567,1-776-201-2472,686.0,Pcotdnngmurhkcd,75.0,O,Canada,90718.0,4.0,0.0,W,IDT,9.0,2574739.0
afw7568,1-767-942-1278,582.0,bvcosqzcleknjzvkygbawlc,60.0,O,United States of America,280645.0,2.0,0.0,U,Vornado Realty Trust,10.0,1596838.0
Wna7569,1-723-062-7266,807.0,ECLENELTSXGTNWOP,,O,United States of America,231559.0,,4.0,S,Dollar General,0.0,591965.0
Mlh7570,,819.0,Xdwexmrjat,48.0,O,United States of America,36898.0,3.0,5.0,S,Safeway,3.0,3071440.0
Gor7571,1-145-314-0862,311.0,xjwnvwdryqpcehelwzfhkkiuus,91.0,R,United States of America,396786.0,2.0,0.0,M,Apache,5.0,2683081.0
ENX7572,1-735-104-7772,734.0,RNBABCYAFMQPBOHXNUXMXNU,98.0,O,United States of America,344365.0,2.0,5.0,U,Lowe's,3.0,3850483.0
fgr7573,,432.0,Eyrtrqkljywvbcice,51.0,O,United States of America,1205.0,4.0,1.0,W,Lithia Motors,1.0,1870617.0
Ysh7574,1-518-116-1411,394.0,Opybrukftspofebjmspkjsgtobzsp,22.0,O,United States of America,276666.0,5.0,0.0,S,CH2M Hill,3.0,1249534.0
Mos7575,1-696-359-4829,658.0,PVCKVZHJOWNWKSVIJIGLYWKGUKNXW,57.0,O,United States of America,497953.0,0.0,0.0,U,Tellabs,1.0,3789880.0
czu7576,1-352-678-5471,348.0,kpofwgtomgijnm,38.0,O,Canada,156048.0,1.0,2.0,M,Phillips-Van Heusen,3.0,3874445.0
Ghr7577,1-906-600-9749,598.0,Biflzgcqpqpbahquomftmjffohpwuy,68.0,O,United States of America,63617.0,1.0,5.0,M,Wells Fargo,8.0,437353.0
Rwk7578,1-093-018-2851,505.0,ybdlwlwxispyswbiegrbsqqtywxr,93.0,O,United States of America,244849.0,2.0,2.0,U,Vornado Realty Trust,9.0,2669917.0
Uwi7579,1-302-096-9321,839.0,Capzcewdt,48.0,R,United States of America,123585.0,4.0,3.0,S,New York Times,7.0,1466537.0
VXZ7580,1-915-044-3154,672.0,XKBLVBCCYKMIXABVTOTVPZCJRII,96.0,U,United States of America,391134.0,1.0,1.0,S,Adobe Systems,2.0,991860.0
Ayk7581,1-040-274-3474,696.0,wmknfemsztimaphftadowlmbnp,58.0,O,United States of America,426759.0,5.0,5.0,M,Valmont Industries,3.0,
lho7582,1-678-397-2739,448.0,DHLVITRFJDXLTPAGMPMJ,63.0,O,United States of America,451737.0,5.0,3.0,W,UAL,5.0,1816368.0
rzi7583,1-679-345-9939,549.0,Jdpqutldftwykfyhukveiaimoyyk,18.0,O,United States of America,180822.0,2.0,1.0,S,AFLAC,9.0,565246.0
Wds7584,1-093-616-0613,705.0,Qiwemtdba,40.0,O,United States of America,205843.0,4.0,2.0,W,VeraSun Energy,0.0,1899339.0
Xsj7585,1-546-131-8988,387.0,JQKEDISZ,29.0,O,United States of America,470985.0,4.0,3.0,M,Magellan Health Services,6.0,3873239.0
Lux7586,1-477-186-7432,359.0,Gfuwa,21.0,,United States of America,318225.0,2.0,1.0,U,Emcor Group,7.0,767547.0
wxw7587,1-965-848-6954,494.0,CTTUYHUUMMDTX,41.0,O,Canada,326044.0,2.0,2.0,M,Peabody Energy,9.0,1027999.0
pfz7588,1-622-866-0937,345.0,Wvtqm,56.0,,United States of America,,1.0,1.0,M,State Farm Insurance Cos.,10.0,3428495.0
hlx7589,1-040-217-2014,402.0,xuwgpsvzcpxtoerndtr,33.0,O,United States of America,187282.0,2.0,0.0,M,Humana,10.0,1827180.0
nyb7590,1-101-684-2373,579.0,Hnnzpokbygacjjgybkskf,96.0,O,United States of America,,2.0,0.0,M,News Corp.,3.0,2070007.0
Ltt7591,1-386-426-5849,569.0,qsnivsknktiwjpqwnrlgftnmsrxkjc,35.0,O,United States of America,,2.0,0.0,,Torchmark,2.0,
gsz7592,1-598-816-0126,745.0,pygsfvfpeofkdcugfvxdsqgmcgebfp,40.0,O,United States of America,306946.0,0.0,4.0,W,Rock-Tenn,9.0,3596263.0
Kwp7593,1-770-379-7700,320.0,Zgxsuo,10.0,U,,99663.0,0.0,,D,AGCO,1.0,3719999.0
AGM7594,,591.0,ganifmdaqbltccwbqijtkypcetuq,59.0,R,United States of America,482013.0,2.0,4.0,M,,4.0,3058439.0
Ocn7595,1-628-245-6238,,IYCOMORWDFSEKN,70.0,U,United States of America,180476.0,1.0,0.0,M,United Stationers,10.0,2592932.0
Cmw7596,1-813-787-2611,417.0,vdvdlfz,69.0,,United States of America,285682.0,4.0,5.0,M,McCormick,5.0,1471273.0
Dit7597,1-362-897-1162,338.0,Sbwymtnwzhffkwjczlsnvrtcv,96.0,R,United States of America,455032.0,0.0,5.0,M,National Life Group,8.0,
Rmm7598,1-952-919-4878,340.0,qjjwbffbgxilxyarhjwdvo,9.0,O,United States of America,356141.0,3.0,,S,Hasbro,9.0,2410816.0
ekj7599,1-145-214-8009,738.0,JIXUQX,39.0,U,Canada,165667.0,3.0,3.0,U,Tupperware Brands,5.0,1059543.0
wcq7600,1-328-944-9786,597.0,Eqrxuc,31.0,O,United States of America,459767.0,0.0,2.0,S,Covance,7.0,379282.0
