AgeID,Ph,In,NuCa,NumChil,MaSt,A,CreRat,OOReF,Empl,NumCreCa,NWo
Iok7501,1-637-119-9996,94490.0,3.0,,U,7.0,580.0,U,FM Global,,321776.0
tia7502,1-560-405-0048,7037.0,4.0,4.0,S,48.0,683.0,R,MGIC Investment,2.0,2292324.0
AOI7503,1-261-306-5079,419269.0,1.0,5.0,M,14.0,411.0,O,Ross Stores,2.0,969707.0
PJQ7504,1-642-299-6655,76681.0,4.0,5.0,W,29.0,818.0,U,,9.0,3899461.0
SDV7505,,209116.0,2.0,4.0,U,69.0,370.0,R,Alliance One International,7.0,3749223.0
Hga7506,1-388-257-4273,212203.0,0.0,0.0,U,47.0,833.0,O,Sally Beauty Holdings,6.0,3658531.0
Beo7507,,42018.0,5.0,5.0,M,0.0,536.0,U,Wisconsin Energy,2.0,1738460.0
Qum7508,1-632-118-1891,90446.0,0.0,0.0,S,46.0,775.0,R,Carpenter Technology,0.0,3307296.0
Hud7509,1-853-806-4986,16274.0,1.0,1.0,M,6.0,765.0,R,Liberty Mutual Insurance Group,3.0,1816419.0
jba7510,1-220-687-2027,22215.0,5.0,2.0,M,22.0,555.0,O,Black & Decker,6.0,2599250.0
dgc7511,,210038.0,5.0,1.0,M,72.0,,O,Interstate Bakeries,3.0,490443.0
lql7512,1-268-630-3843,307402.0,4.0,5.0,M,40.0,318.0,O,eBay,9.0,3348923.0
Wsk7513,1-915-548-9541,,4.0,1.0,D,8.0,613.0,R,Boise,4.0,331799.0
Ffs7514,1-536-880-0961,432425.0,4.0,1.0,U,10.0,786.0,R,MDU Resources Group,4.0,1167013.0
Kvv7515,1-494-335-6022,122041.0,0.0,3.0,U,24.0,,O,Freescale Semiconductor,10.0,3960216.0
mpz7516,1-814-158-3550,302205.0,1.0,4.0,M,18.0,623.0,O,Superior Energy Services,5.0,242246.0
Jhc7517,1-420-580-0795,367555.0,1.0,1.0,S,79.0,845.0,O,Monsanto,1.0,1217660.0
dbq7518,1-924-305-1666,106025.0,4.0,5.0,M,36.0,645.0,U,Newfield Exploration,7.0,1229655.0
Xch7519,1-450-082-2122,106690.0,2.0,2.0,W,21.0,495.0,O,Loews,1.0,1157831.0
oir7520,1-573-009-1404,29373.0,2.0,2.0,M,4.0,371.0,O,Apache,8.0,
Fqb7521,1-603-897-9894,168189.0,2.0,3.0,S,72.0,462.0,R,Robert Half International,1.0,
qex7522,1-947-161-6502,264756.0,,,S,1.0,375.0,U,Viacom,7.0,3467922.0
Hpi7523,1-586-826-9847,44480.0,1.0,2.0,S,98.0,516.0,U,Robert Half International,10.0,46859.0
Fjd7524,1-217-243-2668,87207.0,1.0,5.0,,35.0,703.0,R,CSX,,2937668.0
Cgt7525,1-857-211-5728,238434.0,4.0,2.0,W,99.0,734.0,O,Country Financial Services,7.0,2388613.0
Lwx7526,1-089-966-6281,,0.0,2.0,M,49.0,469.0,U,Procter & Gamble,4.0,3116283.0
epy7527,,391354.0,3.0,0.0,S,72.0,595.0,O,Ingles Markets,2.0,2671950.0
Aff7528,1-231-342-6874,419165.0,3.0,0.0,U,41.0,410.0,O,Forest Laboratories,1.0,3899593.0
mfc7529,,396509.0,3.0,2.0,W,54.0,475.0,O,Dentsply International,10.0,2537332.0
Slf7530,1-602-637-1838,145161.0,0.0,2.0,,11.0,,R,RadioShack,2.0,733236.0
Cxu7531,1-003-982-8627,263206.0,2.0,5.0,W,0.0,519.0,O,Century Aluminum,3.0,
GZO7532,1-136-358-6852,190371.0,3.0,3.0,D,27.0,841.0,U,,5.0,3397276.0
DRW7533,1-123-528-2965,203968.0,3.0,1.0,U,95.0,540.0,O,FPL Group,6.0,2444257.0
set7534,1-136-565-2501,428323.0,1.0,3.0,U,35.0,540.0,R,Lockheed Martin,10.0,71520.0
Pyo7535,1-317-986-1984,159980.0,4.0,1.0,M,96.0,,O,Sanmina-SCI,6.0,1911091.0
FSH7536,1-265-603-1262,266852.0,0.0,0.0,W,96.0,424.0,O,Iron Mountain,6.0,988775.0
Tdx7537,,206973.0,5.0,5.0,M,49.0,623.0,R,OfficeMax,2.0,3919363.0
Sbn7538,1-156-668-6882,258221.0,5.0,1.0,S,,792.0,O,AMR,4.0,428918.0
Piq7539,1-164-648-3203,428508.0,4.0,4.0,S,27.0,718.0,O,Kohl's,6.0,58134.0
IXD7540,1-839-795-1027,,4.0,0.0,M,98.0,401.0,O,Cigna,6.0,3703767.0
wsn7541,1-958-412-4252,58953.0,4.0,5.0,M,,557.0,R,West,2.0,433859.0
Jkp7542,1-392-335-1020,409682.0,5.0,5.0,W,56.0,393.0,O,Monsanto,7.0,3002044.0
CCF7543,1-912-050-7605,340191.0,2.0,4.0,M,94.0,557.0,,Reliant Energy,10.0,1124168.0
ylj7544,1-075-551-9919,238216.0,4.0,5.0,U,98.0,465.0,O,Idearc,5.0,2081541.0
ZBB7545,1-013-611-2674,113171.0,0.0,1.0,M,8.0,,O,Neiman Marcus,6.0,1897076.0
fqe7546,1-656-865-7544,234797.0,5.0,,W,90.0,485.0,,O'Reilly Automotive,10.0,235172.0
Wpw7547,1-879-870-7379,225322.0,4.0,2.0,M,34.0,303.0,,Cliffs Natural Resources,2.0,639573.0
vpz7548,1-366-625-9813,192689.0,1.0,2.0,W,25.0,846.0,O,Health Management Associates,4.0,2667082.0
Yfz7549,1-359-462-7089,348685.0,5.0,4.0,,50.0,621.0,O,Chevron,1.0,2598634.0
dou7550,,401229.0,3.0,4.0,D,85.0,331.0,O,Exide Technologies,,1074671.0
FDJ7551,1-153-396-8333,38597.0,5.0,4.0,M,60.0,401.0,R,Convergys,9.0,2272997.0
ufu7552,1-144-623-1308,,2.0,2.0,S,95.0,644.0,R,Dominion Resources,0.0,702000.0
bbg7553,1-269-220-8046,161204.0,4.0,1.0,M,8.0,769.0,R,Sentry Insurance Group,5.0,1289800.0
Znk7554,1-052-524-0130,202650.0,3.0,4.0,M,31.0,481.0,O,Cintas,2.0,1007390.0
CGQ7555,1-335-871-6660,,1.0,2.0,U,51.0,732.0,O,Medtronic,7.0,124290.0
add7556,1-637-394-8083,492433.0,4.0,4.0,M,24.0,802.0,O,Pride International,2.0,1820002.0
Anw7557,1-706-795-4208,344858.0,2.0,4.0,M,78.0,329.0,O,A. Schulman,5.0,2200347.0
Hvt7558,1-622-347-5699,197290.0,5.0,0.0,W,56.0,839.0,R,Oneok,0.0,3669569.0
Yqj7559,1-042-017-9368,283654.0,2.0,,U,50.0,539.0,,Danaher,,2140537.0
Ztn7560,1-829-935-5979,317423.0,4.0,5.0,M,52.0,561.0,R,Del Monte Foods,4.0,3258909.0
bni7561,1-076-726-5283,399126.0,4.0,5.0,W,14.0,814.0,O,American Electric Power,2.0,1825422.0
swx7562,,398180.0,5.0,0.0,M,29.0,305.0,R,TJX,7.0,1845263.0
DSA7563,1-284-129-5920,,2.0,4.0,S,50.0,457.0,O,Philip Morris International,4.0,1463114.0
BXZ7564,1-128-308-8886,485429.0,4.0,1.0,U,67.0,349.0,O,Cincinnati Financial,8.0,2354683.0
pcz7565,1-145-469-5971,118018.0,2.0,0.0,M,22.0,590.0,O,Stryker,0.0,436677.0
Zqa7566,1-727-684-7767,309693.0,5.0,4.0,U,20.0,533.0,O,Kansas City Southern,0.0,2383335.0
Htl7567,1-776-201-2472,90718.0,4.0,0.0,W,75.0,686.0,O,IDT,9.0,2574739.0
afw7568,1-767-942-1278,280645.0,2.0,0.0,U,60.0,582.0,O,Vornado Realty Trust,10.0,1596838.0
Wna7569,1-723-062-7266,231559.0,,4.0,S,,807.0,O,Dollar General,0.0,591965.0
Mlh7570,,36898.0,3.0,5.0,S,48.0,819.0,O,Safeway,3.0,3071440.0
Gor7571,1-145-314-0862,396786.0,2.0,0.0,M,91.0,311.0,R,Apache,5.0,2683081.0
ENX7572,1-735-104-7772,344365.0,2.0,5.0,U,98.0,734.0,O,Lowe's,3.0,3850483.0
fgr7573,,1205.0,4.0,1.0,W,51.0,432.0,O,Lithia Motors,1.0,1870617.0
Ysh7574,1-518-116-1411,276666.0,5.0,0.0,S,22.0,394.0,O,CH2M Hill,3.0,1249534.0
Mos7575,1-696-359-4829,497953.0,0.0,0.0,U,57.0,658.0,O,Tellabs,1.0,3789880.0
czu7576,1-352-678-5471,156048.0,1.0,2.0,M,38.0,348.0,O,Phillips-Van Heusen,3.0,3874445.0
Ghr7577,1-906-600-9749,63617.0,1.0,5.0,M,68.0,598.0,O,Wells Fargo,8.0,437353.0
Rwk7578,1-093-018-2851,244849.0,2.0,2.0,U,93.0,505.0,O,Vornado Realty Trust,9.0,2669917.0
Uwi7579,1-302-096-9321,123585.0,4.0,3.0,S,48.0,839.0,R,New York Times,7.0,1466537.0
VXZ7580,1-915-044-3154,391134.0,1.0,1.0,S,96.0,672.0,U,Adobe Systems,2.0,991860.0
Ayk7581,1-040-274-3474,426759.0,5.0,5.0,M,58.0,696.0,O,Valmont Industries,3.0,
lho7582,1-678-397-2739,451737.0,5.0,3.0,W,63.0,448.0,O,UAL,5.0,1816368.0
rzi7583,1-679-345-9939,180822.0,2.0,1.0,S,18.0,549.0,O,AFLAC,9.0,565246.0
Wds7584,1-093-616-0613,205843.0,4.0,2.0,W,40.0,705.0,O,VeraSun Energy,0.0,1899339.0
Xsj7585,1-546-131-8988,470985.0,4.0,3.0,M,29.0,387.0,O,Magellan Health Services,6.0,3873239.0
Lux7586,1-477-186-7432,318225.0,2.0,1.0,U,21.0,359.0,,Emcor Group,7.0,767547.0
wxw7587,1-965-848-6954,326044.0,2.0,2.0,M,41.0,494.0,O,Peabody Energy,9.0,1027999.0
pfz7588,1-622-866-0937,,1.0,1.0,M,56.0,345.0,,State Farm Insurance Cos.,10.0,3428495.0
hlx7589,1-040-217-2014,187282.0,2.0,0.0,M,33.0,402.0,O,Humana,10.0,1827180.0
nyb7590,1-101-684-2373,,2.0,0.0,M,96.0,579.0,O,News Corp.,3.0,2070007.0
Ltt7591,1-386-426-5849,,2.0,0.0,,35.0,569.0,O,Torchmark,2.0,
gsz7592,1-598-816-0126,306946.0,0.0,4.0,W,40.0,745.0,O,Rock-Tenn,9.0,3596263.0
Kwp7593,1-770-379-7700,99663.0,0.0,,D,10.0,320.0,U,AGCO,1.0,3719999.0
AGM7594,,482013.0,2.0,4.0,M,59.0,591.0,R,,4.0,3058439.0
Ocn7595,1-628-245-6238,180476.0,1.0,0.0,M,70.0,,U,United Stationers,10.0,2592932.0
Cmw7596,1-813-787-2611,285682.0,4.0,5.0,M,69.0,417.0,,McCormick,5.0,1471273.0
Dit7597,1-362-897-1162,455032.0,0.0,5.0,M,96.0,338.0,R,National Life Group,8.0,
Rmm7598,1-952-919-4878,356141.0,3.0,,S,9.0,340.0,O,Hasbro,9.0,2410816.0
ekj7599,1-145-214-8009,165667.0,3.0,3.0,U,39.0,738.0,U,Tupperware Brands,5.0,1059543.0
wcq7600,1-328-944-9786,459767.0,0.0,2.0,S,31.0,597.0,O,Covance,7.0,379282.0
